Date,SMALL LoOP,ME1 OP2,ME1 OP3,ME1 OP4,SMALL HiOP,ME2 OP1,ME2 OP2,ME2 OP3,ME2 OP4,ME2 OP5,ME3 OP1,ME3 OP2,ME3 OP3,ME3 OP4,ME3 OP5,ME4 OP1,ME4 OP2,ME4 OP3,ME4 OP4,ME4 OP5,BIG LoOP,ME5 OP2,ME5 OP3,ME5 OP4,BIG HiOP
199007   ,2.59   ,1.94   ,1.47   ,0.47   ,4.73   ,1.10  ,-1.62   ,1.20  ,-1.74   ,3.99   ,1.74   ,1.88   ,6.06   ,1.79   ,2.86   ,3.01   ,2.92   ,2.00   ,4.10   ,4.70   ,3.00   ,3.47   ,8.02   ,4.95   ,5.99
199008  ,-2.25   ,0.12  ,-0.42   ,4.05   ,0.12   ,4.95   ,4.29  ,-1.77  ,-1.19  ,-3.79 ,-10.27 ,-14.58  ,-5.55  ,-2.77  ,-2.72  ,-4.39  ,-6.98  ,-4.34  ,-7.20  ,-3.93  ,-9.15  ,-6.31  ,-2.79  ,-7.55  ,-8.64
199009  ,-7.10  ,-2.88  ,-2.70  ,-2.30  ,-1.73  ,-0.02  ,-7.10  ,-1.78  ,-4.67  ,-4.28  ,-1.93 ,-10.13  ,-5.82  ,-4.69   ,0.07  ,-4.05  ,-1.56  ,-7.03  ,-9.17  ,-4.54 ,-11.11 ,-12.53  ,-5.49  ,-9.11  ,-7.87
199010 ,-11.05  ,-5.82  ,-7.28 ,-15.45  ,-6.77  ,-7.08  ,-9.60  ,-7.98  ,-6.45  ,-3.59  ,-3.50  ,-5.65  ,-4.42  ,-9.73  ,-7.03  ,-8.19  ,-3.20  ,-8.99  ,-5.10  ,-3.68   ,1.39   ,1.01  ,-3.45  ,-4.97   ,1.93
199011  ,-3.95  ,-3.57  ,-2.47  ,-2.36  ,-3.34  ,-3.91  ,-9.30  ,-1.90  ,-2.12   ,0.70  ,-3.36  ,-3.26  ,-4.39  ,-7.17  ,-2.23  ,-9.98   ,1.73  ,-5.48  ,-1.76  ,-9.85  ,-4.79  ,-0.94  ,-1.91  ,-2.24   ,0.01
199012  ,-2.73  ,-3.11  ,-3.52  ,-3.81  ,-3.83   ,0.32  ,-2.77  ,-2.45  ,-1.32  ,-3.52  ,-3.77  ,-3.50  ,-0.33  ,-5.25  ,-4.13  ,-3.01  ,-0.96   ,0.44  ,-1.04  ,-1.50  ,-0.77  ,-0.20  ,-2.95  ,-1.68   ,3.06
199101  ,-1.07   ,1.14   ,0.73   ,1.64   ,2.29   ,6.70  ,-3.89   ,1.19   ,4.04   ,4.30   ,5.89   ,4.01   ,3.35  ,-2.19   ,4.73   ,0.43   ,7.38   ,5.39   ,4.09   ,1.31   ,5.94   ,7.60   ,4.97   ,6.72   ,6.73
199102   ,2.17   ,6.57   ,1.80   ,1.81  ,11.13   ,2.73   ,3.94   ,6.91   ,6.21  ,13.53  ,10.92  ,14.76   ,8.61   ,7.37   ,8.30  ,10.79   ,9.04  ,11.71   ,7.14   ,7.81   ,9.56  ,10.44   ,7.11   ,8.09   ,9.11
199103   ,5.22  ,-0.40   ,1.88   ,1.78   ,1.69   ,4.42   ,0.01   ,1.20   ,6.16  ,-0.46   ,3.59  ,-2.36  ,-0.03   ,2.29   ,2.43   ,0.66   ,0.46   ,2.25   ,3.25   ,2.40   ,4.00   ,7.07   ,5.18   ,1.27   ,0.85
199104   ,6.65   ,5.17   ,3.71   ,1.95   ,9.02   ,6.97   ,3.73   ,8.19   ,7.00   ,5.00   ,0.65   ,1.76   ,2.59   ,4.90   ,4.15   ,3.25   ,3.97   ,6.21   ,5.89   ,3.36  ,-0.74   ,1.37   ,4.80   ,6.67   ,0.32
199105  ,-0.90   ,0.75  ,-2.46  ,-5.49  ,-2.63   ,5.71  ,-3.28   ,2.75  ,-0.36  ,-2.87  ,-2.33  ,-2.81  ,-2.96  ,-0.69  ,-4.79  ,-3.13   ,0.18  ,-4.60   ,1.75  ,-2.65   ,0.30   ,0.83   ,0.51  ,-4.59   ,2.32
199106   ,3.70  ,-1.89   ,0.89   ,0.29   ,1.77   ,4.61  ,-2.28   ,1.70   ,0.83  ,-0.85  ,-4.23  ,-3.88  ,-1.67   ,0.66   ,0.22   ,1.53   ,0.05  ,-2.78  ,-1.59   ,5.93  ,-0.85  ,-1.02   ,1.12   ,1.65  ,-1.45
199107   ,7.19   ,4.03   ,3.03   ,7.52   ,5.39   ,8.14   ,5.17   ,5.14   ,5.72   ,4.80   ,2.56   ,4.10   ,5.35   ,3.90   ,4.00   ,4.30   ,7.41   ,2.96   ,5.56   ,3.84   ,6.76  ,11.09   ,8.49   ,3.86   ,5.24
199108  ,-1.68   ,0.66  ,-0.14  ,-1.95   ,1.06   ,0.47  ,-2.03  ,-1.39  ,-1.53  ,-1.78  ,-2.92  ,-0.70  ,-1.72   ,2.85  ,-0.67  ,-1.19  ,-1.15  ,-1.49  ,-3.70  ,-3.77  ,-1.46  ,-2.13  ,-2.50  ,-1.54   ,0.22
199109   ,4.83   ,4.11   ,5.49   ,6.11   ,1.86   ,1.12  ,-2.82   ,6.04   ,1.75   ,3.87   ,2.54   ,0.84   ,1.08   ,0.17   ,3.02   ,2.07   ,2.20   ,0.28   ,2.36  ,-1.25   ,0.07   ,0.14   ,1.34   ,0.26   ,2.55
199110   ,9.84   ,4.30   ,3.31   ,7.48   ,5.28   ,5.57   ,6.78   ,1.89   ,3.05   ,2.73   ,5.26   ,0.44   ,3.29   ,2.01   ,7.63   ,3.22   ,4.77   ,1.85   ,3.61   ,1.27   ,2.83   ,2.27   ,4.74   ,3.70   ,5.80
199111   ,1.66   ,3.83   ,1.86   ,2.63   ,3.67   ,2.55   ,0.23   ,4.02  ,-2.04   ,2.05   ,1.51   ,5.40   ,1.87   ,4.73   ,2.04   ,0.56   ,0.61   ,2.33  ,-0.78   ,4.69  ,-1.32   ,1.62   ,0.46  ,-1.64  ,-2.43
199112  ,-2.05  ,-0.86  ,-1.73  ,-0.71  ,-0.47  ,-1.44  ,-2.47   ,0.16   ,2.36   ,0.14  ,-1.61   ,0.88  ,-0.21   ,0.48   ,0.19   ,2.68   ,0.44   ,3.11   ,1.10   ,1.90   ,1.62   ,2.89   ,3.17   ,0.61   ,0.87
199201   ,4.03   ,0.60  ,-1.86   ,1.00   ,4.02   ,0.38  ,-0.12   ,0.45   ,2.74   ,3.34   ,4.55   ,2.52   ,1.08   ,0.08   ,5.00   ,2.46  ,-0.21   ,2.01  ,-0.47   ,1.35  ,-0.16   ,6.51   ,3.06  ,-0.43  ,-0.34
199202   ,3.42   ,6.16   ,6.09   ,4.85   ,3.66   ,2.80   ,2.97   ,0.08   ,2.89   ,3.40  ,-2.16   ,0.54   ,4.08   ,0.03   ,1.45  ,-1.62   ,2.69  ,-0.80   ,5.00   ,1.74  ,-0.73   ,5.42   ,2.79  ,-0.33   ,2.10
199203   ,1.27   ,4.98   ,0.46  ,-2.29   ,1.39  ,-4.78  ,-4.16  ,-1.18   ,0.57  ,-2.03  ,-0.84  ,-0.89   ,1.45   ,0.40   ,1.33   ,0.19   ,0.91  ,-0.04   ,0.71   ,2.06  ,-1.33  ,-1.47  ,-0.75   ,1.17   ,0.34
199204  ,-2.27   ,2.78   ,0.60  ,-1.00   ,0.87  ,-1.57   ,1.94   ,5.00   ,4.67   ,3.50   ,0.52   ,5.12   ,6.47   ,6.15   ,2.81   ,1.92   ,2.80   ,4.60   ,4.51   ,2.79   ,3.67   ,8.58   ,7.15   ,4.09   ,5.68
199205   ,5.96   ,6.38   ,5.30   ,7.33   ,4.05   ,6.28   ,8.30   ,1.72   ,5.57   ,2.52   ,9.79  ,14.06   ,9.22   ,6.21   ,4.63   ,7.57  ,13.20   ,9.07   ,4.65   ,6.50   ,4.66  ,17.99   ,9.33   ,3.34   ,4.01
199206  ,-2.79   ,0.07  ,-2.01   ,0.33   ,0.84  ,-0.83   ,1.25  ,-0.50  ,-0.66  ,-0.06  ,-1.58   ,1.52   ,0.29  ,-2.06  ,-1.10   ,1.44   ,0.79  ,-1.15  ,-4.05   ,2.88  ,-0.90  ,-0.32  ,-1.40  ,-2.22  ,-3.66
199207   ,0.13   ,1.32   ,0.52   ,1.88   ,0.92  ,-2.72  ,-3.85  ,-3.72  ,-6.20  ,-0.69  ,-3.40  ,-2.59  ,-5.48   ,0.60  ,-1.02  ,-5.03  ,-5.21  ,-2.29  ,-0.63  ,-2.42  ,-5.63  ,-3.36  ,-7.13  ,-0.38  ,-2.88
199208  ,-6.33  ,-2.45  ,-2.93  ,-3.20  ,-4.27  ,-6.96  ,-6.82  ,-5.41  ,-5.85  ,-6.07  ,-6.79  ,-5.46  ,-4.44  ,-3.96  ,-5.63  ,-6.38  ,-7.87  ,-6.02  ,-3.82  ,-8.22  ,-7.61  ,-4.11  ,-6.67  ,-5.78  ,-5.58
199209  ,-1.37  ,-1.56  ,-0.58  ,-1.02  ,-0.14  ,-0.48  ,-0.19  ,-0.07  ,-3.74  ,-3.05  ,-1.36  ,-0.26  ,-4.41  ,-2.08   ,3.47  ,-0.81  ,-0.06  ,-3.52  ,-2.73   ,0.09  ,-4.52  ,-0.88  ,-2.58  ,-1.67  ,-4.07
199210  ,-2.99  ,-1.58   ,2.36   ,8.43  ,-0.97  ,-1.92   ,3.11   ,5.27  ,-0.78   ,1.87   ,0.51  ,-0.35   ,2.85   ,2.58   ,9.21   ,3.21   ,2.14   ,2.26  ,-3.95   ,3.03   ,8.03   ,4.97   ,5.21   ,1.27   ,1.32
199211  ,-0.28   ,2.00   ,1.25   ,6.97   ,2.10   ,3.13   ,0.88   ,3.50   ,2.95   ,0.08   ,0.91   ,7.54  ,-1.76   ,0.26  ,-0.94   ,2.54  ,-1.54  ,-0.11   ,0.13   ,0.16  ,-5.26  ,-2.37  ,-5.68  ,-2.32   ,0.55
199212   ,2.41  ,10.62   ,2.43  ,-0.15   ,2.27   ,2.61  ,-1.17   ,0.94   ,2.90   ,1.45  ,-0.08   ,0.73  ,-0.27   ,0.66   ,3.46   ,1.29  ,-4.37   ,0.68   ,1.31   ,0.74  ,-5.42  ,-3.66  ,-1.47   ,4.05   ,6.13
199301   ,2.63   ,0.28   ,5.87   ,2.89   ,2.83   ,0.77   ,4.72   ,3.70   ,3.51   ,1.08  ,-0.70  ,-0.29   ,4.87   ,0.48   ,2.29   ,2.59   ,1.38   ,2.31   ,3.14   ,1.97   ,4.00  ,-0.47   ,1.84  ,-0.02   ,0.63
199302   ,9.00   ,8.02   ,8.27   ,6.09   ,5.55   ,7.48   ,6.96   ,6.24   ,8.19   ,3.72   ,7.58   ,6.08   ,4.78   ,7.75   ,9.25   ,6.25   ,8.18   ,3.83   ,5.40   ,7.80  ,10.12  ,11.49  ,10.44   ,6.99   ,6.68
199303  ,10.25   ,6.66   ,5.74   ,5.56   ,6.11   ,5.06   ,6.19   ,4.90   ,7.06   ,6.87   ,7.45   ,4.26   ,3.20   ,5.43   ,9.77   ,2.83   ,2.59   ,1.73  ,11.38   ,5.89   ,0.20  ,-1.96   ,1.77   ,4.07   ,2.16
199304  ,10.70   ,7.21   ,8.66  ,12.89   ,5.87   ,7.57  ,17.70   ,5.69   ,9.70  ,13.30   ,7.42   ,9.80   ,6.30   ,5.33   ,6.98   ,9.43  ,10.65   ,7.61   ,3.30   ,6.19   ,8.62   ,6.14   ,7.36   ,3.34   ,1.53
199305  ,12.59   ,7.32   ,7.73  ,15.35   ,7.76  ,-1.19   ,8.33  ,12.73   ,9.20   ,6.29   ,6.29   ,5.59   ,7.19   ,5.11   ,5.62   ,4.85  ,12.56   ,5.52   ,4.74   ,3.92   ,6.62   ,6.51   ,7.12   ,2.48   ,2.94
199306   ,0.76   ,6.50   ,0.37   ,8.82  ,-1.39   ,9.07  ,-4.20  ,-2.98  ,-1.31   ,0.71  ,-1.66  ,-3.74  ,-1.60  ,-2.69  ,-2.78  ,-3.43  ,-4.28  ,-1.24  ,-1.64  ,-2.68  ,-4.23  ,-4.97  ,-3.90  ,-1.23  ,-2.43
199307  ,13.51   ,8.27   ,4.38   ,7.09   ,4.46  ,-1.59   ,1.95   ,1.00   ,3.45   ,2.07  ,-3.71  ,-1.28   ,3.20   ,4.15   ,1.54  ,-5.25   ,0.00   ,1.75   ,6.09   ,8.16   ,2.52   ,2.07   ,0.35   ,4.09   ,4.63
199308   ,4.48   ,7.43   ,6.65   ,5.94   ,5.86   ,5.91   ,6.33   ,3.15   ,8.45   ,4.57   ,7.02   ,4.95   ,4.90   ,1.97   ,4.02   ,8.86   ,7.29   ,9.32   ,3.75   ,1.64   ,7.29   ,9.44   ,6.12   ,3.40   ,9.54
199309  ,-6.22  ,-0.44  ,-2.40  ,-0.37  ,-5.52  ,-0.63  ,-5.27  ,-1.45  ,-0.82   ,1.71  ,-2.95   ,2.58  ,-3.82  ,-2.24  ,-1.08  ,-0.78  ,-0.25   ,0.56  ,-3.57  ,-3.97   ,1.45   ,3.73   ,1.71  ,-1.78   ,0.61
199310  ,11.23  ,11.69   ,6.63   ,9.36  ,11.26  ,10.81  ,14.83  ,10.31   ,7.95   ,9.39  ,12.82   ,6.86  ,12.15  ,16.79  ,13.91  ,12.69  ,17.45  ,12.56  ,11.92  ,12.75  ,22.75  ,15.49  ,20.68  ,10.96  ,17.60
199311  ,-2.81   ,7.44   ,1.46   ,0.44  ,-0.63  ,-1.88   ,1.18   ,1.01   ,0.38   ,0.61  ,-0.03   ,0.15   ,0.77  ,-5.08   ,0.70   ,1.33  ,-1.86  ,-3.27  ,-2.86   ,0.31  ,-1.25  ,-4.74   ,1.19  ,-3.76  ,-4.74
199312  ,18.13  ,11.21  ,16.51  ,17.27   ,9.94  ,15.49  ,19.09  ,15.28   ,9.92  ,12.92  ,18.91  ,20.97  ,21.34  ,13.17  ,16.11  ,18.71  ,15.76  ,11.37  ,13.02  ,12.52  ,26.06  ,24.93  ,31.26  ,16.06  ,14.99
199401  ,17.78  ,15.36   ,8.44  ,10.96   ,3.29   ,1.20   ,4.91   ,2.44   ,2.63  ,-1.62   ,3.64   ,3.29   ,1.81   ,7.90  ,-3.63  ,-3.92   ,3.61   ,3.58   ,8.67  ,-2.61   ,2.89  ,-1.00  ,-0.16   ,4.30  ,-0.71
199402   ,1.54  ,-0.94  ,-0.29  ,-0.65  ,-0.89  ,-0.21  ,-1.07   ,0.16   ,2.34  ,-3.96  ,-2.63  ,-2.70  ,-3.64  ,-5.87  ,-2.24   ,0.21  ,-5.18  ,-3.24  ,-4.28  ,-5.06  ,-7.37  ,-6.47  ,-8.94  ,-5.82  ,-7.74
199403 ,-10.75 ,-10.30  ,-7.71  ,-8.68  ,-9.29 ,-12.35 ,-14.45  ,-8.02  ,-7.50  ,-5.23 ,-10.73  ,-9.35  ,-8.23 ,-11.40  ,-8.35 ,-14.70  ,-9.58  ,-9.71  ,-6.83  ,-4.35 ,-10.43 ,-11.17  ,-8.41  ,-9.97  ,-9.26
199404  ,-0.20  ,-0.00   ,0.44  ,-0.10  ,-1.56   ,3.92   ,4.36   ,1.45   ,2.02  ,-0.41   ,0.67   ,7.64   ,3.63   ,1.02  ,-0.22   ,6.82  ,-0.69   ,4.69   ,1.23  ,-0.50   ,2.77   ,2.59  ,-0.77   ,2.58   ,6.47
199405   ,1.16   ,2.16   ,0.64   ,1.60  ,-0.32   ,0.61   ,2.39   ,2.57  ,-0.73   ,0.63  ,-0.68   ,1.64   ,0.80   ,3.08   ,2.18  ,-0.15   ,3.59   ,0.35   ,2.05   ,5.11   ,3.71   ,4.14   ,7.28   ,4.10   ,6.24
199406  ,-1.82  ,-2.89  ,-3.73  ,-2.52  ,-5.02  ,-4.29  ,-5.94  ,-4.97  ,-2.11  ,-4.04  ,-4.77  ,-3.39  ,-4.34  ,-5.16  ,-6.17  ,-5.82  ,-6.57  ,-1.51  ,-5.29  ,-2.47  ,-8.01  ,-7.95  ,-7.97  ,-4.71  ,-4.64
199407   ,2.91   ,0.28   ,2.97  ,-0.60  ,-0.55   ,2.59   ,1.31   ,3.41   ,0.39   ,0.41   ,0.71   ,3.13   ,3.52   ,3.16  ,-0.77   ,4.37   ,3.81   ,2.59   ,4.22   ,3.24   ,6.07   ,7.83   ,5.98   ,5.65   ,3.63
199408   ,0.25   ,5.73   ,2.85   ,0.26   ,0.17   ,1.65   ,1.20   ,3.55   ,1.50   ,0.49   ,3.95   ,4.63   ,1.91   ,1.81   ,1.98   ,2.63   ,0.54   ,2.40   ,4.30   ,1.69   ,3.03   ,6.36   ,4.63   ,3.94   ,4.07
199409  ,-1.63  ,-2.78  ,-0.45  ,-1.05  ,-2.50  ,-1.24   ,0.35  ,-0.37   ,2.28  ,-1.89  ,-0.31  ,-0.36  ,-1.50  ,-3.01  ,-0.52  ,-0.05   ,0.48  ,-0.64  ,-0.25  ,-0.41  ,-0.82  ,-2.39  ,-1.20  ,-4.17  ,-3.73
199410  ,-2.78  ,-1.61  ,-0.71  ,-1.23  ,-2.09  ,-0.86  ,-1.40   ,0.70  ,-4.03  ,-1.37   ,1.31   ,2.39  ,-0.93  ,-3.42  ,-0.44   ,3.24   ,3.48   ,3.09  ,-1.56  ,-1.53   ,1.48   ,1.37   ,1.74   ,2.21   ,1.52
199411  ,-8.22  ,-4.18  ,-3.41  ,-5.34  ,-5.51  ,-9.94  ,-6.47  ,-4.72  ,-6.92  ,-7.31  ,-7.87  ,-7.85  ,-5.74  ,-6.85  ,-8.20 ,-11.56 ,-10.51  ,-4.18  ,-6.50  ,-7.49 ,-14.48 ,-10.85  ,-7.84  ,-2.19  ,-8.47
199412  ,-2.45  ,-3.58   ,0.59  ,-3.17  ,-2.52  ,-4.43  ,-4.06  ,-0.91  ,-4.18  ,-3.70  ,-2.99  ,-0.51   ,0.32   ,0.66  ,-1.60  ,-2.05  ,-1.88   ,3.06  ,-1.26  ,-0.87  ,-3.45  ,-2.08  ,-0.40   ,1.79  ,-1.64
199501  ,-7.34  ,-8.03 ,-11.46  ,-7.42  ,-7.09  ,-7.63 ,-11.01  ,-8.30  ,-6.35  ,-8.32  ,-8.56  ,-8.09  ,-9.19  ,-5.95  ,-7.97  ,-9.58  ,-8.05  ,-7.83  ,-6.63  ,-9.00 ,-10.20  ,-7.89  ,-8.14  ,-8.05  ,-2.36
199502  ,-2.19   ,1.08  ,-2.40  ,-2.78  ,-2.53   ,0.87   ,5.15  ,-0.96   ,0.91   ,1.44   ,1.46   ,1.58   ,4.70   ,5.40   ,1.56   ,5.72   ,4.86   ,1.07   ,1.51   ,2.01  ,10.20  ,14.71   ,9.51   ,2.67   ,2.88
199503  ,-2.80  ,-2.12   ,1.14  ,-1.44  ,-0.86  ,-1.37   ,0.37  ,-1.80  ,-2.08  ,-1.37   ,0.50  ,-3.13  ,-0.91   ,1.36   ,1.20  ,-0.42   ,0.49  ,-1.33  ,-1.21   ,1.26   ,1.18   ,1.11   ,0.45   ,1.34   ,2.54
199504   ,1.80   ,0.67  ,-0.04   ,1.17   ,0.30   ,0.16   ,0.94  ,-0.62  ,-0.13   ,1.86  ,-0.60   ,1.06   ,2.73   ,2.60   ,1.69   ,3.04   ,1.15   ,3.18   ,3.73   ,3.79  ,-2.55  ,-0.78   ,1.20   ,4.31   ,2.21
199505  ,-1.95  ,-0.61  ,-2.42  ,-1.16   ,3.10   ,1.77   ,1.97   ,1.48   ,1.45   ,3.47   ,3.01   ,4.62   ,2.48   ,2.86   ,2.20   ,5.48   ,4.10   ,1.07   ,1.85   ,3.19   ,9.02   ,8.77   ,7.02  ,-0.01   ,4.38
199506  ,-2.92   ,0.46  ,-0.37   ,0.80   ,2.87   ,0.69   ,0.02   ,0.42  ,-0.46   ,0.64   ,1.33  ,-6.72  ,-0.35  ,-1.44   ,1.22  ,-1.41   ,3.48  ,-1.31  ,-1.35  ,-2.41  ,-4.13  ,-0.30  ,-1.90  ,-2.09  ,-3.81
199507   ,5.97   ,7.80  ,10.62  ,10.60  ,10.93   ,9.76   ,6.77   ,6.39   ,8.67   ,6.92   ,6.53   ,3.45   ,8.53  ,11.42   ,9.85   ,4.52   ,3.79   ,5.60   ,7.97   ,4.55   ,1.55   ,3.94   ,4.94   ,7.63   ,4.74
199508   ,6.73   ,4.03  ,11.72   ,6.00   ,4.82  ,-0.64   ,2.12   ,2.87   ,6.04   ,2.16  ,-0.28   ,3.04   ,0.28   ,0.67   ,2.50  ,-2.60  ,-3.54  ,-1.13   ,0.54   ,4.49  ,-6.48  ,-3.02  ,-1.51  ,-0.05  ,-0.55
199509  ,-0.60   ,2.84  ,-1.11   ,1.10   ,2.98   ,1.85   ,2.86  ,-1.64   ,3.78   ,3.42   ,0.49  ,-0.48   ,1.40  ,-0.58   ,4.17   ,0.42   ,0.87   ,0.52   ,2.88   ,2.63   ,3.36   ,4.50   ,1.69   ,3.05   ,0.33
199510  ,-3.53  ,-2.99  ,-4.34  ,-3.54  ,-0.06  ,-3.18  ,-0.27  ,-2.10  ,-2.85  ,-1.51  ,-3.00  ,-1.26  ,-0.80  ,-1.76  ,-3.29   ,0.26  ,-1.83  ,-2.06  ,-2.43  ,-2.19   ,3.28  ,-1.15   ,0.58   ,0.68   ,0.07
199511   ,2.21   ,0.97   ,7.90   ,4.41   ,3.93   ,0.97  ,-0.79   ,0.90  ,-1.26   ,0.60   ,0.41  ,-1.01  ,-0.66   ,0.05   ,1.78   ,0.99   ,1.27   ,0.93   ,1.99   ,0.96  ,-0.14   ,1.95   ,1.58   ,1.07   ,1.24
199512  ,-1.77   ,0.30   ,1.58   ,0.37  ,-2.42   ,3.93   ,3.86   ,1.85   ,2.89   ,1.10   ,2.58   ,3.26   ,2.42   ,2.20   ,4.14   ,1.99   ,3.74   ,2.76   ,3.46   ,2.08   ,3.80   ,4.60   ,3.46   ,1.31   ,4.30
199601   ,8.31   ,6.42   ,3.72   ,5.49  ,11.14   ,9.85   ,7.98   ,8.25   ,6.34   ,7.06   ,6.57   ,9.43   ,7.07   ,5.09   ,6.07   ,8.14  ,10.83   ,5.54   ,5.93  ,13.99  ,16.18  ,11.58   ,6.31   ,8.31   ,6.35
199602   ,5.84   ,3.64   ,0.03   ,1.98   ,4.23  ,-0.05  ,-0.92   ,4.44   ,2.27   ,2.92   ,2.75   ,1.76   ,2.96   ,1.84   ,1.15   ,2.96   ,4.01   ,1.19   ,2.74   ,0.93  ,-1.59  ,-1.65   ,1.08   ,0.62   ,1.63
199603   ,0.46  ,-1.42  ,-1.06  ,-0.07  ,-0.69  ,-1.30  ,-0.73  ,-0.69  ,-0.89  ,-0.25  ,-2.15   ,0.95  ,-0.73   ,2.68  ,-0.05  ,-0.34   ,0.52   ,1.20   ,1.35  ,-1.36  ,-0.31  ,-0.59  ,-0.79  ,-0.23  ,-1.62
199604   ,1.98   ,0.88   ,5.72   ,1.66   ,2.74   ,8.61   ,3.93   ,2.12   ,2.84   ,1.19   ,1.62   ,3.34   ,3.86   ,1.35   ,4.19   ,4.42   ,1.56   ,1.62   ,2.32   ,2.74  ,-0.31   ,2.14   ,1.09   ,4.00   ,1.16
199605   ,4.95   ,4.57  ,-0.34   ,2.54   ,1.20   ,5.57   ,2.32   ,0.50   ,1.20   ,1.69   ,0.49   ,0.50   ,0.04  ,-1.82   ,1.52  ,-0.48  ,-3.81  ,-0.68  ,-0.93   ,0.05   ,1.97   ,1.69  ,-1.08   ,0.72   ,3.01
199606  ,-4.44  ,-1.55  ,-2.91  ,-1.52   ,0.97  ,-2.32  ,-0.36  ,-1.66   ,0.55  ,-2.37  ,-0.85  ,-0.38  ,-0.10  ,-0.90  ,-2.25   ,1.16   ,1.51  ,-1.38  ,-2.37  ,-0.91  ,-2.60  ,-1.26  ,-1.39  ,-1.75  ,-3.20
199607  ,-7.06  ,-4.71  ,-2.37  ,-3.79  ,-0.61  ,-4.78  ,-5.38  ,-5.63  ,-3.44  ,-4.63  ,-5.54  ,-7.74  ,-2.55  ,-4.59  ,-4.36  ,-5.10  ,-3.55  ,-5.89  ,-5.27  ,-4.77  ,-4.99  ,-6.83  ,-4.90  ,-3.70  ,-4.67
199608   ,3.75   ,4.00   ,4.40   ,2.60   ,3.96   ,2.87   ,2.86   ,6.45   ,5.54   ,4.60   ,0.36   ,3.91   ,3.02   ,5.55   ,7.92   ,1.38   ,7.14   ,3.90   ,5.64   ,2.21   ,5.49   ,5.11   ,4.31   ,4.73   ,3.44
199609   ,3.80   ,2.16  ,-0.82   ,3.55   ,3.87   ,0.53   ,3.02   ,0.38   ,2.61   ,2.23   ,4.30  ,-0.76   ,1.61   ,2.49   ,4.49  ,-1.56   ,4.02   ,3.25   ,1.68   ,0.58   ,4.83   ,4.02   ,4.37   ,2.18   ,0.92
199610   ,5.81   ,2.55   ,5.36   ,5.51   ,8.05   ,6.42   ,1.55   ,2.52   ,5.44   ,4.88   ,1.00   ,1.04   ,0.73   ,0.88   ,3.90   ,0.49  ,-0.92   ,0.01   ,6.28   ,3.27   ,2.73   ,4.55   ,1.59   ,3.62   ,2.05
199611  ,11.57   ,6.44   ,5.86   ,6.48   ,7.69   ,6.10   ,6.99   ,3.89   ,6.49   ,4.78   ,8.22   ,7.03   ,7.07   ,6.77   ,8.03  ,11.64   ,6.99   ,8.85   ,5.67   ,3.71  ,13.46   ,9.39   ,5.14   ,3.89   ,5.14
199612   ,0.23  ,-1.19   ,0.27  ,-0.69  ,-0.39  ,-1.29   ,1.48  ,-2.58  ,-0.27   ,0.15   ,0.08  ,-0.83  ,-1.74   ,1.17  ,-1.55  ,-1.24  ,-0.65  ,-0.25   ,2.47   ,0.74   ,1.42  ,-0.83   ,0.97   ,0.71  ,-1.53
199701   ,0.31   ,1.32  ,-1.29   ,2.24  ,-0.48   ,1.30  ,-0.79  ,-0.74  ,-1.11  ,-0.15  ,-0.98  ,-0.56  ,-2.14   ,0.59  ,-0.96  ,-2.74  ,-1.68   ,0.82  ,-1.54  ,-4.99  ,-1.79  ,-4.26  ,-3.09  ,-0.76  ,-0.40
199702   ,5.84   ,7.80   ,6.95   ,8.34   ,5.34   ,2.24   ,3.32   ,5.86   ,8.07   ,2.20   ,4.22   ,2.44   ,3.31   ,2.13   ,0.88   ,5.16   ,2.79   ,1.56   ,1.75   ,4.25   ,0.34   ,1.46  ,-0.35   ,1.19   ,0.51
199703  ,-3.11  ,-1.48   ,0.16  ,-0.24   ,1.39  ,-3.19  ,-3.21  ,-2.94  ,-0.13  ,-2.43  ,-4.38  ,-3.73  ,-2.05  ,-2.75  ,-2.83  ,-7.02  ,-3.66  ,-4.81  ,-2.82  ,-2.93  ,-7.47 ,-10.08  ,-3.04  ,-2.83  ,-2.70
199704   ,0.73   ,0.36   ,3.15   ,0.26   ,3.27  ,-1.37  ,-2.80  ,-0.56   ,0.66  ,-0.95  ,-1.15   ,1.45  ,-0.35   ,4.41   ,1.40   ,0.31  ,-1.18   ,2.95   ,0.70  ,-0.15  ,-0.24   ,0.64   ,1.19   ,0.80  ,-0.57
199705   ,7.94   ,2.69   ,5.64   ,2.84   ,2.62   ,5.34   ,4.81   ,1.57   ,5.33   ,6.13   ,6.48   ,3.86   ,3.13  ,12.52   ,7.18   ,2.64   ,4.72   ,4.91   ,5.75   ,3.28  ,12.29   ,8.48   ,8.68   ,4.46   ,7.85
199706  ,-2.95   ,2.66  ,-0.88  ,-1.53  ,-2.20  ,-0.14  ,-0.50   ,2.92   ,0.08  ,-0.28   ,3.90   ,4.71   ,1.49  ,10.36   ,2.27  ,-0.43  ,-2.38   ,2.31   ,2.71   ,2.63  ,-1.90  ,-2.51   ,4.57   ,8.06   ,4.64
199707   ,2.05   ,2.87   ,5.50   ,1.82   ,4.19   ,6.61   ,7.35   ,3.91   ,5.49   ,5.20   ,5.66   ,1.26   ,2.10   ,3.02   ,4.18  ,-0.14  ,-0.05  ,-0.11  ,-2.00   ,4.17   ,1.26   ,5.62   ,1.39   ,0.37   ,1.26
199708   ,2.48   ,1.75  ,-0.26   ,4.55   ,0.89  ,11.92   ,2.03  ,-2.86  ,-8.14  ,-3.81   ,8.72   ,2.62  ,-3.74  ,-3.61  ,-7.79  ,-2.54  ,-5.42  ,-6.18   ,1.88  ,-4.27  ,-6.68 ,-11.85  ,-9.03  ,-9.83 ,-12.29
199709  ,-4.07  ,-3.72  ,-2.09  ,-5.05  ,-0.85  ,-3.81  ,-7.25  ,-1.23  ,-5.51  ,-0.89  ,-6.64  ,-5.47   ,1.66   ,2.23   ,2.86  ,-1.84   ,1.71  ,-1.52   ,4.27   ,4.38   ,5.04   ,8.16   ,2.69   ,4.84   ,6.89
199710 ,-24.95 ,-19.16 ,-18.38 ,-19.95 ,-21.66 ,-34.40 ,-24.15 ,-19.19 ,-24.33 ,-23.12 ,-30.24 ,-24.67 ,-21.07 ,-19.47 ,-21.63 ,-28.01 ,-19.70 ,-23.76 ,-22.94 ,-18.90 ,-31.01 ,-27.22 ,-21.40 ,-19.29 ,-12.34
199711  ,-6.57  ,-5.86  ,-2.93  ,-6.03  ,-6.94 ,-11.58  ,-4.46  ,-4.49  ,-8.16  ,-4.27  ,-6.21  ,-7.31  ,-6.45  ,-4.38  ,-2.12  ,-3.35  ,-3.33  ,-3.52  ,-4.71  ,-0.32  ,-4.84   ,1.56  ,-2.14  ,-0.17   ,2.67
199712  ,-7.90  ,-4.67  ,-5.64  ,-7.74  ,-6.85  ,-7.95  ,-4.21  ,-5.06 ,-12.26  ,-5.67  ,-9.61  ,-7.70  ,-5.55  ,-1.49  ,-8.73  ,-3.00  ,-2.22  ,-6.48  ,-5.39  ,-6.09  ,-3.78  ,-1.84   ,1.31   ,4.11   ,1.28
199801  ,-9.94  ,-7.53  ,-8.14  ,-7.93 ,-10.27 ,-21.49 ,-21.84  ,-8.66 ,-10.93  ,-9.60 ,-18.65 ,-18.56  ,-9.29   ,1.10  ,-8.94 ,-17.10  ,-5.69 ,-11.42 ,-11.00  ,-4.27 ,-22.48  ,-9.27 ,-11.58  ,-5.43   ,1.38
199802   ,7.64   ,8.80   ,9.73   ,8.25   ,9.69  ,20.58  ,17.19  ,11.80  ,21.52  ,14.73  ,26.73  ,23.60  ,11.92   ,7.67  ,16.72  ,19.60  ,10.60  ,16.79   ,8.04  ,11.07  ,28.88  ,19.16  ,15.93   ,8.41   ,2.67
199803  ,-2.95   ,0.08  ,-2.79  ,-2.96  ,-0.22  ,-1.86  ,-0.73   ,0.07  ,-3.19  ,-2.21  ,-1.80  ,-4.12  ,-1.26  ,-2.77  ,-3.55  ,-3.51   ,1.58   ,1.04  ,-2.05  ,-2.41  ,-2.34  ,-1.99   ,0.40   ,0.75  ,-3.31
199804  ,-4.15  ,-3.74  ,-3.15  ,-4.78  ,-2.69  ,-7.45  ,-3.85  ,-3.70  ,-4.19  ,-2.04  ,-5.43  ,-4.64  ,-4.63  ,-1.26  ,-3.04  ,-4.79  ,-8.38  ,-4.22  ,-2.39  ,-2.33  ,-8.53  ,-8.13  ,-6.53  ,-4.00  ,-3.33
199805 ,-10.77  ,-6.38  ,-7.94  ,-6.19 ,-10.47 ,-11.50 ,-12.87  ,-4.13 ,-11.83  ,-8.64 ,-11.03 ,-15.05  ,-9.74  ,-9.28 ,-13.03 ,-13.00  ,-6.51 ,-12.13 ,-10.14  ,-9.47 ,-16.78 ,-12.51 ,-12.35  ,-9.38  ,-7.06
199806 ,-11.81  ,-5.50  ,-5.10 ,-10.75  ,-9.67 ,-10.51 ,-12.02  ,-7.38 ,-11.11  ,-9.07 ,-10.00 ,-14.09 ,-12.41  ,-6.14  ,-9.70  ,-8.06  ,-9.15  ,-9.48 ,-10.07  ,-7.75 ,-13.26   ,3.00 ,-10.16  ,-9.62   ,0.00
199807   ,0.01  ,-3.16  ,-7.33  ,-1.64  ,-1.05 ,-11.35  ,-6.49  ,-5.79  ,-4.62  ,-3.23  ,-7.97  ,-6.59  ,-5.59  ,-0.53  ,-1.54  ,-8.67  ,-5.42  ,-2.91   ,0.03   ,1.17  ,-9.28  ,-9.31  ,-3.89  ,-2.06   ,4.82
199808 ,-16.82 ,-10.72 ,-13.43 ,-12.36 ,-11.42 ,-17.81 ,-17.65 ,-16.08 ,-16.07 ,-10.31 ,-14.65 ,-17.28 ,-15.42 ,-18.14 ,-15.78 ,-17.33 ,-17.13 ,-19.90 ,-18.63 ,-18.35 ,-13.66 ,-15.26 ,-13.36 ,-10.38  ,-8.32
199809   ,2.80   ,4.43   ,9.93   ,8.24   ,4.25   ,4.42   ,9.02  ,11.35   ,6.98   ,9.00   ,0.66   ,9.73  ,13.14  ,10.05  ,11.90   ,8.57   ,5.70   ,9.26  ,10.89  ,12.43  ,13.71  ,15.46  ,11.14   ,9.72  ,10.77
199810  ,14.61  ,15.01  ,23.36  ,19.90  ,16.81  ,20.45  ,30.84  ,19.35  ,23.08  ,10.63  ,15.89  ,37.30  ,22.36  ,15.10  ,11.88  ,33.43  ,22.61  ,19.03  ,23.69  ,13.59  ,38.13  ,30.30  ,21.11  ,13.00   ,5.07
199811   ,5.69   ,4.44   ,2.60   ,6.85  ,10.22   ,9.10   ,8.51   ,5.46   ,4.48   ,6.43  ,12.40  ,10.18  ,10.78   ,8.87   ,5.72   ,8.57   ,8.75  ,19.08   ,7.93   ,6.68   ,5.03   ,0.28   ,7.31   ,5.78   ,3.80
199812  ,-2.81  ,-3.22  ,-4.78  ,-3.87  ,-2.47  ,-6.74  ,-5.48  ,-3.70  ,-5.27   ,2.58  ,-4.01  ,-8.14  ,-1.36  ,-3.82   ,0.48  ,-4.76  ,-4.93  ,-1.00  ,-1.79   ,3.04  ,-7.46  ,-1.16   ,1.39  ,-2.05  ,-3.31
199901   ,1.92   ,3.06   ,0.94   ,4.08   ,1.21  ,-7.16  ,-0.50   ,0.09  ,-4.12   ,2.46  ,-1.19  ,-3.31  ,-3.25  ,-0.53   ,5.71  ,-6.04   ,1.57   ,1.44   ,2.64   ,2.41  ,-8.07  ,-1.49  ,-2.97   ,3.52   ,1.64
199902  ,-1.15  ,-1.90  ,-2.35  ,-1.97   ,0.74  ,-2.78  ,-0.91  ,-2.22  ,-2.36   ,2.03  ,-1.29  ,-2.38  ,-1.09  ,-3.04   ,1.60   ,2.33  ,-1.44  ,-1.42  ,-2.71  ,-5.03  ,-2.29  ,-0.85   ,0.76  ,-0.67  ,-1.29
199903   ,2.09   ,2.33   ,5.53   ,4.68   ,5.06   ,3.51   ,5.50   ,4.56   ,2.19   ,3.73   ,7.16   ,5.19   ,3.55   ,2.18   ,2.74  ,13.58   ,8.69   ,6.32   ,4.06   ,7.52  ,16.48   ,9.08  ,12.31  ,10.17   ,5.05
199904  ,22.10  ,22.52  ,30.53  ,22.54  ,23.62  ,25.81  ,22.38  ,19.85  ,32.87  ,11.60  ,25.14  ,32.76  ,19.16  ,17.46  ,11.37  ,17.52  ,16.60  ,11.54  ,19.15  ,11.86  ,26.03  ,16.89  ,17.41  ,14.99  ,15.74
199905   ,9.09  ,16.49  ,13.33  ,19.33   ,4.71  ,10.62   ,4.96   ,3.26  ,17.11   ,2.69   ,5.06   ,4.37  ,-3.43  ,-3.07   ,2.05  ,-1.49  ,-1.36  ,-3.71  ,-5.87   ,2.78  ,-7.04  ,-5.50  ,-2.20 ,-10.35  ,-8.66
199906  ,12.69  ,20.25  ,25.88  ,18.31  ,15.69  ,20.35  ,20.29  ,13.86  ,10.73   ,9.05  ,17.09  ,13.39  ,13.33   ,9.28  ,14.96  ,12.67  ,10.20   ,4.37  ,17.79  ,10.24  ,11.88   ,9.17  ,11.79   ,6.42   ,6.55
199907   ,0.82  ,-3.72  ,-5.45  ,-2.88  ,-0.80 ,-11.39 ,-11.22  ,-7.06  ,-4.24  ,-3.11  ,-7.07  ,-3.07  ,-1.05  ,-2.49  ,-0.60  ,-6.53  ,-0.30   ,2.26   ,0.57   ,0.66  ,-3.55  ,-0.70   ,0.42  ,-1.53  ,-2.73
199908  ,-4.40  ,-5.15  ,-3.61  ,-1.90  ,-1.67  ,-3.61  ,-3.51  ,-2.12  ,-3.24  ,-1.30  ,-4.34  ,-2.00  ,-3.43  ,-0.31   ,0.84  ,-2.17  ,-5.63  ,-3.05  ,-0.65  ,-5.91   ,3.55  ,-6.56  ,-0.59  ,-0.97  ,-0.80
199909   ,9.21   ,4.30   ,3.48   ,6.23   ,4.90   ,3.10  ,-3.74   ,8.22  ,-0.73  ,-0.36  ,-1.66   ,1.81  ,-3.42  ,-1.71   ,8.31  ,-2.52  ,-3.42  ,-4.05  ,-0.26  ,-1.26  ,-2.95  ,-3.00  ,-4.31  ,-2.66  ,-0.39
199910   ,0.26   ,0.59  ,-1.14  ,-1.98   ,1.24  ,-2.50   ,1.15  ,-3.80  ,-2.10   ,0.40  ,-1.77  ,-0.57   ,1.88  ,-1.71  ,-0.62  ,-2.70  ,-3.63  ,-0.23  ,-1.58  ,-2.70   ,4.55   ,1.49   ,3.90   ,2.80   ,1.23
199911   ,9.44   ,8.29   ,2.29  ,-0.71   ,0.74   ,0.50   ,0.87   ,2.25   ,5.77  ,13.64   ,7.76   ,4.52   ,7.04   ,4.89   ,2.95   ,3.89   ,5.30   ,4.69   ,1.93  ,11.21  ,12.87   ,7.89  ,10.82   ,3.07   ,8.49
199912  ,11.15  ,11.95  ,12.09   ,8.24   ,6.31  ,10.90   ,9.64   ,6.49   ,5.23  ,16.79  ,12.71   ,6.02   ,6.79   ,8.64  ,12.68  ,15.00   ,3.07   ,3.60   ,4.07   ,8.15  ,14.61  ,10.31  ,11.06   ,6.77   ,8.48
200001  ,15.50   ,7.96   ,3.21   ,7.70   ,5.98   ,5.31  ,-2.85  ,-2.56  ,-5.12   ,3.17  ,-8.28  ,-6.16  ,-9.83  ,-3.05  ,-5.30  ,-8.25 ,-12.51 ,-10.08  ,-4.63  ,-6.09  ,-7.29  ,-3.08  ,-6.38  ,-8.34  ,-9.40
200002  ,12.20  ,21.25   ,6.42   ,2.71   ,1.26  ,10.08  ,-0.78   ,0.78  ,-0.36  ,-0.31   ,0.97   ,3.03  ,-3.88   ,7.15   ,4.55   ,0.60  ,-4.68  ,-7.64  ,-1.64  ,-4.87  ,-0.97  ,-1.63  ,-0.26  ,-5.20   ,3.24
200003   ,4.67  ,-4.47  ,-1.83  ,-1.27  ,-2.60   ,0.58  ,-0.85 ,-12.22   ,0.96   ,2.44  ,-1.73  ,-3.57  ,-0.67  ,-0.20  ,-4.78  ,-5.94   ,0.35   ,3.46   ,0.22   ,7.91  ,11.11   ,0.31   ,6.29   ,0.95  ,-4.92
200004 ,-28.41 ,-22.67 ,-16.09 ,-19.59 ,-18.03 ,-21.11 ,-11.29 ,-10.80  ,-5.97 ,-15.24 ,-17.99 ,-11.77 ,-11.37  ,-7.41  ,-8.31 ,-14.50   ,2.15  ,-2.19  ,-4.52  ,-8.90  ,-9.27  ,-2.93  ,-7.13   ,2.56  ,-5.27
200005 ,-12.95  ,-7.51  ,-6.42  ,-7.48  ,-7.27 ,-11.30  ,-8.35  ,-7.30  ,-6.48 ,-10.92 ,-11.12 ,-10.24  ,-8.09  ,-6.63  ,-2.01 ,-10.29  ,-8.57  ,-8.07  ,-7.92  ,-3.65 ,-15.31  ,-9.36 ,-11.33  ,-2.89  ,-4.24
200006   ,5.19   ,7.27   ,6.28   ,5.58   ,6.28   ,5.83   ,6.64   ,7.90   ,7.25   ,9.94   ,8.12  ,21.60  ,12.06   ,9.71   ,9.90  ,25.49  ,12.09   ,9.28  ,15.22   ,9.60  ,16.69  ,13.32   ,9.32  ,13.88   ,6.56
200007   ,4.16  ,-0.14   ,2.38   ,1.11   ,5.07  ,-1.50  ,-1.48   ,1.93  ,-0.74   ,1.09   ,1.51  ,-3.17  ,-0.95  ,-0.09  ,-6.55  ,-0.56   ,5.41   ,1.72  ,-1.96  ,-1.35   ,6.58  ,-1.29  ,-0.30  ,-2.63  ,-2.55
200008  ,-2.01  ,-0.09   ,0.94   ,2.27   ,0.57   ,1.74  ,-0.16   ,1.11   ,2.43   ,0.55   ,1.70   ,4.67  ,-1.37   ,1.46   ,3.62   ,6.12   ,0.60   ,2.94   ,2.09   ,3.65   ,2.09   ,8.41   ,0.89   ,3.57  ,-0.51
200009 ,-13.03  ,-9.08  ,-5.04  ,-8.28  ,-9.94 ,-12.76  ,-7.37  ,-8.10  ,-8.63 ,-10.09 ,-16.01  ,-7.32 ,-11.31  ,-7.67 ,-12.34  ,-8.15  ,-6.53  ,-6.40 ,-10.74  ,-9.53 ,-11.16  ,-1.61  ,-9.27  ,-3.91  ,-5.33
200010 ,-11.28  ,-4.51  ,-7.11  ,-2.88  ,-5.31 ,-10.49  ,-7.04  ,-4.67  ,-2.98  ,-5.54  ,-4.95  ,-6.07  ,-5.99  ,-4.75  ,-6.34  ,-8.08  ,-6.33  ,-5.03  ,-1.38  ,-3.05  ,-9.59 ,-11.60  ,-3.69   ,0.87  ,-1.77
200011   ,0.39   ,2.24   ,1.07   ,0.20  ,-0.98  ,-2.97  ,-2.39   ,0.05  ,-0.72  ,-2.00  ,-0.24   ,1.37  ,-0.59   ,2.85   ,0.12  ,-3.84   ,2.42   ,3.68   ,7.66  ,-0.71  ,-3.18  ,-5.26  ,-1.65   ,1.56   ,3.56
200012  ,-1.57   ,1.97   ,0.41   ,1.40   ,1.37  ,-1.74   ,2.93   ,2.13   ,4.64   ,0.09   ,0.19   ,1.42   ,1.67   ,3.31   ,2.14   ,6.09   ,7.12   ,6.74   ,3.98   ,2.37   ,6.68   ,7.66   ,2.18   ,7.96   ,0.36
200101   ,2.92  ,-1.07  ,-1.05   ,0.04  ,-0.14  ,-1.61  ,-1.15   ,3.16   ,2.25   ,0.06   ,4.48   ,4.60   ,3.10   ,3.40   ,4.42  ,-0.67   ,3.41   ,2.45   ,0.57   ,8.19   ,4.81   ,6.74  ,-1.56   ,2.03   ,3.86
200102  ,-1.61   ,0.06   ,0.31  ,-1.08  ,-3.56   ,1.24   ,0.55  ,-2.39  ,-1.34  ,-2.33   ,1.73   ,3.52  ,-4.62  ,-0.03  ,-4.26   ,2.22   ,1.01  ,-2.02  ,-3.70   ,0.92  ,-6.90   ,0.95  ,-4.84  ,-4.13  ,-6.52
200103 ,-14.28 ,-10.12  ,-8.45  ,-7.84 ,-11.46 ,-14.16  ,-8.05 ,-11.54 ,-13.35 ,-15.69 ,-14.47  ,-9.14 ,-12.29 ,-10.40 ,-12.27 ,-16.78 ,-12.32 ,-10.33  ,-9.83  ,-6.63 ,-13.68 ,-15.62 ,-11.57 ,-10.34 ,-13.84
200104   ,4.51   ,3.37   ,5.56   ,5.31   ,7.15   ,3.35   ,5.72   ,4.44   ,7.86   ,9.42   ,4.07   ,4.94   ,9.28   ,9.34   ,8.80   ,8.51   ,4.31   ,9.04   ,4.64   ,7.40   ,2.62   ,4.41   ,8.19   ,9.68   ,9.99
200105   ,7.56   ,7.06   ,5.53   ,6.07   ,4.92   ,5.33   ,6.55   ,5.97   ,8.97   ,5.33   ,3.52   ,4.55  ,-1.34   ,5.94   ,4.38   ,0.12   ,0.38   ,1.38   ,1.05   ,3.68  ,-0.30  ,-2.72  ,-2.69   ,1.08  ,-0.40
200106   ,0.24   ,4.38   ,1.93   ,0.63   ,2.69   ,1.22   ,4.74  ,-0.35   ,5.51   ,1.73   ,4.50   ,0.10   ,1.20   ,2.89   ,1.52   ,0.89   ,4.75   ,4.14   ,4.47   ,4.87  ,-3.99   ,0.96   ,5.09   ,4.93  ,-0.13
200107  ,-5.90  ,-5.89  ,-6.07  ,-3.28  ,-1.05 ,-11.25  ,-5.40  ,-3.94  ,-2.35  ,-4.86  ,-6.21  ,-1.96  ,-1.08  ,-3.79  ,-3.09  ,-7.58   ,0.38  ,-0.73  ,-1.83  ,-1.30  ,-5.56  ,-2.03  ,-3.43  ,-2.84  ,-5.52
200108  ,-4.72  ,-1.53   ,0.16   ,0.36   ,0.90  ,-4.76  ,-1.57  ,-2.96   ,0.35   ,0.17  ,-5.96   ,3.59   ,0.22   ,4.75   ,1.55  ,-5.15  ,-3.58   ,2.41   ,1.13   ,2.43  ,-7.12  ,-4.67   ,0.82   ,5.04   ,2.23
200109 ,-16.10 ,-16.77 ,-15.49 ,-14.75 ,-14.34 ,-15.13 ,-13.52 ,-17.33 ,-15.64 ,-17.05 ,-14.84 ,-14.08 ,-16.45 ,-13.13  ,-8.89 ,-13.22 ,-13.14 ,-12.72 ,-10.02 ,-13.60 ,-14.04 ,-19.06 ,-16.24 ,-13.58  ,-5.89
200110   ,5.67   ,7.34   ,6.17   ,8.44   ,7.38   ,5.40   ,8.02   ,8.45   ,7.88   ,9.90   ,8.93   ,8.19   ,8.61  ,10.31   ,8.36   ,1.97   ,2.92   ,5.08   ,8.14   ,6.79   ,7.21   ,4.72   ,8.15   ,5.35   ,3.75
200111  ,11.59   ,4.93   ,9.04   ,8.38  ,11.77   ,6.66   ,5.97   ,7.49  ,10.22   ,5.72   ,6.18   ,5.14   ,7.94   ,5.85   ,8.80   ,7.47  ,10.46   ,9.28   ,4.57   ,6.67  ,11.79  ,10.99   ,7.54   ,7.54   ,8.84
200112  ,-1.70   ,0.35   ,2.76   ,1.97   ,2.57   ,1.04  ,-0.26   ,2.11   ,2.56   ,1.54   ,3.12   ,2.43   ,1.03   ,1.41  ,-0.13   ,5.92   ,0.62   ,2.66   ,2.64   ,1.55   ,5.50   ,4.81   ,3.48   ,1.79  ,-1.68
200201   ,4.82   ,6.04   ,8.01  ,11.23   ,8.16   ,0.40   ,3.82   ,8.57   ,8.98   ,5.65   ,5.59   ,3.84   ,6.11   ,6.77   ,3.10   ,2.34   ,7.15   ,8.96   ,5.46   ,4.74  ,-3.28  ,-2.77   ,5.32   ,1.29   ,1.56
200202   ,0.44  ,-0.31   ,1.75   ,5.31   ,1.41  ,-2.39   ,1.58   ,0.13   ,3.50  ,-0.73  ,-3.68   ,1.83   ,1.13   ,3.82  ,-0.01   ,0.11  ,-0.89   ,0.03   ,4.33   ,5.40  ,-7.93  ,-5.56  ,-3.32   ,2.78   ,0.24
200203   ,1.80   ,7.33   ,9.06   ,9.20   ,8.73   ,1.71   ,4.63   ,5.70   ,7.76   ,6.96  ,-2.59   ,2.81   ,3.58   ,5.24   ,7.39   ,1.21   ,3.01   ,8.17   ,4.61   ,7.99   ,4.66   ,6.97   ,5.79   ,0.94   ,6.38
200204   ,0.39   ,1.11   ,2.95   ,4.28   ,1.06  ,-0.44   ,1.84   ,0.46  ,-2.69  ,-0.78   ,2.86  ,-0.11  ,-0.90  ,-2.96   ,3.36   ,3.07   ,2.02   ,0.16  ,-2.54   ,2.88   ,4.24   ,2.59  ,-1.46   ,0.00  ,-0.88
200205   ,7.80   ,5.68   ,3.35   ,7.13   ,6.65   ,2.36   ,3.32   ,4.73   ,7.49   ,4.37   ,2.41   ,5.81   ,3.39   ,6.28   ,7.68   ,1.40   ,4.60   ,1.98   ,6.78   ,5.48  ,-2.43  ,-1.04   ,2.62   ,4.09   ,2.53
200206  ,-6.41  ,-3.00  ,-3.94  ,-3.05  ,-4.92  ,-5.07  ,-4.09  ,-3.40  ,-4.84  ,-5.84  ,-5.50  ,-1.56  ,-4.16  ,-5.37  ,-5.44  ,-4.45  ,-0.18  ,-3.21  ,-1.40  ,-3.09  ,-7.32 ,-10.24  ,-6.50  ,-3.59  ,-3.19
200207 ,-10.77  ,-8.77  ,-7.42  ,-7.41  ,-8.03 ,-13.79  ,-7.90  ,-5.25  ,-8.88  ,-9.50  ,-7.38  ,-5.42  ,-5.92  ,-5.10  ,-5.51  ,-8.67  ,-6.24  ,-4.93  ,-7.30 ,-11.95  ,-5.36  ,-4.57  ,-6.80  ,-4.48  ,-5.81
200208  ,-0.75  ,-0.41   ,2.01   ,0.04   ,1.19   ,0.19   ,3.73   ,1.48   ,0.60   ,1.80   ,0.05   ,0.14   ,1.60   ,1.18   ,2.29  ,-1.04   ,1.47   ,4.34   ,1.04   ,2.90  ,-5.32  ,-1.78   ,3.35   ,1.81   ,1.75
200209  ,-8.97  ,-6.24  ,-7.91  ,-8.84  ,-8.86  ,-8.79  ,-6.55  ,-8.87  ,-9.91  ,-5.41  ,-7.28  ,-6.84  ,-4.74  ,-6.52  ,-9.05 ,-11.66  ,-8.39  ,-4.27  ,-6.60  ,-6.54 ,-11.97  ,-9.03  ,-7.13  ,-5.01  ,-4.04
200210  ,-0.43   ,3.63   ,3.92   ,2.96   ,2.77   ,0.82   ,1.76   ,3.71   ,6.16  ,-0.62   ,2.81   ,3.68   ,1.00   ,2.49  ,-0.54   ,4.17   ,1.75   ,3.86   ,0.70  ,-0.65   ,5.57   ,9.38   ,3.73   ,3.72   ,5.60
200211  ,-0.64   ,1.98   ,1.40   ,3.69  ,-0.36   ,0.82   ,3.30   ,2.59  ,-0.23  ,-1.09   ,1.51   ,3.14   ,0.99   ,2.73  ,-2.60   ,6.31  ,-0.71   ,1.53   ,2.15   ,0.24   ,8.61   ,5.39   ,0.65  ,-0.38   ,1.60
200212  ,-0.27  ,-0.16   ,0.49  ,-1.76  ,-0.70   ,3.56   ,0.95  ,-0.16   ,0.38  ,-0.09  ,-1.99   ,1.22   ,1.52   ,1.72  ,-0.30  ,-2.32   ,0.81   ,3.40   ,1.32   ,4.15  ,-8.35  ,-6.28  ,-1.84  ,-2.11  ,-2.35
200301   ,2.45   ,1.85   ,2.45   ,3.78   ,5.82   ,2.92   ,2.25   ,4.38   ,4.56   ,2.77   ,1.48   ,4.47   ,4.15   ,3.59   ,3.99   ,6.22   ,1.70   ,5.81   ,6.77   ,6.09  ,-1.31  ,-0.57   ,0.55   ,2.74   ,2.01
200302  ,-2.19  ,-0.45   ,1.39   ,1.58   ,0.66   ,0.19   ,1.17   ,4.91   ,2.03   ,0.03  ,-0.93   ,0.05   ,1.88   ,2.00   ,1.51   ,2.34  ,-0.37   ,3.71   ,0.86  ,-5.02  ,-3.31  ,-2.45  ,-0.81  ,-1.01  ,-1.62
200303  ,-4.71   ,0.02  ,-1.26  ,-2.97  ,-5.11  ,-5.31  ,-1.39  ,-2.09  ,-4.56  ,-4.37  ,-3.16  ,-1.39   ,1.57   ,1.15  ,-2.21  ,-3.74   ,0.67  ,-1.23  ,-1.57  ,-2.91  ,-5.93  ,-2.52   ,2.47   ,2.19   ,2.93
200304   ,1.39   ,1.52   ,3.49   ,1.58   ,0.73   ,0.05   ,1.56   ,0.32   ,4.87   ,5.93   ,5.93   ,4.07   ,4.58   ,2.90   ,4.50   ,6.21   ,3.28   ,4.52   ,4.96   ,5.51   ,2.90   ,2.22   ,7.21   ,5.81   ,5.63
200305   ,8.89  ,10.23  ,10.47  ,10.54   ,7.75  ,14.43  ,12.72  ,12.96  ,12.07   ,7.48  ,13.04  ,12.38  ,10.88   ,8.92   ,7.65  ,11.30   ,9.08   ,6.93  ,10.08   ,6.99   ,6.71   ,8.80   ,5.26   ,5.73   ,5.55
200306   ,3.83   ,7.49   ,6.17   ,3.67   ,4.04   ,3.52   ,3.40   ,5.65   ,8.02   ,4.22   ,5.81   ,5.70   ,7.20   ,6.56   ,5.19   ,4.32   ,4.26   ,5.98   ,5.02   ,5.82   ,1.46   ,2.68   ,4.59   ,4.20   ,3.61
200307   ,9.35  ,10.06  ,11.43  ,12.31  ,11.39   ,6.85  ,10.72  ,11.13  ,15.36   ,7.17   ,5.09  ,11.07   ,9.50   ,6.26   ,7.29   ,7.76   ,5.84   ,1.56   ,2.59  ,-0.37   ,5.83   ,5.27   ,1.10   ,3.83  ,-1.36
200308  ,15.95   ,6.96  ,10.68   ,8.59   ,7.87  ,12.97  ,10.64   ,6.79   ,5.03   ,8.45   ,8.52   ,7.89   ,2.96   ,5.22   ,3.70   ,9.19   ,7.11   ,8.77   ,6.34   ,1.79  ,12.04  ,11.29   ,2.90   ,4.54   ,1.20
200309   ,9.85   ,9.24   ,7.16   ,9.46  ,11.40   ,8.13   ,8.06   ,6.62   ,7.99   ,9.31   ,5.68   ,8.50  ,10.26   ,8.62   ,8.32   ,9.30   ,9.09   ,7.81   ,6.11   ,5.57   ,6.98   ,2.53   ,4.55   ,5.26   ,4.05
200310   ,7.79   ,5.50   ,3.79   ,4.64   ,7.08   ,4.55   ,5.18   ,8.66   ,4.96   ,6.93   ,4.25   ,5.89   ,5.90   ,8.19   ,6.32   ,4.94   ,5.94   ,6.19   ,9.68   ,6.43   ,5.82   ,6.63   ,5.93   ,7.42   ,4.92
200311   ,0.71  ,-0.40  ,-0.34   ,2.87   ,0.98  ,-1.36   ,0.58   ,0.26  ,-1.85   ,1.10   ,0.50   ,0.48   ,2.44   ,3.24  ,-1.40  ,-1.95  ,-1.87   ,0.69  ,-0.80   ,0.66  ,-2.71  ,-1.80   ,1.20   ,2.24   ,2.06
200312   ,4.72   ,2.59   ,1.76   ,2.70   ,3.52   ,1.82   ,5.59   ,2.39   ,5.69   ,4.10   ,5.58   ,4.40   ,7.94   ,5.10   ,3.59   ,5.62   ,2.91   ,6.44   ,8.87   ,5.85   ,4.97   ,4.24   ,4.73   ,5.76   ,6.40
200401   ,8.83   ,8.03   ,6.71   ,6.90   ,6.02  ,10.98   ,5.86   ,6.63   ,3.54   ,3.50  ,11.25   ,5.81   ,3.91   ,2.57   ,5.58  ,14.88   ,2.94   ,3.14   ,2.70   ,1.75   ,8.41   ,7.26   ,3.95   ,1.13   ,1.40
200402   ,7.13   ,3.71   ,8.25   ,1.60   ,4.67   ,3.95   ,4.42   ,2.65   ,4.45   ,2.60   ,1.15   ,4.32   ,5.98   ,4.53   ,5.17   ,2.83  ,-1.22   ,4.02   ,3.90   ,2.60   ,2.14   ,2.30   ,3.54   ,7.04   ,2.86
200403  ,-4.55  ,-4.76  ,-3.41  ,-1.12  ,-4.78  ,-7.01  ,-5.05  ,-4.33  ,-3.79  ,-0.73  ,-1.10  ,-2.39   ,3.88  ,-0.55   ,2.70  ,-1.96  ,-3.83   ,0.79   ,0.37   ,0.61  ,-2.76  ,-3.61   ,1.31  ,-0.76  ,-0.79
200404 ,-10.84  ,-6.35  ,-6.35  ,-8.22  ,-7.85  ,-8.75  ,-7.63  ,-6.74  ,-7.41  ,-6.54  ,-7.72  ,-4.62  ,-7.74  ,-6.34  ,-3.67  ,-5.45  ,-6.42  ,-4.84  ,-7.46  ,-2.39  ,-5.34  ,-2.34  ,-6.64  ,-5.18  ,-6.83
200405  ,-3.36  ,-2.56  ,-3.16  ,-2.52  ,-2.87  ,-1.22  ,-1.29  ,-0.80  ,-0.71  ,-2.86   ,0.29  ,-1.57   ,2.20  ,-0.96   ,1.06  ,-0.29   ,0.19   ,1.47  ,-0.86   ,2.64  ,-1.09   ,0.22   ,1.20  ,-0.09   ,0.91
200406  ,-3.08   ,0.33   ,1.25  ,-0.01  ,-3.52  ,-1.35   ,2.54   ,0.06   ,0.72  ,-0.43  ,-2.18  ,-0.05   ,0.10   ,0.54   ,2.21   ,1.30   ,2.21  ,-1.04   ,0.81   ,2.47   ,1.14  ,-0.23   ,0.39   ,1.06   ,0.72
200407   ,2.03   ,1.22   ,0.81   ,3.17   ,2.66   ,1.67   ,0.77   ,1.75   ,2.70   ,3.66   ,0.64   ,0.64   ,3.60   ,2.62   ,1.90   ,2.57   ,3.16   ,3.18  ,-0.00   ,2.88   ,2.80  ,-0.16   ,0.52   ,0.37   ,0.47
200408  ,-1.13  ,-2.33   ,1.50  ,-0.52   ,1.11   ,0.82   ,1.89  ,-0.19  ,-1.75   ,2.33   ,0.59   ,1.33   ,2.50   ,2.31   ,1.26   ,1.45   ,2.99   ,2.98   ,2.92   ,1.31   ,9.86  ,-0.92   ,2.65   ,2.32   ,2.73
200409   ,5.03   ,3.61   ,4.70   ,5.41   ,5.17   ,6.86   ,7.56   ,4.16   ,6.09   ,9.60   ,5.39   ,6.43   ,8.20   ,5.28   ,4.77   ,5.26   ,5.46   ,6.70   ,6.11   ,7.32   ,2.47   ,4.81   ,5.04   ,6.57   ,6.44
200410   ,5.22   ,2.10   ,0.60   ,1.41   ,5.87   ,5.99   ,5.42   ,3.49   ,1.64   ,5.42   ,3.27   ,3.59   ,5.34   ,8.41   ,4.32   ,3.28   ,4.03   ,2.46   ,7.98   ,6.10   ,0.51  ,-0.43   ,5.51   ,4.25   ,3.25
200411  ,14.43   ,6.09   ,5.39   ,4.99   ,7.19  ,11.61   ,9.25   ,3.64   ,5.79   ,6.51  ,11.73   ,9.62   ,7.24   ,6.45   ,3.45   ,7.18  ,10.86   ,6.12   ,5.95   ,5.86  ,13.96   ,6.53   ,4.75   ,6.59   ,9.22
200412   ,1.27   ,0.26   ,1.16   ,3.00   ,0.92   ,5.04  ,11.73  ,-0.50   ,0.30   ,2.28   ,2.92   ,1.53   ,0.01   ,0.59   ,0.77   ,1.67   ,3.92   ,2.57   ,2.82   ,6.09   ,2.87   ,2.69   ,4.49   ,3.10   ,2.03
200501   ,2.43   ,2.06   ,4.18   ,3.32   ,1.89  ,-2.52   ,6.34   ,4.98   ,2.27   ,3.33   ,1.60   ,5.70   ,3.43   ,3.36   ,2.23   ,2.70   ,1.61   ,1.67   ,2.76  ,-0.09  ,-3.74  ,-3.75  ,-0.63   ,1.90  ,-1.10
200502   ,3.46   ,3.49   ,2.03   ,2.27  ,-0.90   ,1.81   ,2.58   ,3.79   ,2.90   ,1.75   ,1.99   ,6.01   ,4.28   ,5.64   ,2.44   ,4.43   ,3.61   ,4.55   ,2.02   ,2.63   ,2.23   ,0.69   ,4.05   ,5.88   ,6.98
200503  ,-3.38  ,-1.92  ,-3.31  ,-4.54  ,-3.70  ,-3.98  ,-2.37  ,-2.90  ,-5.40  ,-3.98  ,-2.40  ,-4.92  ,-4.43  ,-1.32  ,-3.07  ,-2.44  ,-2.15  ,-4.30  ,-0.38  ,-2.01  ,-3.62  ,-1.46  ,-2.16  ,-4.28  ,-0.39
200504  ,-3.60  ,-1.28  ,-3.27  ,-2.88  ,-4.40  ,-5.13  ,-1.69  ,-2.60  ,-1.92  ,-7.49   ,0.94  ,-0.37  ,-1.61  ,-1.78  ,-5.88   ,2.06   ,0.61  ,-1.97  ,-4.39  ,-2.20   ,4.56  ,-2.48  ,-0.02  ,-0.86  ,-0.91
200505  ,-5.95  ,-0.98  ,-2.87  ,-3.25  ,-3.89  ,-1.30  ,-3.64  ,-2.33  ,-1.59  ,-3.62  ,-1.10   ,0.49  ,-1.46  ,-1.82  ,-1.25  ,-2.31   ,0.34   ,2.97   ,2.57   ,0.84  ,-0.74   ,3.25  ,-0.74   ,0.39   ,0.09
200506   ,1.78   ,2.75   ,0.59   ,1.76   ,0.76   ,2.32  ,-0.54  ,-0.22   ,2.79   ,3.34   ,0.97   ,5.09   ,3.70   ,6.87   ,4.96   ,4.67   ,5.35   ,4.07   ,7.56   ,6.09   ,3.62   ,3.17   ,3.49   ,5.25   ,4.66
200507   ,3.07  ,-0.11   ,1.14   ,2.19   ,1.68   ,2.28   ,1.74   ,3.39   ,2.99   ,4.57   ,4.15   ,2.45   ,1.99   ,1.47   ,6.27   ,8.13   ,5.06   ,1.48   ,3.08   ,1.80   ,6.29   ,7.43   ,3.24   ,1.92   ,3.21
200508   ,2.50   ,0.68  ,-0.64  ,-0.41   ,0.05   ,2.27  ,-0.57   ,2.42   ,0.89   ,2.98   ,2.78  ,-0.52  ,-0.58   ,1.22   ,1.66   ,0.36   ,1.66   ,1.22   ,0.63   ,0.02  ,-0.16  ,-2.68   ,0.23   ,1.10   ,0.92
200509   ,6.78   ,5.32   ,3.88   ,1.47   ,4.25   ,7.85   ,1.81   ,4.55   ,1.45   ,1.70  ,-0.27   ,1.75   ,2.29   ,2.46   ,4.01   ,0.54   ,5.87   ,2.41   ,3.63   ,5.59   ,2.81   ,1.89   ,2.53   ,7.76   ,5.59
200510  ,-4.82  ,-3.72  ,-4.32  ,-2.40  ,-3.28  ,-3.73  ,-4.21  ,-6.02  ,-4.63  ,-5.13  ,-5.58  ,-5.94  ,-3.83  ,-7.17  ,-3.26  ,-9.10  ,-3.63  ,-6.41  ,-5.85  ,-5.96  ,-7.46  ,-5.69  ,-4.70  ,-6.63  ,-4.82
200511   ,0.94   ,0.87   ,2.49  ,-0.20   ,0.77   ,3.62   ,0.48   ,2.12   ,3.21   ,3.47   ,2.06   ,5.56   ,3.54   ,5.88   ,1.08   ,4.36   ,6.06   ,3.57   ,2.59   ,5.44   ,2.92   ,3.04   ,3.71   ,4.35   ,2.47
200512   ,0.80   ,2.21   ,1.40   ,3.38   ,1.20   ,3.14   ,1.33   ,2.30   ,1.55   ,0.76  ,-0.53   ,2.80   ,1.96   ,1.38   ,0.75  ,-0.48   ,4.47   ,1.04   ,0.98   ,2.24   ,1.50   ,3.91   ,1.60   ,3.02   ,3.13
200601   ,7.41   ,6.03   ,7.94   ,6.99   ,6.51   ,9.22   ,5.87   ,8.65  ,10.17   ,6.61   ,9.79   ,5.06   ,5.87   ,7.48   ,5.69   ,7.56   ,6.86   ,2.73   ,5.48   ,3.86   ,5.37   ,5.78   ,5.28   ,7.43   ,8.85
200602   ,3.07   ,3.51   ,3.03   ,0.35  ,-0.10   ,1.95   ,3.58   ,0.41   ,1.81  ,-0.00   ,3.16   ,2.09   ,2.33   ,4.01   ,4.30   ,4.17   ,1.57   ,0.09   ,3.25  ,-0.82  ,-0.12   ,3.60   ,1.11  ,-2.28  ,-2.80
200603   ,8.28   ,6.81   ,3.51   ,5.98   ,3.44   ,8.26   ,4.95   ,4.03   ,3.33   ,0.70   ,9.53   ,5.37   ,1.93   ,5.85   ,4.08   ,7.64   ,6.17   ,3.28   ,2.42   ,2.33   ,0.27   ,3.71   ,0.00   ,1.01   ,3.74
200604  ,10.79   ,6.59   ,7.99   ,4.02   ,8.01   ,3.48   ,5.65   ,7.51   ,3.82   ,5.67   ,5.73   ,1.92   ,3.49   ,2.77   ,5.51   ,2.60   ,8.68   ,6.55   ,6.20   ,4.13   ,6.08   ,6.80   ,6.57   ,8.10   ,8.74
200605  ,-5.56  ,-4.74  ,-6.90  ,-6.93  ,-5.31  ,-8.59  ,-4.09  ,-6.80  ,-4.58  ,-5.38  ,-3.54  ,-3.80  ,-3.95  ,-7.49  ,-3.72  ,-4.50  ,-4.56  ,-6.34  ,-3.12  ,-5.20  ,-6.41  ,-6.30  ,-6.25  ,-5.52  ,-2.59
200606  ,-5.03  ,-0.59  ,-0.35  ,-0.09  ,-1.22  ,-2.34   ,0.20   ,0.29  ,-2.39  ,-1.80  ,-0.46  ,-0.17  ,-0.14  ,-2.43  ,-0.13  ,-1.16   ,0.38   ,0.22  ,-4.11  ,-1.16   ,1.05   ,1.08   ,1.36  ,-0.04  ,-1.16
200607   ,4.59   ,2.94   ,5.05   ,3.63   ,4.46   ,2.04  ,-0.40   ,1.95   ,2.86   ,4.64   ,0.50   ,2.14   ,2.69   ,2.90   ,1.47   ,1.54   ,2.81   ,0.25   ,1.53   ,3.24   ,1.89   ,2.91   ,1.59   ,0.60   ,0.30
200608   ,1.37   ,3.08   ,1.90   ,2.96   ,2.41   ,3.57   ,0.96   ,2.07   ,1.96   ,4.08   ,2.88   ,2.44   ,1.92   ,0.35   ,2.14   ,4.34   ,4.35   ,4.19   ,2.79   ,2.11   ,1.98   ,1.27   ,4.18   ,4.07   ,2.45
200609  ,-0.47   ,6.29   ,1.46   ,2.52   ,0.02  ,-1.64   ,2.52   ,1.59   ,1.07   ,1.64  ,-2.08   ,2.72   ,0.40   ,2.48  ,-1.48   ,1.42   ,5.30   ,0.99   ,2.36   ,2.60  ,-1.18   ,3.54   ,0.33   ,2.14  ,-2.87
200610  ,10.51   ,7.12   ,6.07   ,9.13   ,8.42   ,7.53   ,5.87   ,5.53   ,7.44   ,9.81   ,6.66   ,7.00   ,6.58   ,6.29   ,7.04   ,6.83   ,6.96   ,9.81   ,7.31   ,7.62   ,2.75   ,5.26   ,5.47   ,8.59   ,7.41
200611  ,10.05   ,4.85   ,4.87   ,4.98   ,6.42   ,9.41   ,5.72   ,6.92   ,4.87   ,5.32   ,6.03   ,5.48   ,3.90   ,5.13   ,4.10   ,6.72   ,5.82   ,7.36   ,4.30   ,6.49   ,6.19   ,5.72   ,5.65   ,5.04   ,1.56
200612   ,4.42   ,4.15   ,3.11   ,3.22   ,3.72   ,2.92   ,2.35   ,5.68   ,2.62   ,4.39   ,0.67   ,3.03   ,4.23   ,0.76   ,2.90   ,8.83   ,4.45   ,2.48   ,1.44   ,4.71   ,3.10   ,8.54   ,6.31   ,4.46   ,2.88
200701   ,4.83   ,9.53   ,8.02   ,6.70   ,7.83   ,7.87   ,7.45   ,6.45   ,4.18   ,5.87   ,0.76   ,4.81   ,4.01   ,0.82   ,1.98   ,6.27   ,8.08   ,1.92   ,1.16   ,5.28   ,3.01   ,3.12   ,1.39   ,0.51   ,0.02
200702   ,4.41   ,3.33   ,3.47   ,1.74   ,4.49   ,2.94   ,1.14   ,3.87   ,2.79   ,5.47   ,3.45   ,2.16   ,3.70   ,0.52   ,1.48   ,3.69  ,-3.25   ,5.79   ,2.23   ,2.45  ,-0.99  ,-1.19  ,-0.74   ,0.58   ,4.83
200703  ,11.66   ,5.84   ,4.65   ,4.52   ,5.97   ,8.00   ,4.70   ,0.72   ,2.72   ,5.18   ,5.55   ,6.46   ,3.83   ,2.33   ,4.31   ,5.70   ,6.49   ,9.35   ,5.44   ,5.59   ,2.89   ,2.52   ,3.78   ,4.58   ,7.75
200704  ,13.94  ,12.13  ,10.73   ,6.83   ,7.26  ,10.30   ,8.23   ,8.12   ,2.79  ,10.26   ,4.10   ,6.15   ,7.74   ,7.36   ,6.38   ,7.21   ,6.64   ,5.70   ,4.29   ,5.77   ,3.99   ,4.82   ,2.76   ,4.74   ,5.25
200705  ,14.98  ,14.96  ,10.00   ,6.28   ,6.39  ,13.42   ,5.73   ,7.93   ,7.41   ,4.25   ,4.69   ,3.33   ,6.62   ,2.04   ,6.09   ,6.51   ,1.71   ,3.21   ,5.34   ,1.58   ,0.97   ,4.74   ,1.80   ,1.35   ,4.44
200706   ,7.26   ,8.85   ,9.81   ,9.85   ,5.69   ,4.91   ,7.17   ,7.23   ,0.89   ,4.08   ,1.81   ,8.56   ,4.12   ,2.03   ,6.95   ,2.50   ,3.74   ,1.28   ,2.50   ,8.58   ,0.97   ,0.10  ,-1.27   ,2.67   ,5.44
200707   ,6.84  ,13.65  ,11.70   ,5.28   ,4.40   ,4.30   ,5.51   ,1.59   ,4.89   ,2.62   ,5.08   ,3.26   ,1.86   ,1.13   ,1.62  ,-0.01   ,3.79   ,2.30  ,-1.14   ,0.15   ,0.81   ,2.84   ,4.07   ,0.12   ,0.36
200708 ,-17.56 ,-14.19 ,-12.80 ,-12.69 ,-12.17 ,-17.12 ,-14.90  ,-9.54  ,-9.22 ,-11.27 ,-12.96  ,-8.61  ,-9.04  ,-6.53  ,-8.48 ,-10.67  ,-7.35  ,-7.45  ,-3.35  ,-6.77  ,-3.20  ,-2.32  ,-3.08  ,-0.55  ,-0.89
200709  ,13.07   ,5.99   ,7.36   ,7.56  ,10.78   ,9.04   ,5.55   ,6.62   ,7.28  ,11.58  ,13.58  ,12.96  ,12.00  ,10.04  ,11.97   ,8.47   ,9.87   ,6.81  ,10.92  ,12.79  ,13.16  ,14.35  ,10.31  ,11.21  ,19.40
200710  ,11.26   ,4.77   ,3.41   ,3.96   ,6.41   ,8.25   ,1.51   ,3.94   ,5.79  ,11.16   ,6.25   ,7.20   ,3.90   ,6.05   ,5.59  ,11.15   ,7.80   ,7.27   ,8.78  ,11.63  ,11.96  ,10.39   ,4.68   ,9.98   ,8.29
200711  ,-7.26  ,-5.93  ,-7.51  ,-7.74  ,-5.22  ,-9.99  ,-7.80  ,-8.85  ,-6.98  ,-9.09  ,-7.04  ,-6.38  ,-6.68 ,-10.62  ,-8.68  ,-6.18  ,-9.02  ,-8.60  ,-5.25  ,-7.63  ,-3.70  ,-2.72  ,-6.59  ,-7.60  ,-5.90
200712  ,-5.08  ,-1.05   ,2.36   ,0.82  ,-1.49  ,-1.80   ,1.18  ,-0.68   ,0.45   ,0.22   ,0.48  ,-2.43   ,0.73  ,-1.42  ,-0.23  ,-5.42   ,0.53   ,0.06  ,-2.13  ,-3.06  ,-0.30   ,5.00   ,1.38  ,-0.58  ,-3.78
200801 ,-16.38 ,-13.09 ,-13.41 ,-12.49 ,-10.77 ,-17.06 ,-14.03 ,-12.71 ,-14.51 ,-13.12 ,-16.15 ,-14.37 ,-13.33 ,-16.52 ,-14.97 ,-14.61 ,-11.63 ,-12.72 ,-10.73  ,-9.81 ,-10.71  ,-7.85 ,-11.68  ,-9.25 ,-10.00
200802   ,4.14   ,4.78   ,6.04   ,3.84   ,5.20   ,8.73   ,2.73   ,3.17   ,6.57   ,1.23   ,8.74   ,3.78   ,5.78   ,0.13   ,4.33   ,7.97   ,2.38   ,1.61   ,6.11   ,5.40   ,3.68  ,-1.01   ,2.81  ,-3.29   ,9.78
200803 ,-11.87  ,-7.95  ,-7.41  ,-7.50  ,-7.80 ,-10.67  ,-7.53  ,-9.67  ,-9.55 ,-11.47 ,-11.19  ,-6.87  ,-8.74  ,-6.18  ,-5.26  ,-9.05  ,-2.34  ,-5.99  ,-5.34  ,-3.31  ,-6.09  ,-5.19  ,-1.72  ,-2.06  ,-8.20
200804   ,4.82   ,5.65   ,2.80   ,4.97   ,4.78   ,7.91   ,5.97   ,5.56   ,3.28   ,5.55   ,6.34   ,8.29   ,4.79   ,5.41   ,2.59  ,12.83   ,9.24   ,6.26   ,6.59   ,7.18   ,7.69   ,6.04   ,5.42   ,7.33   ,9.66
200805  ,11.56   ,1.74   ,2.92   ,0.69   ,4.12  ,10.79   ,2.74   ,3.67   ,3.68   ,0.22   ,8.26  ,-1.32   ,2.38   ,2.67   ,1.84  ,10.94   ,5.89   ,2.12  ,-0.57   ,4.69   ,3.58   ,1.54   ,1.99   ,3.91   ,3.52
200806  ,-9.89  ,-6.92  ,-5.16  ,-9.07  ,-9.20  ,-6.07  ,-6.71 ,-10.52  ,-8.68 ,-11.68  ,-5.79 ,-10.25  ,-7.76  ,-7.72 ,-10.39 ,-11.26  ,-9.19 ,-12.96  ,-8.69  ,-8.96  ,-8.10 ,-11.48  ,-6.36  ,-8.63  ,-5.09
200807 ,-11.00  ,-6.18  ,-5.57  ,-3.63  ,-3.97 ,-12.02  ,-3.62  ,-5.25  ,-5.08  ,-3.32 ,-12.19  ,-4.22  ,-9.40  ,-2.10  ,-5.94  ,-9.88  ,-6.57  ,-2.51  ,-3.33  ,-4.57  ,-7.68  ,-1.46  ,-1.12  ,-4.86  ,-7.62
200808 ,-16.11 ,-10.53 ,-10.33  ,-6.78  ,-7.05 ,-12.28 ,-11.55  ,-9.23  ,-7.82  ,-6.80 ,-12.76  ,-5.66 ,-10.67  ,-7.40  ,-4.95 ,-10.91 ,-10.39  ,-7.96  ,-6.62  ,-3.68  ,-7.67  ,-7.67  ,-5.45  ,-4.15  ,-5.39
200809 ,-20.81 ,-16.04 ,-14.92 ,-15.14 ,-12.78 ,-23.28 ,-21.41 ,-18.71 ,-18.56 ,-16.08 ,-21.69 ,-16.40 ,-19.21 ,-15.22 ,-21.32 ,-27.27 ,-24.40 ,-17.36 ,-14.45 ,-12.12 ,-24.66 ,-19.82 ,-11.78 ,-10.35 ,-21.37
200810 ,-34.20 ,-27.61 ,-28.22 ,-25.71 ,-28.73 ,-32.96 ,-31.50 ,-34.42 ,-33.78 ,-29.59 ,-36.25 ,-28.26 ,-29.77 ,-30.70 ,-36.45 ,-35.74 ,-33.64 ,-24.23 ,-29.81 ,-34.26 ,-21.43 ,-21.93 ,-25.59 ,-25.13 ,-24.34
200811  ,-8.13  ,-8.35  ,-3.16  ,-6.30  ,-9.21  ,-4.42  ,-5.46  ,-6.47  ,-7.52 ,-11.50  ,-5.65 ,-10.82  ,-5.06  ,-3.72 ,-10.78  ,-6.71  ,-8.03  ,-8.68  ,-7.89 ,-10.95  ,-4.14  ,-3.96  ,-2.13 ,-10.14  ,-6.10
200812   ,9.96   ,8.84   ,6.79   ,5.52   ,5.19  ,14.44   ,9.14  ,10.31   ,8.00   ,5.17  ,11.78   ,4.60   ,8.82   ,9.00   ,9.03  ,15.54  ,10.57  ,13.25  ,12.45  ,12.66   ,8.45   ,8.33   ,4.55   ,5.35   ,7.07
200901  ,-7.45  ,-7.61  ,-4.72  ,-8.26  ,-7.91  ,-4.01  ,-5.68  ,-9.27  ,-7.54 ,-11.86  ,-4.98  ,-8.07  ,-6.43 ,-10.43 ,-12.10  ,-7.77  ,-5.56  ,-7.23  ,-9.16 ,-11.26  ,-6.85  ,-2.37  ,-4.60 ,-12.42  ,-9.28
200902   ,2.74  ,-1.58  ,-3.04  ,-0.42  ,-3.40  ,-1.17  ,-1.10  ,-1.90  ,-5.97  ,-1.48  ,-1.82  ,-7.04  ,-7.29  ,-7.89  ,-2.04  ,-3.10  ,-9.77  ,-5.22  ,-7.39  ,-3.09  ,-6.18  ,-9.14  ,-7.27  ,-1.37  ,-2.27
200903   ,9.88   ,2.89   ,2.83   ,1.55   ,8.80  ,10.05   ,3.72   ,7.34   ,8.73  ,12.36   ,8.59   ,3.66   ,3.06  ,10.00  ,19.90   ,9.36  ,14.55   ,5.76  ,10.58  ,11.03   ,9.32  ,11.50   ,5.89  ,15.72  ,12.91
200904  ,14.14  ,14.40  ,15.21  ,12.49  ,12.94  ,12.31  ,16.25  ,11.57  ,17.22  ,14.59  ,13.17  ,14.02  ,15.59  ,18.94  ,19.86  ,21.31  ,19.51  ,13.08  ,14.35  ,14.46  ,16.53  ,18.11  ,13.40  ,10.21  ,12.58
200905  ,29.35  ,27.59  ,29.57  ,27.72  ,26.12  ,32.13  ,32.49  ,24.86  ,26.80  ,27.67  ,27.34  ,25.07  ,26.82  ,20.93  ,23.17  ,38.39  ,30.07  ,18.93  ,19.60  ,17.55  ,23.94  ,24.05  ,15.74  ,14.54  ,11.59
200906   ,1.53   ,1.99   ,3.23   ,2.01   ,3.47  ,-0.27   ,1.31   ,3.44  ,-0.53   ,1.72  ,-1.21   ,0.45   ,1.43   ,1.40   ,4.28  ,-0.14  ,-0.14   ,2.99   ,0.47   ,5.86  ,-1.19   ,0.08   ,1.23   ,5.05   ,2.47
200907  ,11.74  ,14.29  ,12.47  ,13.24  ,15.61  ,12.46  ,12.84  ,15.12  ,15.57  ,18.74  ,12.20   ,9.72  ,17.94  ,13.67  ,14.91  ,13.54  ,11.87  ,12.78  ,13.63  ,11.65  ,12.88  ,15.26  ,14.04  ,10.71  ,11.95
200908   ,4.47   ,7.47   ,8.83  ,13.75  ,11.97  ,-2.09   ,4.02   ,4.10   ,6.34  ,10.28   ,0.00   ,0.34   ,7.33   ,3.59   ,9.45  ,-1.03   ,1.25   ,6.34   ,2.03   ,5.05  ,-3.05  ,-6.83   ,4.76   ,4.08   ,1.17
200909  ,13.74   ,8.73   ,8.06  ,11.08  ,11.38   ,6.98   ,6.39   ,7.87   ,8.84  ,11.46   ,7.91   ,9.71   ,7.45   ,5.10  ,11.96   ,3.79   ,7.55   ,6.62   ,6.72  ,10.75   ,7.89  ,10.47   ,8.70   ,9.87   ,8.11
200910   ,5.20   ,3.49  ,-0.07   ,1.52   ,5.64   ,3.18   ,2.39   ,7.60   ,1.11   ,2.54   ,3.30  ,-0.97   ,0.97   ,3.54   ,0.04   ,3.47   ,2.67   ,0.00   ,2.77   ,0.27   ,3.34   ,4.16  ,-1.00   ,0.31   ,0.49
200911   ,5.06   ,5.75   ,4.69   ,0.59   ,4.31   ,6.35   ,1.76   ,4.45   ,2.42   ,3.53   ,5.67   ,2.91   ,4.25   ,3.11   ,2.95   ,7.50   ,2.54   ,0.91   ,2.37   ,3.46   ,3.58  ,-1.80   ,1.78   ,1.27   ,5.46
200912  ,-1.38   ,4.00   ,5.83   ,2.53   ,3.43   ,0.18   ,4.70   ,3.03   ,3.79   ,2.57   ,0.02   ,5.25  ,-0.69   ,6.67   ,3.85   ,2.74   ,3.05   ,5.47   ,4.25   ,4.98   ,4.12   ,1.64   ,2.28   ,3.08   ,1.11
201001  ,-0.75   ,0.15  ,-0.12  ,-1.73   ,0.09  ,-3.16  ,-1.68  ,-0.57  ,-1.10  ,-3.52  ,-6.79  ,-5.60   ,0.71  ,-1.98  ,-4.97 ,-11.10  ,-5.57  ,-7.24  ,-4.88  ,-5.12  ,-9.65  ,-9.29  ,-4.91  ,-5.35  ,-7.49
201002  ,-0.81   ,2.80  ,-0.14   ,1.16  ,-1.95   ,1.34  ,-0.77   ,0.18   ,1.93   ,2.04   ,2.72   ,0.36   ,1.29   ,0.56   ,0.68  ,-0.21   ,0.68   ,1.85   ,1.53   ,3.60   ,1.77   ,7.41   ,0.43   ,3.40   ,3.22
201003   ,7.00   ,7.54   ,6.82   ,5.91   ,4.72   ,6.86   ,8.12   ,8.19   ,6.71   ,9.13   ,7.08   ,5.83   ,7.37   ,9.66  ,11.00   ,9.67  ,11.27   ,7.83   ,7.14   ,8.53   ,5.71   ,6.26   ,9.46   ,5.93   ,8.89
201004   ,4.85   ,2.58   ,6.58   ,5.58   ,3.24   ,0.07   ,1.21   ,5.01   ,6.02   ,5.14   ,3.39   ,5.06   ,0.60   ,5.74   ,3.47   ,1.42   ,7.35   ,3.70   ,4.88   ,1.88  ,-0.90  ,-3.15   ,2.68   ,1.24  ,-2.13
201005 ,-17.74 ,-11.62 ,-12.91 ,-12.66 ,-13.61 ,-15.03 ,-13.35 ,-13.76 ,-14.23 ,-17.60 ,-12.97 ,-11.41 ,-12.30 ,-11.88 ,-17.39 ,-13.98 ,-10.15 ,-12.55  ,-9.92 ,-12.80  ,-8.51  ,-7.17 ,-12.20 ,-13.15 ,-14.03
201006  ,-4.97   ,0.49   ,1.64   ,1.02   ,0.24  ,-2.96   ,0.14   ,0.48  ,-0.36  ,-1.79  ,-1.67   ,2.60  ,-0.76   ,0.83   ,0.39  ,-7.79   ,0.76  ,-0.76   ,1.32   ,0.07   ,0.72   ,2.78   ,0.37  ,-1.68  ,-0.51
201007  ,10.69   ,6.00   ,7.55   ,8.93  ,11.05   ,7.51   ,7.31   ,3.95   ,9.42   ,9.95   ,8.20   ,7.82   ,7.46  ,10.31   ,8.58  ,12.11   ,7.29  ,10.15  ,13.51   ,9.34   ,8.76   ,7.04  ,11.31   ,9.66   ,9.53
201008  ,-1.32  ,-0.95  ,-0.06   ,0.85  ,-0.98  ,-0.01  ,-1.15  ,-1.56  ,-3.09  ,-1.04  ,-1.11  ,-2.21  ,-0.73   ,2.31   ,1.55   ,0.55  ,-0.82  ,-0.69   ,1.36   ,0.77   ,5.20   ,0.54  ,-1.64   ,0.97  ,-4.74
201009  ,17.14  ,10.98  ,13.03  ,13.71  ,12.73  ,17.84  ,12.02  ,13.48  ,14.30  ,18.54  ,16.38  ,10.06  ,16.15  ,13.67  ,14.66  ,17.28  ,14.34  ,16.30  ,11.83  ,11.06  ,11.67  ,14.96  ,11.70  ,10.66  ,13.15
201010   ,8.43   ,3.57   ,4.49   ,3.18   ,5.57   ,4.80   ,4.61   ,4.53   ,5.58   ,5.23   ,5.17   ,2.75   ,3.04   ,4.56   ,5.68   ,6.50   ,0.66   ,3.37   ,5.76   ,3.46   ,7.84   ,2.61   ,2.53   ,1.69   ,6.93
201011  ,-0.46   ,1.55   ,0.50   ,2.19  ,-0.81   ,0.91  ,-0.66   ,0.91  ,-2.02  ,-3.56   ,4.46  ,-0.02  ,-1.01   ,0.20  ,-3.16  ,-0.19  ,-1.36   ,1.85  ,-3.29  ,-0.18  ,-1.61  ,-1.59  ,-1.94  ,-0.44  ,-1.42
201012  ,12.87   ,4.48   ,3.55   ,5.82  ,12.92  ,10.75   ,5.23   ,5.38   ,8.84   ,9.38  ,10.38   ,7.06  ,10.98  ,10.26   ,7.28   ,9.32   ,5.88   ,7.42   ,7.43   ,7.63   ,8.73   ,3.02   ,5.85   ,5.88   ,9.46
201101  ,-1.47  ,-0.97   ,0.84  ,-1.08   ,0.70  ,-1.44  ,-1.79   ,0.27  ,-1.01  ,-1.87  ,-4.54  ,-0.57  ,-0.93  ,-2.96   ,1.21  ,-2.58   ,0.40  ,-3.72  ,-0.38  ,-2.99  ,-1.84   ,1.46   ,0.26  ,-1.13  ,-2.18
201102   ,2.44  ,-1.83   ,0.25  ,-0.14   ,1.49   ,0.07   ,0.13  ,-2.04   ,0.04   ,1.79   ,1.39  ,-3.21  ,-3.09  ,-0.63   ,0.33   ,1.37  ,-3.67   ,1.02  ,-2.66   ,0.24  ,-2.74  ,-2.88  ,-0.34   ,1.05   ,2.93
201103  ,-0.72   ,2.08  ,-0.35   ,0.78   ,1.75   ,1.17   ,0.04   ,1.32   ,2.95   ,1.40   ,1.91   ,1.81   ,1.32   ,3.45   ,3.26  ,-7.05   ,1.98   ,1.99   ,5.31   ,2.97   ,2.58   ,2.05   ,2.19   ,2.32   ,2.86
201104   ,3.61   ,3.40   ,2.96   ,4.44   ,4.57   ,2.18   ,4.40   ,5.63   ,3.01   ,7.12   ,1.94   ,5.17   ,3.97   ,5.63   ,3.94   ,2.93   ,4.17   ,4.60   ,6.87   ,3.72   ,3.16   ,0.84   ,7.06   ,5.71   ,5.51
201105  ,-6.62  ,-1.40  ,-2.33  ,-2.20  ,-5.07  ,-4.42  ,-4.00  ,-3.56  ,-2.80  ,-4.70  ,-2.77  ,-3.46  ,-3.91  ,-0.75  ,-0.73  ,-1.07  ,-0.15  ,-2.14  ,-0.26  ,-3.63  ,-2.67  ,-0.33  ,-3.07  ,-2.69  ,-3.28
201106  ,-9.45  ,-3.95  ,-1.16  ,-0.27  ,-3.65  ,-7.00  ,-4.03  ,-0.92  ,-3.87  ,-1.57  ,-6.89  ,-4.02  ,-3.17  ,-2.46  ,-4.07  ,-5.56  ,-2.59  ,-2.53  ,-1.78  ,-1.79  ,-1.68  ,-4.94  ,-0.80   ,0.15  ,-2.60
201107   ,5.75   ,1.21   ,3.16   ,2.39  ,-0.26   ,2.21   ,0.35   ,1.16   ,1.56   ,3.75   ,3.37   ,1.86  ,-0.64   ,1.01   ,1.21   ,2.39   ,1.43   ,0.72  ,-1.48   ,1.45   ,5.13   ,2.59   ,0.30   ,0.85   ,0.51
201108 ,-10.87 ,-10.14  ,-9.56  ,-8.79  ,-9.29  ,-9.07 ,-12.17 ,-10.13  ,-9.03  ,-7.20 ,-10.82  ,-8.67  ,-7.68  ,-5.93  ,-8.22  ,-8.51  ,-9.58  ,-6.54  ,-8.88  ,-2.38  ,-9.75  ,-6.92  ,-5.93  ,-4.29  ,-6.31
201109 ,-18.02 ,-13.46 ,-12.83 ,-12.66 ,-12.61 ,-17.71 ,-15.10 ,-15.67 ,-15.67 ,-14.24 ,-20.83 ,-16.57 ,-14.54 ,-15.75 ,-18.23 ,-17.91 ,-16.30 ,-14.87 ,-16.84 ,-20.42 ,-18.21 ,-13.28 ,-14.21 ,-18.00 ,-16.23
201110  ,11.03   ,7.90  ,11.11   ,8.10  ,10.83  ,10.80  ,10.78  ,13.08  ,10.03  ,12.58  ,12.13  ,12.28  ,10.72  ,13.18  ,13.39  ,14.25  ,11.87  ,17.90  ,13.56  ,18.46   ,8.85  ,13.23  ,14.70  ,17.27  ,13.33
201111  ,-6.11  ,-3.30  ,-3.53  ,-2.97  ,-5.65  ,-5.56  ,-6.45  ,-5.83  ,-6.43  ,-6.74  ,-8.19  ,-6.37  ,-6.80  ,-4.50  ,-6.13  ,-4.72  ,-8.67  ,-6.59  ,-5.05  ,-7.89  ,-9.06  ,-7.17  ,-6.75  ,-6.43  ,-5.60
201112  ,-3.75  ,-1.56   ,0.26  ,-2.38  ,-0.04  ,-2.55  ,-1.09  ,-2.23  ,-1.24  ,-2.36  ,-2.88  ,-1.11  ,-3.39  ,-2.37  ,-0.74  ,-2.32  ,-1.46  ,-2.93  ,-1.17  ,-3.57   ,0.82  ,-0.45  ,-0.43  ,-2.64  ,-0.00
201201   ,8.12   ,5.98   ,7.58   ,6.36   ,6.72   ,8.28   ,8.22   ,6.03   ,8.48   ,9.16   ,8.36   ,9.63  ,10.72   ,8.96   ,9.79  ,12.16   ,7.86  ,10.18   ,9.27   ,8.85  ,14.66   ,9.80   ,8.61  ,12.69   ,9.74
201202   ,8.32   ,9.88   ,8.39   ,6.48   ,8.30   ,9.80   ,6.26   ,7.03   ,8.92   ,8.11   ,7.85   ,6.57   ,7.16   ,9.82   ,6.97   ,3.75   ,5.98   ,4.15   ,9.05   ,9.66   ,8.01   ,5.91   ,4.46   ,4.47   ,3.18
201203  ,-3.71  ,-1.43  ,-0.59  ,-0.61  ,-0.95  ,-4.33  ,-0.13  ,-1.55   ,1.04  ,-1.42  ,-5.43  ,-0.68  ,-0.33   ,0.48   ,0.35  ,-4.60  ,-1.43  ,-0.46  ,-2.36  ,-2.67  ,-7.38  ,-4.16   ,0.61  ,-2.68  ,-2.43
201204  ,-1.88   ,1.40   ,0.23   ,2.82   ,1.67  ,-3.90  ,-0.37   ,0.80   ,1.01   ,0.30  ,-0.02  ,-0.56  ,-0.80   ,0.19   ,0.02  ,-2.19  ,-0.88   ,1.91  ,-0.45  ,-0.45   ,3.29   ,0.00   ,2.56   ,0.49   ,2.32
201205 ,-14.28  ,-7.83  ,-7.92  ,-7.67  ,-8.76 ,-12.92  ,-7.84  ,-9.37  ,-8.97 ,-12.50 ,-12.44  ,-9.15  ,-9.98  ,-9.39  ,-9.20 ,-13.92 ,-12.46 ,-10.53 ,-12.03 ,-12.10 ,-10.28 ,-11.47 ,-11.40 ,-10.96 ,-12.15
201206  ,-2.25   ,2.84   ,1.49   ,1.81   ,3.22  ,-1.21   ,5.79   ,2.64   ,2.51   ,1.21  ,-1.00   ,2.92   ,4.93   ,3.03   ,2.03  ,-0.40   ,1.71   ,3.57   ,0.65   ,3.31   ,6.84   ,5.07   ,6.83   ,3.04   ,4.87
201207   ,0.07  ,-1.25   ,1.49   ,3.51   ,2.96  ,-0.13   ,1.71   ,1.55   ,2.50   ,3.00  ,-0.27   ,2.75   ,4.44   ,1.42   ,3.53   ,2.64   ,3.62   ,2.96   ,3.26   ,3.28   ,6.14   ,4.20   ,7.09   ,5.35   ,4.30
201208   ,0.67   ,1.09   ,2.40   ,0.72   ,1.15  ,-0.30   ,2.82   ,2.58   ,2.69   ,0.28   ,2.50   ,3.76   ,1.33   ,3.24   ,1.29   ,1.03   ,0.60   ,0.67   ,1.20   ,3.68   ,2.26   ,0.11   ,1.50   ,0.99   ,0.46
201209   ,4.83   ,4.07   ,6.68   ,3.99   ,2.93   ,7.36   ,6.86   ,6.34   ,5.42   ,4.68   ,5.28   ,5.23   ,6.15   ,6.30   ,4.32   ,6.72   ,3.82   ,4.02   ,4.70   ,4.56   ,6.22   ,5.80   ,3.30   ,3.15   ,4.99
201210   ,1.46   ,2.10   ,0.47   ,2.17   ,3.91   ,0.06   ,2.26   ,0.95   ,2.33   ,3.07   ,3.24   ,5.48   ,0.93   ,0.78   ,2.78   ,1.12   ,3.80   ,0.36   ,2.53   ,1.44  ,-0.22   ,1.95   ,0.39   ,3.02   ,2.97
201211  ,-0.72   ,0.35   ,0.09   ,0.59   ,4.16  ,-2.73   ,1.85  ,-0.18   ,0.18   ,1.95   ,0.31   ,1.72  ,-1.50   ,3.38   ,0.47   ,1.09   ,4.30   ,0.64   ,0.82   ,1.33   ,4.73   ,1.64   ,1.45   ,1.02   ,2.28
201212   ,2.49   ,7.28   ,3.37   ,4.82   ,3.20   ,4.18   ,6.45   ,4.48   ,5.11   ,2.57   ,4.40   ,4.31   ,4.31   ,3.96   ,4.14   ,4.91   ,2.41   ,1.76   ,2.67   ,1.46   ,2.31   ,1.67   ,1.59   ,3.96   ,3.95
201301   ,8.89   ,7.85   ,8.34   ,7.34   ,9.87   ,2.37   ,9.25   ,9.60   ,6.48   ,5.24   ,6.97   ,4.05   ,8.24   ,7.86   ,5.13   ,5.55   ,5.13   ,5.81   ,5.62   ,6.03   ,5.05   ,5.60   ,5.68   ,4.93   ,5.09
201302  ,-1.50   ,2.73   ,0.94   ,1.93   ,6.55  ,-1.81   ,1.06   ,2.43   ,1.14  ,-1.96   ,1.51   ,0.71   ,1.16   ,0.70   ,2.54   ,1.90   ,3.59  ,-1.09   ,2.30   ,2.48  ,-2.09   ,0.86   ,2.28   ,1.38   ,0.61
201303  ,-3.02  ,-0.26   ,0.01  ,-0.97   ,1.31  ,-4.66  ,-1.92   ,2.79   ,2.37   ,0.06  ,-0.27   ,0.62  ,-0.97   ,0.25   ,2.00   ,0.23  ,-1.00   ,0.72   ,3.67   ,1.97  ,-1.31  ,-0.37   ,0.68   ,0.84  ,-3.77
201304  ,-5.78  ,-0.27   ,0.63   ,0.18  ,-0.21  ,-5.35  ,-2.76   ,0.49  ,-2.60  ,-2.78  ,-0.48  ,-2.59  ,-0.40  ,-3.35  ,-0.12  ,-0.93   ,1.81   ,0.64  ,-0.03   ,4.01   ,2.70   ,2.41   ,4.83   ,3.22   ,2.86
201305  ,-3.53  ,-1.41   ,0.12  ,-2.25  ,-4.78  ,-3.66  ,-1.41  ,-3.17  ,-1.85  ,-3.42  ,-1.78  ,-4.04  ,-3.81  ,-1.84  ,-9.43  ,-3.36  ,-6.26  ,-7.17  ,-5.00  ,-6.55  ,-3.97  ,-1.96  ,-9.76  ,-7.39  ,-5.81
201306  ,-8.39  ,-5.23  ,-3.51  ,-5.37  ,-7.81  ,-6.86  ,-7.61  ,-5.70  ,-5.26  ,-8.85  ,-7.14  ,-4.08  ,-6.00  ,-7.74  ,-8.69  ,-8.03  ,-5.18  ,-7.02  ,-7.74  ,-4.82  ,-5.77  ,-6.95  ,-5.25  ,-4.90  ,-8.00
201307   ,8.49   ,5.37   ,2.65   ,5.72   ,8.53   ,4.02   ,3.59   ,5.33   ,4.05   ,4.51   ,4.32   ,1.36   ,2.88   ,3.25  ,-0.22   ,1.65   ,0.31   ,5.67   ,1.57   ,4.20   ,4.36  ,-0.97   ,4.45   ,4.59   ,4.28
201308   ,2.56   ,4.12   ,0.18   ,1.97   ,7.02   ,0.75  ,-1.88   ,1.33   ,0.64   ,0.50   ,0.65   ,1.31  ,-1.10  ,-0.54   ,1.04  ,-0.76   ,1.97  ,-1.63   ,1.15   ,0.34  ,-0.87  ,-2.16  ,-1.54  ,-0.26   ,2.12
201309   ,5.97   ,9.52   ,6.22   ,9.14   ,9.04   ,5.81   ,6.03   ,4.54   ,7.16   ,5.54   ,8.90   ,7.33   ,8.86   ,8.66   ,6.22   ,8.12  ,11.09   ,7.43   ,6.06   ,7.88   ,5.40   ,5.68   ,6.63   ,7.19   ,6.90
201310   ,3.18   ,1.38   ,2.03   ,4.42   ,5.87  ,-0.75   ,3.08   ,1.49   ,2.99   ,1.35  ,-2.92   ,4.25   ,2.00   ,1.55   ,3.95  ,-0.93   ,3.12   ,3.54   ,2.67   ,2.05   ,1.56   ,0.05   ,3.36   ,6.62   ,6.14
201311  ,-1.24   ,2.36   ,0.05  ,-3.12  ,-0.27  ,-3.42   ,2.89  ,-1.57  ,-3.82  ,-7.73  ,-2.26  ,-0.82  ,-0.42  ,-2.93  ,-3.56  ,-1.54   ,0.95  ,-2.50  ,-2.12  ,-5.91  ,-1.31  ,-1.58  ,-2.01  ,-1.90  ,-3.69
201312   ,0.00  ,-0.91  ,-1.08  ,-0.66  ,-0.46   ,3.92   ,5.94   ,1.67   ,1.60   ,1.00   ,0.04   ,1.59   ,0.76   ,0.39  ,-0.02  ,-1.74  ,-0.51   ,0.05  ,-0.73   ,1.31   ,0.15  ,-1.80  ,-2.16  ,-0.33   ,2.31
201401   ,2.69  ,-1.53   ,0.61   ,1.21   ,1.85  ,-3.49  ,-2.72  ,-1.83  ,-1.94  ,-1.43  ,-1.38  ,-3.70  ,-0.54  ,-3.66  ,-5.19  ,-2.58  ,-4.24  ,-5.29  ,-5.90  ,-4.11  ,-6.78  ,-4.15  ,-5.48  ,-5.42  ,-3.41
201402   ,5.44   ,4.70   ,5.10   ,4.79   ,5.66   ,2.12   ,2.25   ,4.38   ,3.56   ,6.25   ,5.15   ,2.22   ,5.02   ,3.05   ,6.25   ,3.58   ,6.45   ,3.42   ,7.17   ,7.09   ,5.27   ,5.39   ,5.00   ,6.57   ,5.78
201403   ,1.78   ,1.81   ,3.25   ,0.87   ,3.24  ,-1.87  ,-3.75   ,1.99   ,0.91   ,4.07  ,-1.69   ,0.14   ,2.68   ,2.23   ,4.21   ,2.11   ,1.83   ,3.92   ,1.98   ,4.19   ,0.39   ,3.77   ,1.10   ,2.59  ,-0.18
201404  ,-6.01  ,-0.29  ,-1.15  ,-0.18  ,-2.37  ,-0.74  ,-0.37   ,0.65  ,-1.80  ,-2.54   ,0.18   ,0.43   ,0.15   ,0.65   ,0.44   ,0.20   ,1.36   ,2.79   ,1.07   ,0.41   ,4.11   ,1.84   ,2.14   ,1.94   ,0.63
201405   ,1.33   ,3.74   ,1.64   ,1.00   ,1.95  ,-0.11   ,4.87   ,0.13   ,1.02  ,-0.25   ,1.68  ,-1.01   ,0.74   ,1.59   ,3.82   ,2.18  ,-1.29   ,0.77   ,0.40  ,-0.35   ,4.96   ,2.60   ,1.48   ,1.13   ,1.70
201406   ,2.24   ,0.80   ,2.58   ,1.04   ,1.26   ,1.19   ,2.30   ,0.25   ,1.53   ,2.90  ,-0.28   ,0.74   ,0.84   ,0.34  ,-0.55  ,-0.21   ,2.69   ,1.06   ,1.04  ,-0.53   ,0.35  ,-0.15  ,-0.21   ,1.17  ,-1.85
201407   ,5.78   ,7.13   ,2.84   ,5.50   ,4.26   ,4.90   ,2.17   ,1.66   ,5.13   ,2.28   ,3.07   ,1.35   ,2.37   ,3.15   ,2.63   ,2.04   ,1.49   ,1.38   ,2.34  ,-0.04   ,6.70   ,2.77   ,3.86   ,2.87   ,3.86
201408   ,2.73   ,3.83   ,0.43   ,5.11   ,2.21   ,2.85   ,0.93   ,0.10  ,-0.52   ,1.62   ,0.24  ,-0.21   ,0.13   ,1.88   ,3.32   ,0.18   ,0.60   ,1.80  ,-0.13   ,1.44  ,-1.19   ,0.92   ,0.48  ,-0.29  ,-2.62
201409  ,-5.98  ,-2.71  ,-3.90  ,-4.03  ,-6.81  ,-5.54  ,-4.24  ,-5.66  ,-5.46  ,-6.64  ,-9.06  ,-7.52  ,-7.07  ,-6.82  ,-9.06  ,-8.62  ,-4.52  ,-3.33  ,-6.54  ,-7.12  ,-6.37  ,-5.43  ,-6.22 ,-10.88 ,-12.06
201410  ,-0.90   ,1.10  ,-0.81  ,-0.09   ,0.58  ,-1.25   ,0.48  ,-1.65  ,-1.54  ,-4.32  ,-1.31   ,0.78  ,-0.57   ,2.65   ,0.77  ,-0.64   ,2.62   ,2.35   ,1.90   ,2.66   ,3.24   ,2.95   ,3.96   ,5.06   ,6.72
201411  ,-1.29   ,1.89   ,1.02  ,-1.07  ,-1.91  ,-2.01  ,-1.17  ,-1.58  ,-3.83  ,-3.80  ,-2.89  ,-3.93  ,-4.94  ,-3.74  ,-4.11  ,-2.23  ,-0.86  ,-2.15  ,-1.10  ,-2.29   ,0.40  ,-0.92  ,-0.52  ,-4.53  ,-5.90
201412  ,-7.44  ,-6.78  ,-0.67  ,-3.81  ,-5.32  ,-2.77  ,-5.23  ,-4.82  ,-4.24  ,-3.43  ,-5.60  ,-3.97  ,-2.63  ,-7.99   ,0.53  ,-1.91  ,-1.97   ,0.29  ,-0.42  ,-2.10  ,-3.22  ,-2.29  ,-3.37  ,-0.89  ,-6.37
201501  ,-0.69   ,0.64  ,-0.02  ,-2.69  ,-2.14  ,-2.64   ,1.26  ,-2.37  ,-1.99  ,-2.48  ,-0.61  ,-0.89  ,-3.75  ,-2.96  ,-2.32  ,-1.77   ,2.98   ,3.68  ,-0.64   ,0.03   ,9.32   ,3.39   ,0.98  ,-1.55  ,-2.56
201502   ,1.20   ,1.73   ,0.50   ,1.98   ,3.11   ,0.99   ,0.25   ,3.16   ,2.48   ,7.79   ,3.80   ,0.75   ,3.54   ,3.90   ,7.22   ,4.67   ,2.68  ,14.18   ,3.95   ,4.96  ,-0.17   ,1.18   ,1.71   ,5.69   ,3.80
201503   ,1.01   ,3.91  ,-0.40   ,4.48  ,-3.47  ,-0.67   ,2.10  ,-1.55   ,0.30   ,1.11  ,-1.58  ,-1.40   ,1.21  ,-2.74   ,0.48  ,-1.73  ,-0.89  ,12.48  ,-0.23   ,0.16   ,0.35  ,-0.29   ,0.33  ,-0.77  ,-4.88
201504  ,26.66  ,22.95  ,17.82  ,12.21  ,18.41  ,19.88  ,15.84  ,11.19  ,11.11  ,11.11  ,17.72  ,13.86  ,25.75   ,7.91   ,5.29   ,3.34   ,6.12  ,12.29   ,6.93   ,2.36   ,6.84   ,5.32   ,6.39   ,2.90   ,2.50
201505  ,19.59  ,12.10   ,6.41   ,4.17  ,10.19   ,5.74   ,4.02  ,-0.13   ,4.12   ,5.40   ,5.18  ,-2.43   ,1.05  ,-0.02  ,-0.85   ,0.34  ,-2.05 ,-14.44  ,-0.76  ,-1.55  ,-0.50  ,-1.14  ,-1.53  ,-4.72  ,-2.80
201506   ,2.74  ,-2.07  ,-1.61  ,-2.91  ,-4.81  ,-5.72  ,-5.57  ,-4.07  ,-4.25  ,-1.19  ,-7.11  ,-6.50  ,-9.84  ,-5.72  ,-5.49  ,-4.95  ,-5.59 ,-16.58  ,-5.20  ,-4.96  ,-5.01  ,-4.00  ,-2.42  ,-3.12  ,-6.40
201507  ,-9.82  ,-9.48  ,-9.12  ,-7.19  ,-5.69 ,-14.67 ,-11.73  ,-7.85  ,-5.35  ,-6.78 ,-12.54  ,-8.82  ,-7.88  ,-5.99  ,-8.58  ,-6.29  ,-4.45  ,-4.28  ,-5.54  ,-3.21  ,-2.66  ,-4.96  ,-2.14  ,-2.31   ,0.78
201508 ,-12.16 ,-11.45 ,-11.92  ,-9.11  ,-7.57 ,-13.42 ,-13.83  ,-8.11  ,-9.30 ,-11.30 ,-13.14 ,-10.90 ,-10.79  ,-6.66 ,-11.61 ,-10.19 ,-10.74  ,-6.19  ,-8.98  ,-9.17  ,-8.49  ,-8.85 ,-11.91 ,-11.62 ,-12.34
201509  ,-0.43   ,1.19   ,0.72   ,1.18  ,-0.57   ,0.40   ,0.09   ,2.05  ,-1.88  ,-1.36   ,0.20  ,-0.57  ,-2.42  ,-3.81   ,4.81  ,-2.20  ,-3.61  ,-1.81  ,-2.16   ,0.73  ,-2.63  ,-1.58  ,-4.18  ,-3.71  ,-5.90
201510   ,6.74   ,9.44   ,5.48   ,6.90   ,9.38   ,3.25   ,5.47   ,6.27   ,6.42   ,7.05   ,3.42   ,7.38   ,7.19   ,8.58   ,6.58   ,7.59   ,6.35   ,5.93   ,8.28   ,8.15   ,7.72   ,7.41   ,8.32   ,6.29   ,8.11
201511  ,-2.53  ,-1.12  ,-1.58   ,0.61   ,1.04  ,-1.50   ,0.27  ,-0.24   ,0.13  ,-0.36  ,-1.84   ,2.72  ,-1.54  ,-1.91   ,0.97   ,0.60  ,-0.87  ,-1.49  ,-0.31   ,1.79  ,-5.63  ,-5.05  ,-2.17   ,1.26  ,-4.36
201512   ,1.03   ,0.46   ,0.45  ,-0.42  ,-0.06   ,0.96   ,1.87   ,3.73   ,3.83   ,3.97  ,-1.68   ,1.72   ,0.61   ,3.10   ,5.45   ,0.65   ,0.23  ,-1.74   ,1.82   ,3.67   ,2.30   ,1.35   ,1.97   ,2.77   ,1.79
201601  ,-7.97  ,-8.52  ,-8.90  ,-9.24  ,-6.90 ,-11.64 ,-10.59  ,-7.95  ,-8.44  ,-8.35 ,-11.61 ,-11.55  ,-9.84  ,-8.66 ,-10.41  ,-8.73  ,-8.49  ,-8.82 ,-12.80  ,-7.05  ,-9.24  ,-9.14 ,-10.27  ,-9.12  ,-6.23
201602   ,0.13   ,1.29   ,3.29   ,0.06   ,4.34   ,2.34   ,1.64   ,1.26  ,-3.61   ,0.26   ,1.48  ,-0.80   ,2.85   ,0.16   ,0.49   ,1.73   ,2.36   ,2.35   ,0.97   ,3.40   ,2.67   ,4.35  ,-0.71  ,-2.43   ,1.33
201603   ,9.27   ,9.19   ,9.77   ,8.71  ,11.00   ,7.89   ,7.38   ,8.97  ,10.08   ,6.30   ,4.65   ,7.60   ,7.98   ,9.52   ,9.15   ,8.89  ,11.83  ,10.46  ,13.16  ,10.02   ,7.14   ,9.27  ,12.86  ,11.69  ,12.11
201604   ,3.08   ,2.84   ,3.26   ,3.65   ,2.70   ,3.00   ,1.25   ,2.85   ,4.57   ,2.27   ,2.87   ,0.71   ,3.41   ,2.56   ,1.68   ,2.59   ,2.14   ,2.47   ,1.63  ,-1.13  ,-0.87   ,0.32   ,1.78   ,1.63   ,2.01
201605  ,-1.84  ,-2.07  ,-1.05  ,-1.01   ,0.47  ,-1.80  ,-4.07  ,-0.72  ,-2.24  ,-1.26  ,-2.46  ,-1.12  ,-2.80   ,1.01  ,-0.53  ,-0.65  ,-2.71  ,-1.58  ,-1.85  ,-0.75  ,-2.08  ,-1.40  ,-3.04  ,-1.53  ,-1.36
201606  ,-0.07   ,1.05   ,1.13   ,4.06   ,3.58  ,-0.96   ,2.44   ,2.90  ,-2.17   ,2.74  ,-4.55   ,1.04   ,0.94   ,2.71   ,2.16  ,-1.12  ,-0.95  ,-1.05   ,0.30   ,0.48   ,0.58   ,1.44   ,1.76   ,0.55  ,-1.36
201607   ,4.04   ,1.43   ,3.57   ,4.52   ,2.79   ,2.30  ,-2.10   ,2.44   ,5.39   ,4.43   ,0.96   ,3.69   ,1.56   ,4.97   ,6.93  ,-0.57   ,5.87   ,3.23   ,7.40   ,7.86   ,5.76   ,7.73   ,4.56   ,6.47   ,8.03
201608  ,-0.31   ,3.34   ,2.01   ,3.19  ,-0.48  ,-0.22   ,0.05   ,1.92   ,5.71   ,2.76  ,-0.12   ,0.47   ,2.15   ,1.31   ,3.75  ,-1.08  ,-0.43   ,1.48   ,0.05  ,-0.64  ,-1.76   ,0.42   ,1.82  ,-1.91  ,-3.17
201609   ,5.75   ,4.19   ,3.07   ,2.99   ,6.22   ,4.14   ,3.54   ,2.19   ,2.85   ,5.75   ,3.20   ,1.99   ,5.07   ,4.25   ,1.98   ,3.46   ,0.64  ,-0.14   ,2.47   ,1.04   ,2.63   ,2.56   ,2.54   ,3.19   ,1.96
201610   ,1.44   ,1.92   ,0.89  ,-1.11   ,1.91  ,-1.08   ,2.75   ,0.32   ,1.06  ,-2.46  ,-1.94  ,-1.11  ,-2.17  ,-3.42  ,-1.90   ,1.21  ,-2.84  ,-2.01  ,-0.43  ,-4.62  ,-3.16  ,-0.10  ,-1.75  ,-0.68  ,-3.92
201611  ,-0.69   ,0.16  ,-0.61   ,0.16  ,-7.07  ,-2.23  ,-1.65  ,-3.06  ,-2.77  ,-3.03  ,-1.16  ,-1.24   ,0.60  ,-2.86  ,-1.46  ,-1.23  ,-1.60   ,1.07   ,0.64  ,-0.56   ,1.86  ,-3.51   ,1.52   ,0.99  ,-0.09
201612  ,-1.92  ,-2.06  ,-0.78  ,-0.14  ,-0.37  ,-1.97   ,1.09  ,-0.48  ,-0.22  ,-1.30  ,-1.92   ,0.73  ,-1.70  ,-4.25  ,-0.65  ,-0.39  ,-0.58  ,-2.55  ,-0.55  ,-2.93  ,-2.78  ,-3.63  ,-2.41   ,0.65  ,-3.09
201701   ,6.59   ,3.24   ,3.53   ,4.53   ,7.77   ,3.50   ,5.42   ,5.09   ,4.32   ,5.43   ,1.13   ,2.62   ,1.27   ,1.78   ,5.38   ,2.66   ,6.56   ,5.13   ,4.66   ,1.24   ,8.46   ,8.38   ,8.16   ,4.93   ,5.30
201702   ,1.17   ,2.21   ,2.66   ,2.85   ,0.19   ,0.60   ,2.99   ,0.51  ,-0.29   ,1.55   ,1.74   ,3.43   ,3.39   ,0.08  ,-3.25   ,3.04   ,4.88   ,2.68   ,0.29   ,2.51   ,0.92   ,2.75   ,1.41   ,4.10   ,1.12
201703  ,-0.90   ,0.87   ,0.46   ,4.11  ,-0.83  ,-1.04  ,-0.74   ,0.08   ,1.55   ,0.17   ,2.39   ,1.05   ,1.81   ,4.64   ,3.13   ,1.93   ,3.01   ,2.39   ,1.69   ,0.27   ,1.38   ,4.79   ,1.73   ,2.77   ,5.11
201704  ,-3.86  ,-1.27  ,-0.51   ,0.76  ,-2.00  ,-1.95  ,-2.24  ,-0.90   ,0.15   ,1.31  ,-0.31  ,-0.89  ,-0.51  ,-0.77  ,-1.44   ,0.01  ,-1.18   ,0.74   ,0.34   ,0.91   ,2.97   ,1.68   ,1.89  ,-1.29  ,-0.31
201705  ,-3.57   ,1.31  ,-0.53  ,-0.02  ,-1.11  ,-0.94   ,1.32   ,1.36   ,1.63  ,-0.27  ,-2.36   ,0.69  ,-2.87   ,0.62  ,-3.40   ,0.41   ,1.96   ,2.84   ,0.44   ,1.20   ,0.99   ,1.50   ,3.77  ,-4.87   ,0.05
201706  ,-0.94  ,-2.25   ,0.83   ,1.65   ,1.03  ,-2.61   ,2.79   ,1.33   ,1.06   ,3.45   ,1.34   ,3.31   ,2.57   ,3.54  ,-4.26   ,1.51   ,1.30   ,4.60   ,2.69   ,4.84  ,-0.41  ,-0.69   ,2.72   ,3.26   ,3.76
201707   ,2.97   ,4.25   ,1.43   ,4.63   ,5.05   ,2.81   ,4.48   ,3.99   ,2.46   ,5.36   ,0.87   ,1.12   ,2.30   ,2.78   ,1.38   ,3.35   ,5.00   ,1.29   ,3.06   ,3.51   ,6.60   ,3.63   ,3.77   ,4.69  ,-0.71
201708   ,0.32  ,-0.48  ,-0.28   ,3.61   ,4.90  ,-1.49  ,-0.34  ,-1.85   ,0.61  ,-0.19  ,-0.70   ,2.42  ,-0.42   ,0.36  ,-0.68   ,2.25  ,-0.01   ,1.79   ,0.01   ,0.95   ,3.52   ,2.74   ,1.06  ,-2.36   ,0.73
201709   ,3.00   ,1.74   ,1.00   ,1.55   ,0.46   ,3.08   ,3.71   ,0.97   ,0.62   ,1.84   ,0.82   ,1.64  ,-0.02  ,-0.49  ,-1.02   ,2.01   ,0.09   ,5.03  ,-2.57  ,-0.91  ,-0.93  ,-0.80  ,-1.56   ,0.43   ,1.12
201710   ,5.20   ,2.04   ,2.12   ,4.48   ,5.51   ,3.71   ,3.16   ,2.25   ,0.76  ,-0.01   ,2.78   ,4.40   ,0.36   ,2.94   ,2.65   ,3.04   ,2.36   ,2.40   ,1.97   ,4.23   ,2.50   ,2.52   ,0.45   ,1.28  ,-0.43
201711   ,1.39   ,0.13  ,-0.71  ,-2.48   ,8.06  ,-0.80  ,-2.23  ,-3.57  ,-4.78  ,-0.43  ,-0.40  ,-1.14  ,-0.39  ,-0.42   ,1.76   ,0.66   ,0.27  ,-1.39  ,-1.19   ,0.82  ,-0.17   ,3.04   ,1.82  ,-0.09   ,1.90
201712   ,3.09   ,4.64   ,1.57   ,4.11   ,5.17   ,5.13  ,-2.29   ,2.81   ,4.31   ,6.32   ,5.82   ,1.29   ,2.80   ,2.90   ,3.37   ,1.77   ,1.59   ,4.84   ,4.98   ,3.25   ,3.28   ,0.52   ,2.89   ,4.47   ,4.65
201801   ,3.52   ,4.52   ,4.02   ,9.09   ,2.86   ,4.08   ,4.11   ,4.61   ,2.49   ,4.68   ,3.73   ,4.06   ,2.10   ,2.38   ,4.52   ,5.21   ,5.82   ,1.17   ,4.25   ,5.40   ,6.10   ,5.32   ,2.54   ,4.27   ,5.57
201802  ,-4.86  ,-2.34  ,-4.05  ,-1.52  ,-1.71  ,-4.19  ,-3.40  ,-0.84  ,-1.97  ,-4.28  ,-0.33  ,-1.18  ,-7.55  ,-0.69  ,-2.31  ,-2.02  ,-7.86  ,-2.41  ,-4.70  ,-2.93  ,-6.33  ,-4.77  ,-1.81  ,-2.15  ,-1.84
201803  ,-2.47  ,-0.56  ,-1.40  ,-1.64   ,3.05  ,-1.01  ,-1.79  ,-2.33  ,-1.75  ,-2.83  ,-5.91  ,-3.46  ,-2.49  ,-1.33  ,-1.74  ,-4.58  ,-4.47  ,-2.00  ,-1.58  ,-2.28  ,-3.12  ,-2.27  ,-2.69  ,-5.00  ,-4.48
201804  ,-2.68  ,-3.74  ,-2.63  ,-3.58   ,2.40  ,-1.90  ,-4.05  ,-0.21  ,-0.78  ,-3.93  ,-0.86  ,-0.36  ,-2.38   ,0.70  ,-0.60   ,2.46   ,0.37  ,-1.67   ,1.03  ,-2.58   ,3.31   ,3.93   ,3.58   ,0.60   ,3.00
201805  ,-0.06  ,-1.34   ,0.99   ,0.64   ,8.04   ,1.90  ,-0.34  ,-1.64   ,2.57   ,4.71  ,-1.84  ,-0.75   ,0.21   ,5.96   ,2.29  ,-0.80   ,0.55   ,0.08   ,1.41   ,5.68  ,-2.04  ,-1.31   ,1.04  ,-0.31   ,1.96
201806  ,-5.60  ,-3.43  ,-3.35  ,-2.89  ,-5.87  ,-5.53  ,-4.67  ,-0.54  ,-3.58  ,-0.76  ,-2.81  ,-3.07  ,-2.71  ,-3.47  ,-1.86  ,-2.28  ,-4.85   ,0.27  ,-2.41  ,-4.10  ,-1.91  ,-4.73  ,-2.52  ,-0.03  ,-4.52
201807  ,-0.92  ,-1.78  ,-0.77  ,-1.81  ,-3.98  ,-1.46  ,-0.69   ,0.20  ,-0.17  ,-2.90  ,-0.38  ,-2.53   ,0.05   ,0.58  ,-4.12   ,2.66   ,0.89   ,0.25  ,-0.07   ,0.38  ,-0.09   ,1.79   ,3.33   ,0.75   ,1.80
201808  ,-3.93  ,-3.30  ,-1.64  ,-2.74  ,-4.93  ,-4.05  ,-3.34  ,-3.29  ,-1.72  ,-2.74  ,-2.57  ,-4.65  ,-2.78  ,-1.05  ,-1.85  ,-4.81  ,-1.75  ,-1.25   ,0.91   ,0.90  ,-2.36  ,-3.33  ,-2.69  ,-3.01   ,0.99
201809  ,-1.18  ,-1.76  ,-0.87  ,-3.80  ,-4.12  ,-2.42  ,-0.94   ,0.19   ,0.30   ,1.57   ,0.89  ,-3.78   ,0.65  ,-1.78   ,1.39  ,-2.50   ,1.06   ,0.83   ,0.45   ,0.90   ,1.20   ,0.83  ,-0.34  ,-0.31  ,-5.05
201810  ,-8.63  ,-7.99  ,-8.38  ,-7.97  ,-7.52  ,-9.34  ,-6.33  ,-5.38  ,-9.25  ,-8.77  ,-9.29  ,-7.38 ,-10.86 ,-11.70  ,-8.53 ,-11.83  ,-7.94  ,-9.19 ,-11.79  ,-8.35  ,-8.53  ,-9.05 ,-11.21  ,-8.44  ,-6.70
201811   ,0.13   ,6.14   ,2.59  ,-0.03   ,1.48   ,1.62   ,2.38   ,2.78   ,0.46   ,1.58   ,3.28   ,4.75   ,4.29   ,3.93   ,5.59   ,6.06   ,2.04   ,1.36   ,5.53   ,1.87   ,1.82   ,5.41   ,4.65   ,3.03   ,1.88
201812  ,-5.41  ,-0.78  ,-3.89  ,-2.62  ,-3.39  ,-5.40  ,-1.42  ,-5.77  ,-3.78  ,-6.03  ,-4.84  ,-1.51  ,-4.93  ,-4.99  ,-5.07  ,-3.66  ,-4.29  ,-4.92  ,-5.01  ,-6.08  ,-2.28  ,-1.23  ,-2.13  ,-1.02  ,-2.00
201901   ,1.93   ,1.29   ,2.93   ,1.47   ,1.38   ,2.94   ,3.78   ,3.36   ,3.55   ,4.33   ,1.02   ,2.32   ,4.37   ,4.44   ,8.04   ,8.22   ,8.19   ,6.39   ,7.18   ,8.99   ,8.98   ,7.85   ,5.55   ,5.37  ,10.15
201902  ,-0.11   ,2.69   ,1.04   ,0.38   ,0.54   ,2.24   ,0.77   ,2.05   ,2.90   ,2.57   ,3.66   ,3.28   ,4.79   ,5.42   ,2.00   ,0.79   ,3.33   ,2.99   ,5.02   ,2.30   ,5.52   ,1.72   ,4.67   ,5.35   ,1.50
201903   ,0.79  ,-0.78   ,0.73   ,0.45   ,2.68   ,1.67   ,1.70   ,1.87   ,0.20   ,2.54  ,-0.58   ,2.26  ,-2.61   ,1.69  ,-0.32   ,1.93  ,-1.21   ,0.29   ,1.33   ,1.01   ,2.56   ,3.27  ,-1.11   ,0.30   ,2.71
201904   ,0.43   ,0.18   ,1.70   ,0.41   ,0.01   ,3.01   ,1.92   ,2.05  ,-0.25   ,1.70  ,-0.08   ,2.26   ,1.70   ,2.36   ,1.81   ,1.55  ,-0.03   ,0.26   ,2.71   ,2.50   ,0.67   ,1.69   ,2.27   ,1.59   ,2.76
201905  ,-3.44  ,-4.50  ,-2.84  ,-5.91  ,-4.76  ,-4.62  ,-5.08  ,-6.16  ,-2.66  ,-2.39  ,-5.61  ,-1.32  ,-4.25  ,-1.65  ,-4.63  ,-5.69  ,-5.99  ,-5.77  ,-6.16  ,-4.00  ,-4.93  ,-6.36  ,-3.22  ,-2.97  ,-2.76
201906   ,0.59  ,-0.51   ,2.31  ,-0.87  ,-0.72   ,0.85   ,0.41   ,0.56   ,1.40   ,3.84  ,-3.19   ,0.91   ,2.17   ,0.98   ,3.51   ,2.18   ,5.39   ,5.48   ,6.12   ,5.47   ,6.14   ,6.65   ,5.38   ,6.35   ,5.56
201907   ,0.79  ,-1.85  ,-1.31  ,-1.63   ,1.19  ,-0.26  ,-2.15   ,0.22  ,-0.85   ,2.35  ,-1.74  ,-0.53  ,-0.90  ,-0.74   ,3.86  ,-3.57  ,-0.78  ,-0.51   ,1.77   ,1.46  ,-4.63  ,-3.07  ,-1.32   ,0.06   ,0.18
201908  ,-4.09  ,-4.28  ,-5.73  ,-3.94  ,-3.57  ,-7.12  ,-4.18  ,-4.27  ,-4.51  ,-3.71  ,-5.36  ,-4.20  ,-8.37  ,-6.26  ,-6.46  ,-8.37  ,-6.52  ,-3.62  ,-8.14  ,-7.29  ,-7.99  ,-8.19  ,-5.64  ,-4.27  ,-4.90
201909   ,1.76   ,0.74   ,3.45   ,1.70   ,2.41   ,2.26   ,1.62   ,3.51   ,2.08   ,2.83   ,1.75   ,3.65   ,0.32   ,4.30   ,3.62   ,0.99   ,5.04   ,4.55   ,3.98  ,-0.97  ,-0.25  ,-0.61   ,2.65   ,1.50  ,-0.04
201910  ,-0.66   ,2.53   ,0.68   ,3.57   ,3.39  ,-1.43   ,1.90   ,1.08   ,4.05   ,2.43   ,1.23   ,3.15   ,0.64   ,0.64   ,0.30   ,1.97   ,0.83   ,2.31   ,3.21   ,3.48   ,4.87   ,4.23   ,0.55   ,5.22   ,4.96
201911  ,-3.63   ,0.91  ,-0.24  ,-4.41   ,0.34  ,-2.54  ,-0.63  ,-0.94   ,0.84  ,-1.15  ,-0.41   ,0.01   ,0.84   ,0.34  ,-2.45  ,-0.23   ,0.55  ,-0.05   ,3.14   ,0.98  ,-0.39  ,-0.83  ,-2.68   ,0.20   ,4.16
201912   ,3.23   ,5.68   ,3.82   ,4.04   ,3.86   ,3.17   ,4.84   ,5.42   ,5.45   ,5.63   ,5.13   ,6.89   ,1.91   ,4.83   ,2.45   ,2.98   ,0.64   ,4.32   ,3.69   ,1.94   ,2.63   ,3.79   ,1.98   ,2.76   ,3.76
202001  ,-3.20  ,-7.24  ,-4.46  ,-4.08  ,-3.99  ,-3.44  ,-4.14  ,-4.12  ,-5.70  ,-4.83  ,-3.75  ,-4.37  ,-8.95  ,-4.87  ,-6.06  ,-4.63   ,0.26  ,-5.93  ,-5.46  ,-0.74  ,-5.60  ,-4.11  ,-2.09  ,-0.85  ,-0.56
202002  ,-8.43  ,-4.63  ,-5.88  ,-8.69 ,-10.03  ,-8.06  ,-6.31  ,-7.58  ,-7.75  ,-6.58  ,-7.87  ,-5.98  ,-8.08  ,-9.15  ,-9.65  ,-5.67 ,-10.22 ,-10.04  ,-9.74  ,-7.92  ,-3.94  ,-3.08  ,-6.29  ,-7.53  ,-9.12
202003 ,-18.51 ,-17.34 ,-21.19 ,-19.08 ,-20.85 ,-18.48 ,-22.30 ,-23.87 ,-21.44 ,-25.52 ,-20.14 ,-12.16 ,-20.26 ,-23.64 ,-20.22 ,-21.74 ,-28.93 ,-25.77 ,-20.60 ,-19.15 ,-17.80 ,-13.69 ,-24.91 ,-17.07 ,-14.76
202004  ,11.44   ,6.12   ,8.71   ,8.47  ,10.02   ,9.03   ,7.21  ,10.35  ,10.55  ,22.41  ,13.40   ,6.65  ,11.00  ,13.89  ,18.74  ,10.56  ,18.84  ,15.37  ,11.80  ,19.60   ,9.65   ,5.26  ,10.07  ,15.56  ,12.86
202005   ,4.80   ,0.92  ,-1.05  ,-0.16   ,7.47   ,1.67  ,-0.11   ,3.81   ,3.28  ,10.51   ,5.87   ,5.82   ,3.61   ,7.42   ,6.72  ,-0.72   ,6.96   ,2.60   ,4.43   ,7.42  ,-7.32  ,-8.72   ,0.55   ,4.48   ,2.33
202006   ,5.84   ,6.11   ,3.89   ,7.45   ,6.16   ,3.56   ,5.01   ,4.89   ,4.88   ,9.77   ,4.22  ,10.02   ,5.32   ,2.59   ,1.48   ,6.81  ,11.91   ,7.03   ,6.90   ,1.89   ,9.52   ,9.56   ,7.33   ,7.95   ,5.66
202007  ,10.46   ,3.93   ,3.09   ,6.24   ,4.75   ,3.68   ,0.68   ,2.82   ,6.19   ,2.06   ,0.03   ,3.37   ,3.06   ,0.94   ,7.08  ,-1.81   ,2.18   ,2.59   ,4.19   ,2.49  ,-0.07  ,-0.15  ,-1.17   ,8.76   ,5.00
202008   ,9.26   ,9.78   ,5.38   ,6.92   ,9.50   ,2.36   ,5.56   ,3.56   ,7.76  ,11.18   ,3.49   ,4.97   ,5.62   ,8.33   ,8.60  ,10.48   ,6.50  ,14.23  ,10.91  ,11.74  ,11.03   ,4.20   ,5.30   ,3.47   ,6.20
202009  ,-1.09  ,-2.86  ,-1.17  ,-1.49  ,-2.81  ,-2.83  ,-4.53  ,-0.28  ,-1.68  ,-4.13  ,-3.62  ,-0.99  ,-3.73  ,-0.55  ,-2.83  ,-3.54  ,-1.07  ,-2.09  ,-4.66  ,-3.09  ,-2.66  ,-5.88  ,-5.87  ,-6.47  ,-6.53
202010   ,0.26   ,1.78   ,4.33   ,1.24   ,2.00  ,-0.17  ,-0.68   ,1.24   ,1.75  ,-1.30  ,-4.29  ,-2.38  ,-1.73  ,-2.19   ,1.38  ,-1.55   ,3.12   ,0.75   ,2.59   ,1.98   ,2.02  ,-1.14   ,1.06   ,0.08  ,-1.77
202011  ,10.04   ,9.96   ,9.42   ,9.74   ,8.44  ,11.34   ,9.95  ,11.84  ,10.33  ,13.27   ,7.75  ,11.16  ,13.37  ,15.48  ,11.27  ,12.25  ,16.57  ,14.28  ,15.25   ,8.45  ,10.43  ,14.10  ,19.43   ,8.90  ,11.94
202012   ,8.09   ,9.41   ,6.20   ,4.93   ,5.66   ,7.12   ,3.18   ,8.20   ,5.99   ,8.31   ,3.89   ,2.34   ,8.49   ,6.72   ,5.53   ,2.60   ,7.42   ,5.51   ,9.60   ,3.52   ,4.80   ,1.81   ,4.53   ,5.08   ,7.67
202101   ,6.79   ,3.91  ,11.23   ,5.66  ,-0.04   ,4.97   ,2.71   ,5.08   ,2.68  ,-1.16  ,-0.88   ,1.85  ,-1.03  ,-2.46   ,0.58   ,2.55  ,-0.97   ,0.20  ,-1.94   ,4.17   ,6.36   ,2.71   ,0.81   ,1.67  ,-1.83
202102   ,7.37   ,6.46   ,6.27   ,6.08   ,3.94   ,6.69   ,4.53   ,4.31   ,3.25   ,6.84   ,5.05   ,8.53   ,9.37   ,4.76   ,3.09   ,4.75   ,7.47  ,-1.61   ,5.41   ,0.42   ,4.65   ,3.68   ,4.24   ,1.82   ,3.60
202103  ,-1.80  ,-1.47   ,2.75   ,0.51  ,-0.92  ,-2.97   ,2.00  ,-4.82   ,1.66  ,-0.79  ,-0.45   ,0.28  ,-0.56   ,3.31  ,-1.31  ,-1.66   ,5.53   ,1.86   ,1.21   ,1.26   ,0.87   ,3.95   ,2.40   ,1.49  ,-1.21
202104   ,6.32   ,7.31   ,4.07  ,10.59   ,4.92   ,6.47   ,7.76   ,3.20   ,6.82   ,8.26   ,4.05   ,4.23   ,3.50   ,3.92   ,7.25   ,4.65   ,3.94   ,7.05   ,6.56   ,3.77   ,4.89   ,2.69   ,3.71   ,4.07   ,4.72
202105   ,0.02   ,2.31   ,2.18   ,3.80   ,5.35   ,0.21   ,3.33   ,5.46   ,1.75   ,1.88  ,-0.12   ,0.67   ,0.64   ,0.16   ,4.65  ,-0.31   ,0.85  ,-1.13   ,3.06  ,-0.17  ,-0.50   ,1.09   ,3.62   ,2.71   ,1.53
202106  ,-3.33   ,1.22  ,10.10   ,6.86  ,-3.00  ,-1.87   ,0.77   ,2.53   ,1.52   ,0.86  ,-2.04  ,-1.05   ,4.48  ,-1.26  ,-1.65   ,0.74   ,3.19  ,-0.58   ,2.03   ,5.36   ,2.69  ,-1.43  ,-3.45  ,-1.62  ,-0.55
202107  ,-0.39  ,-1.67   ,1.19  ,-1.00  ,-0.15  ,-2.77  ,-2.82   ,0.08   ,0.50   ,0.59  ,-4.33  ,-4.43  ,-3.87  ,-3.23  ,-3.01  ,-2.88  ,-0.52  ,-5.93  ,-1.35  ,-2.84  ,-4.96  ,-3.97  ,-2.85  ,-0.96   ,1.15
202108   ,0.80   ,1.69   ,1.26   ,2.04  ,-0.04   ,1.89   ,1.42  ,-0.25  ,-0.72   ,0.36   ,5.36   ,3.51   ,7.35   ,4.68   ,3.68   ,5.57   ,3.94   ,3.62   ,0.24  ,-0.85   ,4.93   ,0.19   ,0.33   ,4.04  ,-2.66
202109   ,0.90   ,0.04   ,1.84  ,-2.37  ,-0.44  ,-0.93  ,-1.15  ,-1.66  ,-3.43  ,-4.07   ,0.43  ,-2.12  ,-0.70  ,-4.90  ,-1.87  ,-2.52  ,-3.78  ,-1.65  ,-3.27  ,-1.17  ,-5.99  ,-4.05  ,-0.58  ,-5.04  ,-8.43
202110   ,5.48   ,5.11   ,3.56   ,4.04   ,9.25   ,5.33   ,2.51   ,2.76   ,6.36   ,6.87   ,8.23   ,3.33  ,-0.02   ,4.90   ,7.42   ,4.76   ,3.45   ,1.94   ,4.24   ,4.89   ,5.82   ,5.10   ,3.23   ,3.81   ,1.56
202111  ,-6.45  ,-5.78  ,-2.38  ,-3.53  ,-3.36  ,-4.73  ,-2.57  ,-6.89   ,0.32  ,-0.08  ,-1.42  ,-5.71  ,-7.68  ,-8.08  ,-5.27  ,-5.44  ,-4.46  ,-4.64  ,-6.04  ,-4.82  ,-9.86  ,-8.61  ,-8.02  ,-4.16   ,0.26
202112   ,1.23   ,2.25   ,2.47   ,1.06   ,2.54   ,3.35   ,1.42   ,3.86   ,1.91   ,1.62  ,-3.38   ,1.18   ,2.72   ,4.54   ,3.05   ,2.38   ,4.90   ,2.38   ,4.34   ,2.75  ,-7.20   ,1.76   ,4.55   ,4.18   ,2.94
202201  ,-5.06  ,-3.97  ,-2.07  ,-2.55  ,-5.07  ,-8.69  ,-3.06  ,-5.73  ,-6.57  ,-7.22  ,-8.99  ,-1.88  ,-8.48 ,-10.16 ,-14.26  ,-7.23  ,-6.69  ,-5.37  ,-6.18 ,-11.10  ,-7.78  ,-0.52  ,-1.03  ,-8.35  ,-6.37
202202  ,-2.36  ,-0.86  ,-0.73  ,-0.97   ,2.67  ,-0.72  ,-0.10   ,1.38  ,-2.81   ,1.40  ,-2.81   ,0.02   ,2.42   ,1.25   ,3.38   ,4.83   ,2.89   ,2.85   ,3.60   ,1.57   ,2.12   ,0.79   ,2.25  ,-0.71   ,2.99
202203   ,8.38  ,-1.04   ,3.23  ,-0.00   ,5.36   ,9.69   ,1.04   ,5.26   ,2.48   ,3.60   ,5.81   ,2.27   ,0.39   ,5.42   ,4.61   ,8.22   ,6.24   ,1.87   ,7.44   ,7.71  ,-0.30   ,5.01   ,6.02   ,1.62   ,8.46
202204  ,-4.62  ,-1.88  ,-2.63  ,-2.59  ,-5.04  ,-4.98  ,-2.53  ,-3.60  ,-4.49  ,-5.40  ,-5.90  ,-3.15  ,-2.06  ,-6.30  ,-7.21  ,-4.10  ,-3.34  ,-4.96  ,-4.18  ,-7.08  ,-7.27  ,-3.53  ,-5.47  ,-5.49  ,-5.69
202205  ,-5.03  ,-1.41  ,-0.34   ,0.84  ,-1.18  ,-6.39  ,-2.44  ,-1.57  ,-1.55  ,-0.57  ,-2.32  ,-0.31  ,-1.78  ,-3.31  ,-8.16  ,-0.92  ,-0.11  ,-0.87  ,-2.91  ,-3.08  ,-2.92   ,2.82   ,0.48   ,0.16  ,-0.58
202206 ,-12.90  ,-4.53  ,-2.48  ,-2.75  ,-9.87 ,-14.80  ,-3.03  ,-9.74  ,-8.74  ,-9.61 ,-11.57  ,-2.67  ,-5.88 ,-11.07 ,-13.87 ,-10.99  ,-7.03  ,-8.37 ,-11.90  ,-9.53  ,-1.89  ,-7.68  ,-6.05  ,-6.41  ,-9.11
202207   ,7.56   ,1.95   ,1.58   ,4.08   ,4.31   ,6.01   ,2.28   ,2.16   ,3.11   ,6.93  ,10.96  ,-1.12   ,5.05   ,7.25   ,7.09   ,3.51   ,2.76   ,5.67   ,3.45   ,4.39   ,3.13   ,0.38   ,4.37   ,1.46   ,2.90
202208   ,0.01   ,0.52  ,-1.62   ,0.68  ,-1.40  ,-2.06  ,-0.01   ,2.03  ,-0.74  ,-1.22  ,-0.14  ,-1.46  ,-1.46   ,1.03  ,-1.43   ,1.06  ,-1.21   ,0.53   ,2.15   ,0.57  ,-3.79  ,-0.63  ,-0.92  ,-2.00  ,-0.45
202209 ,-10.93  ,-8.57  ,-9.73  ,-9.02  ,-9.26 ,-11.77  ,-8.61  ,-7.24 ,-12.07 ,-13.00 ,-14.53 ,-13.93 ,-15.87 ,-12.73 ,-14.17  ,-9.19 ,-12.90 ,-10.54 ,-14.46 ,-12.96  ,-6.05  ,-7.37 ,-11.31 ,-12.63  ,-9.80
202210  ,-2.12  ,-2.96  ,-2.01  ,-0.80  ,-1.98  ,-3.70  ,-1.80   ,0.26   ,0.12  ,-2.05   ,0.75  ,-4.94  ,-0.34  ,-2.05   ,1.60  ,-3.95  ,-2.92   ,3.30   ,3.25   ,1.79  ,-9.26  ,-3.20   ,4.14  ,-2.37  ,-1.37
202211   ,5.54   ,5.64   ,5.74   ,7.89   ,7.44   ,8.49   ,5.51   ,6.01   ,5.31  ,10.89  ,10.85  ,12.52  ,15.72  ,13.98  ,12.77  ,17.59   ,9.15  ,11.88  ,13.50  ,11.78  ,19.11  ,12.39  ,13.24  ,16.87  ,19.27
202212  ,-0.59   ,1.82   ,1.14   ,0.88   ,2.87  ,-0.00   ,1.52   ,0.56   ,1.29  ,-0.10  ,-0.70   ,4.19   ,2.28   ,2.17   ,2.43   ,7.52   ,1.25   ,1.42  ,-1.67  ,-0.11   ,5.33   ,3.02  ,-0.28   ,1.05  ,-0.88
202301   ,5.14   ,3.68   ,5.01   ,3.05   ,2.99   ,7.52   ,3.35   ,4.93   ,6.67   ,9.66   ,9.25   ,7.02   ,8.70   ,6.05   ,9.10   ,5.46   ,8.18   ,6.55   ,9.54   ,9.77  ,10.14   ,4.04   ,6.90   ,7.33  ,10.13
202302  ,-8.00  ,-4.73  ,-3.27  ,-5.19  ,-4.57  ,-6.88  ,-3.68  ,-5.63  ,-6.60  ,-8.17  ,-8.69  ,-4.88  ,-7.02  ,-7.62  ,-8.16  ,-6.54  ,-4.84  ,-5.25  ,-6.38  ,-6.37  ,-6.66  ,-4.11  ,-6.89  ,-6.31  ,-7.14
202303  ,-3.16  ,-1.41  ,-1.24  ,-0.21  ,-2.20  ,-1.23  ,-0.95   ,0.41  ,-0.19  ,-0.46  ,-3.25  ,-1.28  ,-2.70   ,2.87  ,-0.41   ,0.67  ,-0.57  ,-2.94   ,0.23   ,0.82   ,5.59  ,-1.05  ,-2.72   ,4.77   ,3.18
202304  ,-0.65  ,-1.20   ,0.51  ,-0.01   ,1.94  ,-1.16  ,-1.08   ,1.02  ,-0.86   ,1.85   ,1.29   ,0.14   ,1.45  ,-0.50   ,0.23   ,2.95  ,-0.37   ,0.27  ,-0.42   ,1.20   ,0.65   ,1.48   ,1.71  ,-0.80  ,-2.00
202305  ,-5.06  ,-3.15  ,-2.71  ,-3.55  ,-4.00  ,-3.92  ,-4.25  ,-3.53  ,-2.78  ,-7.91  ,-5.41  ,-6.64  ,-3.57  ,-4.78  ,-7.79  ,-8.11  ,-0.60  ,-3.80  ,-6.31  ,-5.15  ,-7.84  ,-4.33  ,-6.26  ,-6.25  ,-5.24
202306   ,3.22   ,1.96   ,1.96   ,3.12   ,2.09   ,0.52   ,3.63   ,1.50   ,4.35   ,1.19   ,1.36   ,1.99   ,2.05  ,-0.65   ,2.12   ,5.67   ,2.99   ,4.59   ,1.51   ,3.71   ,2.69   ,1.40   ,4.84   ,3.87   ,5.03
202307   ,2.26   ,2.03   ,2.65   ,4.22   ,3.40   ,1.83   ,2.42   ,4.16   ,4.07   ,2.95   ,2.70   ,3.08   ,2.02   ,3.27   ,4.93   ,4.67   ,5.16   ,2.88   ,7.61   ,7.17   ,6.58   ,3.07   ,5.60   ,3.71   ,2.12
202308  ,-6.29  ,-3.62  ,-2.97  ,-1.94  ,-2.57  ,-7.44  ,-2.43  ,-0.03  ,-5.71  ,-5.18  ,-7.03  ,-4.40  ,-4.16  ,-5.80  ,-2.70  ,-8.35  ,-6.38  ,-5.25  ,-1.76  ,-2.29 ,-16.39  ,-7.41  ,-4.39  ,-4.23  ,-4.59
202309  ,-2.35  ,-3.09  ,-0.61  ,-1.19  ,-2.27  ,-2.79   ,0.27  ,-4.25  ,-2.31  ,-1.46  ,-6.35  ,-2.28  ,-3.48  ,-4.12  ,-6.04  ,-3.17  ,-3.34  ,-4.55  ,-4.12   ,0.29  ,-1.45  ,-3.87  ,-2.47  ,-4.39  ,-2.06
202310  ,-3.62  ,-1.62  ,-3.51  ,-4.76  ,-5.26  ,-3.70  ,-3.89  ,-3.46  ,-4.02  ,-7.56  ,-4.14  ,-4.78  ,-4.46  ,-5.35  ,-4.62 ,-10.05  ,-6.72  ,-6.19  ,-4.71  ,-5.81  ,-6.27  ,-2.50  ,-4.95  ,-6.65  ,-2.36
202311   ,5.22   ,1.76   ,4.40   ,3.48   ,1.34   ,6.14   ,5.93   ,6.70   ,4.97   ,5.91   ,5.83   ,3.86   ,7.18   ,8.14   ,9.51   ,0.57   ,8.98   ,7.40   ,9.14   ,4.89  ,-1.77   ,2.44   ,5.93   ,7.99   ,8.21
202312   ,3.15   ,2.96   ,3.25   ,6.75   ,5.12   ,2.57   ,9.04   ,7.74   ,6.46   ,7.81   ,9.03   ,4.49   ,6.83   ,4.79   ,5.91   ,6.46   ,6.57   ,7.16   ,7.26   ,8.46   ,8.78   ,5.94   ,8.71   ,8.88  ,11.99
202401  ,-8.15  ,-3.22  ,-4.66  ,-2.94  ,-4.98  ,-9.44  ,-8.30  ,-0.26  ,-2.71  ,-4.38  ,-3.86  ,-6.27  ,-8.18  ,-5.52  ,-4.91  ,-4.22  ,-3.57  ,-2.42  ,-5.81  ,-2.30  ,-7.60  ,-6.05  ,-2.84  ,-2.11  ,-4.78
202402   ,0.85   ,1.52  ,-0.32   ,0.33  ,-2.61   ,3.48   ,5.43   ,6.87   ,0.09   ,1.56   ,1.98  ,-0.04   ,1.82  ,-4.06   ,4.82   ,2.91   ,1.84   ,1.80   ,4.02  ,-0.04   ,6.57   ,3.35   ,2.40   ,0.60  ,-3.15
202403   ,1.37   ,3.32   ,0.71   ,0.49   ,0.95   ,0.01  ,-1.08   ,0.90   ,3.71   ,5.45   ,2.68   ,0.12   ,6.86   ,7.73   ,1.76   ,2.42   ,2.60   ,4.80   ,5.15   ,2.18  ,-0.08  ,-3.43   ,3.25   ,2.57   ,2.40
202404  ,-1.49  ,-0.51   ,3.69   ,1.15   ,2.22  ,-0.35  ,-2.50   ,1.74  ,-1.14   ,0.66  ,-0.46  ,-1.11  ,-0.79  ,-0.20  ,-1.87   ,0.25  ,-0.71  ,-0.53  ,-1.89  ,-0.77   ,3.62   ,2.57  ,-1.50  ,-2.18  ,-2.24
202405   ,4.05   ,3.28   ,2.59   ,2.82   ,2.44   ,3.26   ,6.32   ,0.34   ,0.52   ,1.18   ,3.88   ,1.13   ,3.68   ,1.72   ,0.87   ,5.60   ,1.45   ,4.59   ,2.96   ,4.15   ,2.26   ,4.54   ,4.92   ,2.70   ,1.84
202406  ,-1.09  ,-0.17   ,0.74  ,-0.95  ,-1.82  ,-4.34   ,2.20  ,-0.81   ,1.55   ,1.85  ,-5.06   ,0.09   ,0.94  ,-0.27   ,1.41  ,-1.77   ,1.26  ,-0.29  ,-1.77   ,0.66  ,-2.65  ,-2.09   ,2.09   ,1.74  ,-2.54
202407  ,-2.88   ,0.99  ,-1.06   ,1.72  ,-0.25  ,-2.22   ,2.24  ,-1.42   ,1.79   ,1.92   ,3.10  ,-0.08  ,-1.01   ,0.33   ,1.57   ,1.67   ,2.88  ,-0.46   ,1.20   ,2.46   ,2.78  ,-0.17   ,2.75   ,1.81   ,0.26
202408  ,-0.07  ,-1.21   ,1.45   ,1.94  ,-0.35   ,3.02   ,3.97   ,0.22   ,1.37   ,3.10   ,1.07  ,-2.32   ,1.14   ,1.77  ,-0.32   ,3.52   ,1.87   ,2.48   ,1.25   ,2.74   ,7.62   ,6.02   ,4.89   ,3.47   ,2.92
202409   ,6.92   ,4.32   ,3.90   ,3.53   ,4.84   ,5.65   ,8.90   ,7.75   ,4.75   ,8.96   ,8.20  ,14.56   ,7.95   ,5.80   ,6.09   ,5.49   ,5.54   ,8.85   ,8.21   ,5.71   ,5.98  ,12.21   ,3.88   ,7.17   ,8.88
202410  ,-0.63  ,-0.95   ,0.03   ,0.66  ,-1.73  ,-2.31   ,0.20  ,-3.45  ,-3.54  ,-2.42  ,-3.44  ,-1.34  ,-2.34  ,-1.86  ,-4.67  ,-5.02  ,-7.76  ,-6.66  ,-6.32  ,-7.40  ,-1.47  ,-6.62  ,-3.60  ,-4.53  ,-8.47
202411  ,-3.48   ,0.12  ,-2.84  ,-1.36  ,-1.47  ,-3.37  ,-1.49  ,-0.52  ,-0.84  ,-1.06  ,-1.03   ,2.34   ,2.43  ,-4.89   ,2.96   ,0.20   ,1.13   ,3.56  ,-1.83   ,3.62   ,0.92   ,1.47   ,2.73   ,3.76   ,1.07
202412  ,-4.02  ,-0.96   ,0.07   ,4.34  ,-2.52  ,-1.74   ,0.20  ,-0.71  ,-3.71   ,0.14  ,-3.76  ,-3.22  ,-2.99  ,-5.19  ,-3.40  ,-3.25  ,-6.43  ,-5.29  ,-2.51  ,-5.02  ,-0.20  ,-3.43  ,-4.90  ,-5.88  ,-5.49
202501   ,0.81   ,1.56   ,1.09  ,-0.33   ,1.26  ,-0.50   ,1.95   ,0.64   ,0.92   ,0.82   ,0.42   ,3.72  ,-1.52   ,5.96   ,2.61   ,1.66   ,2.14   ,1.81   ,2.98   ,3.10  ,-4.98   ,0.69   ,4.04   ,4.41   ,3.59
202502  ,-1.28   ,1.79  ,-0.30   ,2.17   ,1.35  ,-0.92   ,2.11  ,-1.69  ,-0.76  ,-0.07  ,-4.88   ,3.00   ,4.81   ,2.42  ,-1.80  ,-3.27  ,-0.82  ,-1.22  ,-0.34  ,-4.89   ,1.88   ,2.60  ,-2.09  ,-1.39  ,-0.68
202503   ,0.07   ,2.42   ,1.00  ,-1.71  ,-0.00   ,1.10   ,3.58   ,1.98   ,1.49   ,0.71  ,-0.81  ,-1.84   ,3.79   ,0.05  ,-2.59  ,-0.31   ,0.04  ,-3.28   ,0.82  ,-2.86  ,-2.36   ,0.67   ,0.49  ,-2.81  ,-2.55
202504   ,1.02   ,1.14   ,0.51  ,-0.49   ,0.75   ,2.40   ,2.01   ,0.11   ,1.59   ,1.73  ,-1.26  ,-0.09  ,-4.26   ,3.07   ,5.54   ,0.78   ,1.45   ,1.45   ,3.63   ,4.90   ,5.80   ,2.87   ,2.17   ,4.13   ,6.22
202505   ,4.67   ,1.64   ,8.59   ,5.31   ,4.02   ,3.99   ,5.73   ,2.96   ,4.59   ,4.73   ,6.34   ,5.81   ,4.29   ,9.60   ,3.47   ,4.12   ,5.86   ,3.69  ,13.82   ,8.71   ,2.05   ,8.39   ,4.05   ,6.98   ,3.60
202506   ,5.16   ,5.62   ,5.50   ,8.05   ,1.26   ,3.75   ,6.95   ,4.87   ,8.71   ,4.82   ,6.18  ,12.74   ,6.24   ,1.79   ,0.98   ,6.02   ,2.77   ,3.82   ,5.69   ,2.64   ,8.30   ,3.55   ,3.29   ,5.90   ,1.93
202507   ,7.99   ,8.76   ,5.10   ,6.98   ,7.32   ,3.53   ,3.85   ,5.93   ,4.52   ,1.72   ,6.08   ,1.29   ,6.67   ,5.50   ,7.30   ,4.12   ,7.33   ,3.09   ,2.84   ,6.43   ,2.05   ,0.48   ,0.14   ,2.42   ,2.32
202508   ,8.47   ,6.23   ,7.28   ,8.14   ,9.36   ,6.84   ,3.00   ,9.31   ,8.84  ,13.59   ,3.03  ,11.62   ,7.49   ,9.52  ,10.66   ,8.90   ,8.66   ,8.35   ,4.93   ,6.23   ,0.71   ,7.88   ,4.28  ,-0.30   ,5.79
202509  ,11.92   ,4.25   ,2.78   ,5.03   ,8.84   ,6.13   ,3.34   ,2.80   ,6.36   ,1.34   ,3.87   ,2.33   ,1.68   ,3.39  ,10.21   ,8.23   ,4.34   ,3.70   ,2.82  ,-0.55   ,2.47  ,-2.52  ,-0.41  ,-0.92   ,1.08
202510   ,0.16   ,0.33   ,2.84   ,6.03  ,-1.28   ,1.40   ,1.04  ,-0.70   ,0.21   ,1.58  ,-1.14  ,-1.69  ,-0.13  ,-0.26  ,-0.35   ,4.91  ,-1.63   ,3.12   ,1.34   ,1.45  ,-0.02  ,-1.29   ,1.72  ,-4.35  ,-1.06
