Date,SMALL LoINV,ME1 INV2,ME1 INV3,ME1 INV4,SMALL HiINV,ME2 INV1,ME2 INV2,ME2 INV3,ME2 INV4,ME2 INV5,ME3 INV1,ME3 INV2,ME3 INV3,ME3 INV4,ME3 INV5,ME4 INV1,ME4 INV2,ME4 INV3,ME4 INV4,ME4 INV5,BIG LoINV,ME5 INV2,ME5 INV3,ME5 INV4,BIG HiINV
199007  ,-3.30  ,-3.68  ,-2.02  ,-2.55  ,-4.13  ,-3.25  ,-3.21  ,-2.87  ,-2.80  ,-4.93  ,-1.83  ,-4.39  ,-2.12  ,-4.66  ,-3.80  ,-1.28  ,-1.65  ,-2.10  ,-1.73  ,-2.09   ,2.17  ,-1.13   ,0.40   ,0.41  ,-3.89
199008 ,-11.39 ,-10.19 ,-12.01 ,-11.26 ,-13.80 ,-11.03  ,-8.26  ,-8.99 ,-11.87 ,-14.77  ,-9.09 ,-10.86 ,-11.29 ,-10.99 ,-13.28  ,-8.74  ,-7.25 ,-11.00 ,-10.24 ,-10.65  ,-6.77  ,-8.16  ,-9.30  ,-9.73  ,-8.85
199009  ,-8.42 ,-10.04  ,-5.88  ,-5.35  ,-9.42  ,-8.27  ,-5.60  ,-6.38  ,-7.81 ,-11.23  ,-7.79  ,-6.30  ,-7.31  ,-9.97  ,-9.45  ,-4.96  ,-4.76  ,-5.97  ,-7.85  ,-9.12  ,-2.93  ,-2.55  ,-5.26  ,-6.86  ,-8.08
199010  ,-6.71  ,-3.49  ,-4.80  ,-5.92  ,-7.02  ,-5.67  ,-5.76  ,-3.96  ,-5.12  ,-6.40  ,-7.92  ,-2.62  ,-4.49  ,-6.50  ,-4.43  ,-2.71  ,-3.16   ,0.81  ,-3.06  ,-4.09  ,-1.24   ,0.57   ,1.30  ,-1.40  ,-2.67
199011   ,2.92   ,3.99   ,3.27   ,3.34   ,7.33   ,3.24   ,3.93   ,5.63   ,9.08   ,9.76   ,5.78   ,5.40   ,8.39   ,7.58  ,11.27   ,4.44   ,6.69   ,7.75   ,8.19   ,9.79   ,4.63   ,5.94   ,5.56   ,7.11   ,9.78
199012   ,1.63   ,2.02   ,1.72   ,2.34   ,2.53   ,3.57   ,2.77   ,4.63   ,6.04   ,4.78   ,3.92   ,4.79   ,3.30   ,4.62   ,8.39   ,3.24   ,3.65   ,5.27   ,4.68   ,5.56   ,1.38   ,2.23   ,2.85   ,3.43   ,4.60
199101  ,10.19   ,8.93   ,6.12   ,7.56  ,10.52   ,5.24   ,4.74   ,8.09   ,5.18   ,8.46   ,5.85   ,5.70   ,6.62   ,7.80   ,9.25   ,3.83   ,3.20   ,7.67   ,6.60   ,8.28   ,0.80   ,4.31   ,3.34   ,4.83   ,9.85
199102  ,14.64  ,12.73  ,11.73  ,11.99  ,14.46  ,11.79  ,14.62   ,9.98   ,9.48  ,11.88  ,10.98  ,10.24   ,9.08   ,9.31  ,11.22   ,9.34   ,9.75   ,6.11   ,9.42   ,9.86   ,6.65   ,6.46   ,7.13   ,7.20   ,7.82
199103   ,7.84   ,5.16   ,6.61   ,6.61  ,10.04   ,5.96   ,2.78   ,4.71   ,5.23   ,8.42   ,4.24   ,2.87   ,1.38   ,6.03   ,5.99   ,2.87   ,2.46   ,3.76   ,4.20   ,5.02   ,1.36   ,0.62   ,3.41   ,4.17   ,2.79
199104   ,1.02   ,0.46   ,0.25   ,1.68   ,0.66  ,-0.76  ,-0.62   ,1.42   ,1.03  ,-1.12   ,2.41   ,1.28   ,0.86   ,1.83  ,-0.52  ,-0.64   ,1.27  ,-0.20   ,1.34  ,-0.23   ,1.84  ,-1.50   ,0.60   ,1.36   ,0.05
199105   ,4.82   ,3.47   ,3.23   ,3.71   ,5.27   ,4.44   ,4.22   ,3.78   ,3.67   ,4.95   ,4.36   ,3.24   ,3.66   ,4.16   ,5.29   ,2.01   ,2.64   ,4.29   ,6.76   ,5.42   ,1.46   ,3.61   ,5.18   ,5.56   ,4.85
199106  ,-4.24  ,-3.57  ,-1.46  ,-2.55  ,-5.33  ,-4.65  ,-3.26  ,-5.26  ,-2.79  ,-2.96  ,-3.02  ,-2.33  ,-2.53  ,-2.77  ,-5.77  ,-4.25  ,-1.70  ,-3.48  ,-4.57  ,-4.93  ,-3.60  ,-4.90  ,-4.20  ,-4.23  ,-5.55
199107   ,2.82   ,4.22   ,2.42   ,3.20   ,4.02   ,2.74   ,1.93   ,0.28   ,2.42   ,5.53   ,4.26   ,3.28   ,3.24   ,3.67   ,5.40   ,4.37   ,2.41   ,3.23   ,2.03   ,7.66   ,4.17   ,3.43   ,4.60   ,4.94   ,5.95
199108   ,2.07   ,3.30   ,1.36   ,3.91   ,4.06   ,3.27   ,1.47   ,2.07   ,1.28   ,4.68   ,4.10   ,3.11   ,2.52   ,3.63   ,4.69   ,1.78   ,2.22   ,2.65   ,2.34   ,2.63   ,3.23   ,1.43   ,1.28   ,2.96   ,4.24
199109  ,-0.54   ,0.88   ,0.25   ,1.24   ,2.74  ,-0.49  ,-0.18  ,-0.48   ,1.69   ,1.35  ,-1.92  ,-0.04  ,-0.29  ,-1.13  ,-0.76  ,-2.05  ,-1.07  ,-0.32  ,-2.93   ,0.37  ,-1.50   ,0.91  ,-1.87  ,-1.67  ,-2.70
199110   ,3.79   ,3.97   ,2.51   ,4.38   ,5.01   ,1.47   ,0.17   ,0.87   ,2.15   ,4.80   ,2.76   ,2.77   ,2.01   ,2.79   ,3.86   ,1.98   ,2.60   ,1.21   ,2.81   ,2.42   ,1.50   ,2.10   ,2.15   ,0.84   ,1.27
199111  ,-2.88  ,-3.48  ,-1.66  ,-1.87  ,-2.94  ,-4.54  ,-3.85  ,-3.47  ,-4.91  ,-7.06  ,-6.39  ,-5.19  ,-3.59  ,-4.19  ,-4.83  ,-4.12  ,-3.65  ,-3.68  ,-3.27  ,-3.68  ,-3.94  ,-4.57  ,-5.39  ,-2.71  ,-1.71
199112   ,4.24   ,6.96   ,4.95   ,5.89   ,5.21   ,6.74   ,6.93   ,6.57   ,5.05  ,10.76   ,8.35   ,7.43   ,6.65   ,8.74  ,11.30   ,7.42   ,7.23   ,9.10   ,8.21  ,13.39   ,9.31   ,7.74   ,9.04  ,12.56  ,15.36
199201  ,15.99   ,9.46  ,10.46   ,9.76  ,12.67   ,7.28   ,7.67   ,7.16   ,4.18   ,7.32   ,7.79   ,5.48   ,4.78   ,3.31   ,5.51   ,2.68   ,0.23   ,1.39   ,0.91   ,2.06   ,0.20  ,-2.49  ,-2.75  ,-1.05  ,-2.30
199202   ,5.33   ,4.21   ,4.43   ,3.80   ,5.10   ,3.51   ,3.83   ,4.20   ,0.75   ,2.48   ,6.71   ,4.30   ,1.84   ,1.00   ,1.99   ,3.63   ,2.79   ,0.29   ,1.13   ,0.47   ,2.61   ,0.83   ,0.95   ,0.66   ,0.74
199203  ,-2.64  ,-1.65  ,-0.82  ,-2.30  ,-3.48  ,-1.72  ,-1.37  ,-1.28  ,-1.37  ,-7.36  ,-1.96  ,-1.82  ,-1.48  ,-0.86  ,-4.90  ,-3.22  ,-2.31  ,-1.76  ,-1.59  ,-5.24  ,-2.06  ,-1.85  ,-2.42  ,-1.44  ,-3.05
199204  ,-3.55  ,-3.63   ,0.07  ,-2.51  ,-5.70  ,-2.36  ,-0.13  ,-1.74  ,-3.19  ,-7.88   ,0.47  ,-0.47  ,-0.49  ,-1.69  ,-4.61   ,0.79   ,1.51  ,-0.79   ,0.40  ,-3.54   ,3.58   ,5.88   ,3.22   ,1.46   ,0.36
199205   ,0.12   ,2.42  ,-0.88   ,0.56   ,0.78   ,2.83   ,0.58   ,1.64   ,0.62   ,0.28   ,0.35   ,1.59   ,1.77  ,-1.14  ,-0.15   ,0.96   ,0.55   ,1.01   ,0.65   ,0.69   ,0.96   ,0.70   ,0.34   ,1.01   ,0.16
199206  ,-4.43  ,-3.55  ,-4.38  ,-3.94  ,-4.26  ,-4.62  ,-3.49  ,-2.25  ,-3.08  ,-3.69  ,-2.71  ,-1.68  ,-0.56  ,-3.20  ,-5.15  ,-1.98   ,0.27  ,-2.15  ,-2.01  ,-4.09  ,-1.81   ,0.15  ,-1.97  ,-1.77  ,-2.20
199207   ,1.85   ,4.80   ,3.11   ,3.31   ,1.42   ,4.21   ,2.97   ,3.16   ,2.77   ,3.11   ,2.70   ,4.33   ,3.27   ,3.45   ,4.79   ,1.58   ,5.15   ,3.89   ,4.15   ,6.57   ,3.60   ,4.43   ,3.43   ,4.55   ,3.46
199208  ,-4.04  ,-1.13  ,-2.73  ,-1.95  ,-1.63  ,-3.10  ,-0.25  ,-0.54  ,-1.07  ,-3.56  ,-4.69  ,-2.89  ,-1.75  ,-2.54  ,-2.31  ,-2.21  ,-2.39  ,-2.32  ,-0.72  ,-3.23  ,-2.76  ,-1.62  ,-2.32  ,-1.34  ,-2.43
199209   ,0.76   ,1.01   ,1.26   ,2.52  ,-0.47   ,1.82   ,1.99   ,0.52   ,1.61   ,2.18   ,1.59   ,0.48   ,0.06   ,1.45   ,3.09  ,-0.58   ,0.93   ,0.61   ,2.13   ,1.18   ,0.65   ,0.98  ,-0.05   ,1.28   ,1.88
199210   ,2.26   ,2.61   ,2.87   ,2.83   ,2.16   ,1.80   ,1.63   ,1.76   ,1.97   ,3.46   ,2.55   ,2.76   ,1.16   ,3.15   ,5.21   ,1.17   ,0.70   ,1.29   ,3.67   ,4.88   ,1.81  ,-1.55   ,0.10   ,1.21   ,3.92
199211   ,7.50   ,7.28   ,7.76   ,8.52  ,10.13   ,3.57   ,4.81   ,5.70   ,5.39  ,10.28   ,6.09   ,4.68   ,5.46   ,5.05   ,7.45   ,2.21   ,1.21   ,3.52   ,3.85   ,6.89   ,2.63   ,1.94   ,3.67   ,3.45   ,5.44
199212   ,5.36   ,4.07   ,4.60   ,4.55   ,3.02   ,5.02   ,2.90   ,2.84   ,2.92   ,2.23   ,5.42   ,4.24   ,2.22   ,4.47   ,4.84   ,4.06   ,3.57   ,3.60   ,1.79   ,1.40   ,1.05   ,2.29  ,-0.61   ,2.53   ,0.26
199301   ,6.37   ,5.85   ,3.70   ,6.02   ,3.33   ,5.69   ,4.53   ,3.40   ,2.55   ,1.23   ,2.70   ,2.85   ,1.31   ,3.34   ,1.07   ,1.73   ,2.53   ,1.29   ,0.21   ,1.38   ,3.09   ,1.54  ,-0.76  ,-0.38  ,-0.39
199302  ,-0.37  ,-1.80  ,-0.60  ,-1.12  ,-4.97   ,2.41   ,1.34   ,0.44  ,-0.63  ,-3.46   ,1.14   ,1.17   ,0.68   ,0.18  ,-5.82   ,1.02   ,3.72   ,2.33  ,-0.22  ,-4.14   ,3.19   ,2.78   ,2.20   ,0.23  ,-2.84
199303   ,4.64   ,5.20   ,3.80   ,5.70   ,1.14   ,3.86   ,4.60   ,1.97   ,3.51   ,2.68   ,5.99   ,3.19   ,3.54   ,3.11   ,3.77   ,3.63   ,5.02   ,4.60   ,4.11   ,4.03   ,3.21   ,2.21   ,1.98   ,2.41   ,0.70
199304  ,-1.57  ,-3.02  ,-1.12  ,-2.11  ,-2.89  ,-1.04  ,-0.77  ,-3.74  ,-1.99  ,-3.86  ,-1.83  ,-4.30  ,-2.24  ,-2.45  ,-2.49  ,-0.90  ,-1.35  ,-1.47  ,-3.28  ,-2.66  ,-1.56  ,-1.78  ,-1.89  ,-2.41  ,-5.39
199305   ,5.47   ,4.02   ,4.48   ,3.81   ,4.46   ,5.86   ,2.50   ,1.91   ,4.41   ,5.54   ,4.92   ,4.50   ,2.76   ,2.52   ,7.66   ,2.78   ,2.56   ,2.50   ,3.06   ,6.90   ,2.54   ,1.30   ,3.24   ,2.80   ,4.01
199306   ,1.46  ,-0.05  ,-0.36   ,1.40   ,0.07   ,2.16   ,1.97   ,1.29   ,0.50   ,2.45   ,2.76   ,4.11  ,-0.06  ,-1.05   ,1.74   ,1.44   ,1.35   ,2.10  ,-0.47   ,0.85   ,0.50   ,1.20   ,0.26   ,0.55  ,-2.33
199307   ,1.75   ,1.81   ,1.67   ,1.14   ,0.01   ,2.92   ,1.51   ,2.43   ,1.21  ,-0.90  ,-0.93   ,1.97   ,1.90  ,-0.37  ,-0.57  ,-0.63   ,0.05   ,0.45   ,1.86  ,-1.83  ,-0.51   ,1.43   ,0.16  ,-1.57  ,-1.82
199308   ,3.62   ,4.03   ,2.91   ,4.60   ,4.78   ,3.55   ,3.09   ,3.06   ,5.05   ,5.33   ,6.48   ,3.20   ,3.13   ,4.05   ,4.09   ,4.68   ,4.50   ,4.46   ,3.03   ,5.70   ,3.60   ,3.89   ,3.56   ,3.81   ,3.57
199309   ,3.15   ,2.01   ,1.73   ,1.53   ,1.83   ,0.64   ,1.29   ,0.96   ,2.93   ,4.32   ,1.70   ,2.84   ,1.79   ,1.03   ,2.44  ,-0.97  ,-0.26  ,-0.11   ,1.08   ,1.67   ,0.80  ,-0.79  ,-1.62  ,-1.05  ,-0.06
199310   ,6.36   ,4.47   ,3.29   ,4.69   ,5.66   ,4.97   ,3.50   ,2.52   ,3.58   ,3.21   ,2.46   ,0.80   ,2.25   ,2.42   ,2.57   ,2.86   ,0.84   ,0.69   ,1.04   ,0.56   ,1.88   ,2.34   ,1.83   ,1.53   ,1.19
199311  ,-2.97  ,-0.97  ,-2.70  ,-2.18  ,-3.06  ,-3.17  ,-1.84  ,-1.36  ,-3.71  ,-3.90  ,-4.67  ,-1.38  ,-3.49  ,-1.12  ,-3.67  ,-1.33  ,-3.31  ,-2.85  ,-3.75  ,-3.16  ,-1.91  ,-2.25  ,-1.54  ,-0.41   ,0.87
199312   ,1.48   ,1.08   ,2.68   ,2.36   ,0.33   ,3.03   ,2.46   ,3.48   ,3.61   ,2.85   ,4.32   ,3.42   ,5.07   ,4.50   ,4.33   ,3.77   ,2.19   ,4.22   ,5.10   ,4.57   ,1.78   ,0.97   ,1.41   ,2.23   ,0.06
199401   ,6.42   ,4.25   ,4.82   ,6.62   ,5.37   ,5.12   ,3.31   ,0.62   ,3.03   ,2.74   ,3.82   ,1.98   ,1.70   ,1.87   ,1.94   ,3.25   ,4.41   ,2.11   ,1.49   ,3.32   ,4.81   ,2.74   ,2.92   ,2.95   ,2.89
199402  ,-0.68  ,-0.34  ,-1.12  ,-0.05  ,-0.58  ,-1.11   ,0.81  ,-0.90  ,-0.68  ,-0.83  ,-0.82  ,-0.60  ,-0.35   ,0.89  ,-0.71  ,-1.98  ,-1.17  ,-0.35  ,-1.10  ,-1.74  ,-2.60  ,-3.95  ,-3.80  ,-2.62  ,-0.73
199403  ,-4.52  ,-3.70  ,-3.04  ,-4.42  ,-5.50  ,-5.64  ,-4.46  ,-2.75  ,-5.39  ,-8.47  ,-4.25  ,-4.34  ,-4.13  ,-4.72  ,-5.33  ,-3.71  ,-3.41  ,-3.77  ,-3.82  ,-6.80  ,-3.60  ,-4.43  ,-4.26  ,-4.04  ,-5.30
199404  ,-1.00   ,0.26  ,-0.16   ,0.35  ,-2.99   ,0.65   ,0.40  ,-0.16   ,0.55  ,-1.12   ,0.82   ,1.11   ,1.52   ,0.98  ,-0.34   ,1.15   ,2.38   ,0.54  ,-0.68  ,-0.74   ,1.10   ,1.85   ,2.01   ,0.00   ,0.46
199405  ,-0.93   ,1.49   ,0.65  ,-0.82  ,-1.94  ,-1.73   ,0.69  ,-0.02  ,-1.01  ,-2.54  ,-1.08  ,-0.79  ,-0.91  ,-2.09  ,-1.59  ,-0.37  ,-0.16  ,-1.00  ,-1.54  ,-0.64   ,1.78   ,0.79   ,1.20   ,2.27   ,2.60
199406  ,-3.33  ,-0.76  ,-2.30  ,-1.67  ,-4.62  ,-2.50  ,-2.76  ,-2.62  ,-1.71  ,-6.46  ,-2.42  ,-2.32  ,-1.93  ,-3.84  ,-5.05  ,-1.29  ,-1.62  ,-2.48  ,-3.83  ,-5.49  ,-3.59  ,-0.84  ,-2.53  ,-3.62  ,-3.16
199407   ,1.16   ,1.28   ,1.42   ,2.14  ,-0.16   ,1.95   ,1.44   ,1.75   ,1.37   ,1.03   ,3.02   ,2.08   ,3.00   ,1.84   ,3.06   ,4.34   ,3.90   ,3.50   ,3.44   ,2.91   ,3.13   ,3.74   ,2.47   ,3.63   ,3.31
199408   ,3.74   ,2.65   ,3.79   ,3.69   ,3.62   ,5.25   ,5.14   ,2.55   ,3.79   ,6.09   ,5.95   ,4.63   ,4.95   ,4.91   ,8.69   ,4.83   ,4.98   ,3.04   ,4.99   ,8.48   ,3.89   ,4.08   ,3.32   ,4.49   ,5.73
199409   ,2.00   ,1.14   ,1.39   ,2.04   ,3.02   ,1.43   ,0.24   ,0.85  ,-0.25   ,1.79   ,0.10  ,-0.99   ,0.55  ,-0.80  ,-1.55   ,0.24  ,-2.68  ,-1.51  ,-0.84   ,0.67  ,-2.08  ,-1.81  ,-1.71  ,-2.75  ,-3.10
199410   ,0.41   ,0.93   ,1.15   ,0.98  ,-0.05  ,-0.47  ,-1.48  ,-0.64   ,0.72  ,-0.45  ,-0.94  ,-0.37  ,-1.03  ,-0.06   ,0.04  ,-0.72   ,0.78  ,-0.28   ,0.43   ,1.89   ,1.78   ,1.54   ,2.33   ,2.09   ,2.81
199411  ,-3.90  ,-3.37  ,-3.49  ,-2.61  ,-4.33  ,-3.62  ,-3.32  ,-4.21  ,-3.23  ,-5.03  ,-5.27  ,-4.57  ,-4.13  ,-3.09  ,-4.54  ,-5.20  ,-4.99  ,-4.24  ,-5.77  ,-6.09  ,-3.89  ,-3.67  ,-2.77  ,-4.13  ,-2.23
199412  ,-0.52  ,-1.90   ,0.45  ,-0.91  ,-3.49   ,2.52   ,2.06   ,2.54   ,1.69   ,0.57   ,2.06   ,2.90   ,3.77   ,2.29   ,2.30   ,1.14   ,2.43   ,1.36   ,2.48   ,1.20   ,1.52   ,1.36   ,1.42   ,0.72   ,1.32
199501   ,2.15   ,1.89   ,3.38   ,2.57   ,1.38  ,-0.38   ,1.63   ,0.23  ,-0.89   ,0.19  ,-2.46   ,0.53  ,-1.01  ,-1.75  ,-3.76  ,-1.18   ,0.86   ,1.08   ,0.04  ,-0.56   ,1.41   ,3.00   ,2.76   ,2.87   ,2.76
199502   ,3.00   ,3.56   ,3.00   ,3.14   ,3.52   ,3.85   ,2.98   ,1.23   ,5.25   ,2.89   ,1.96   ,3.04   ,2.54   ,4.40   ,4.76   ,6.43   ,5.20   ,4.34   ,5.78   ,5.51   ,4.24   ,3.70   ,3.09   ,3.92   ,4.57
199503   ,2.06   ,2.00   ,1.04   ,0.42   ,3.06   ,1.90   ,1.69   ,0.33   ,1.96   ,4.39   ,2.75   ,1.89   ,1.14   ,0.58   ,5.11   ,3.84   ,1.63   ,2.23   ,2.75   ,3.61   ,3.92   ,2.64   ,1.58   ,2.36   ,3.21
199504   ,4.01   ,4.38   ,2.37   ,3.17   ,3.52   ,2.73   ,3.61   ,2.89   ,2.39   ,2.00   ,2.43   ,3.29   ,3.02   ,1.71   ,0.89   ,2.21   ,2.48   ,1.99   ,1.87   ,2.14   ,3.29   ,2.84   ,2.72   ,1.81   ,2.45
199505   ,3.72   ,2.55   ,1.73   ,1.32   ,0.85   ,1.30   ,1.50   ,3.11   ,2.10   ,1.49   ,1.77   ,1.84   ,0.29   ,1.42   ,0.30   ,2.76   ,3.00   ,2.90   ,0.72   ,2.49   ,3.59   ,3.91   ,3.97   ,3.82   ,4.94
199506   ,7.77   ,4.62   ,4.62   ,6.19   ,6.44   ,6.70   ,2.81   ,3.85   ,5.01   ,6.59   ,2.13   ,1.28   ,4.48   ,3.96   ,6.48   ,2.82   ,2.64   ,3.08   ,6.06   ,6.87   ,0.94   ,1.56   ,1.69   ,3.87   ,4.77
199507   ,7.54   ,5.29   ,4.89   ,4.74   ,6.04   ,4.74   ,4.20   ,4.64   ,5.78   ,7.30   ,5.35   ,3.07   ,4.63   ,6.37   ,9.16   ,3.45   ,3.80   ,4.64   ,6.27  ,10.13   ,3.53   ,2.21   ,3.23   ,3.45   ,6.98
199508   ,7.00   ,3.63   ,3.07   ,3.16   ,3.49   ,4.25   ,3.29   ,2.02   ,1.33   ,0.31   ,2.69   ,3.00   ,1.63   ,1.62   ,0.74   ,1.42   ,1.82   ,0.50   ,1.80  ,-0.48   ,0.52   ,0.39   ,1.24   ,0.38   ,1.30
199509   ,3.23   ,2.55   ,0.82   ,2.84   ,0.97   ,2.11   ,6.31   ,1.20   ,1.03   ,2.47   ,2.56   ,1.41   ,2.06   ,2.40   ,2.21   ,2.20   ,2.16   ,1.06   ,0.08   ,3.54   ,3.71   ,4.38   ,4.52   ,5.01   ,2.77
199510  ,-5.24  ,-2.57  ,-2.32  ,-3.87  ,-6.09  ,-5.65  ,-3.65  ,-4.57  ,-4.63  ,-6.83  ,-4.78  ,-3.53  ,-5.03  ,-4.97  ,-4.85  ,-1.97  ,-1.66  ,-1.46  ,-2.72   ,0.07  ,-1.21   ,0.71  ,-0.88  ,-0.39  ,-0.40
199511   ,0.56   ,0.58   ,1.01   ,2.11   ,2.30   ,4.84  ,12.50   ,2.86   ,5.50   ,4.44   ,4.98   ,3.26   ,2.98   ,3.46   ,3.56   ,5.90   ,4.97   ,4.05   ,5.46   ,3.40   ,5.16   ,4.93   ,5.83   ,3.51   ,0.74
199512   ,4.24   ,1.95   ,2.29   ,0.63   ,0.10   ,4.10  ,-3.64   ,2.91   ,2.47   ,2.16   ,2.66   ,1.88   ,2.41   ,0.08   ,1.35   ,0.60   ,1.08   ,2.87   ,1.58  ,-0.53   ,3.15   ,2.96   ,1.77  ,-0.32  ,-1.97
199601   ,3.67   ,1.74   ,0.45   ,0.75   ,1.76   ,1.64   ,0.45  ,-0.40   ,0.49  ,-1.22   ,2.41   ,0.22   ,0.65   ,0.38  ,-1.94   ,1.26   ,3.53   ,1.51   ,0.81  ,-1.99   ,4.80   ,2.34   ,3.93   ,3.34   ,3.38
199602   ,4.13   ,3.22   ,2.54   ,2.94   ,4.41   ,1.04   ,1.89   ,2.69   ,4.04   ,4.04   ,1.49   ,4.80   ,2.78   ,2.91   ,4.64   ,2.20   ,0.67   ,1.95   ,2.98   ,5.70   ,1.68   ,0.47   ,0.50   ,1.72   ,2.85
199603   ,1.39   ,3.54   ,2.96   ,2.54   ,5.38   ,1.47   ,1.35   ,1.17   ,2.16   ,2.86   ,0.61   ,3.26   ,3.10   ,3.85   ,2.09   ,2.55   ,2.94   ,2.12   ,2.88   ,1.83   ,0.51   ,1.64   ,0.74   ,0.64  ,-0.18
199604   ,8.25   ,6.71   ,6.34   ,7.11   ,8.54   ,6.50   ,2.54   ,4.56   ,7.34  ,10.16   ,4.41   ,2.23   ,3.16   ,3.74   ,8.52   ,2.51   ,1.55   ,3.68   ,2.96   ,6.76   ,1.47   ,1.26   ,0.09   ,1.90   ,4.59
199605   ,8.07   ,4.81   ,5.96   ,7.22   ,7.19   ,4.98   ,6.02   ,3.32   ,5.18   ,5.74   ,5.01   ,1.89   ,2.55   ,2.76   ,4.16   ,0.94   ,0.81   ,1.85   ,2.55   ,1.92   ,1.51   ,1.91   ,2.15   ,4.32   ,2.27
199606  ,-5.54  ,-2.52  ,-3.30  ,-4.58  ,-6.22  ,-3.13  ,-3.12  ,-2.88  ,-3.94  ,-4.73  ,-4.29  ,-1.40  ,-1.70  ,-4.86  ,-5.36  ,-1.24   ,0.30  ,-0.90  ,-2.80  ,-5.93   ,0.68   ,1.26  ,-0.61   ,0.19  ,-1.39
199607  ,-7.10  ,-4.62  ,-5.45  ,-7.18 ,-11.71  ,-9.29  ,-6.26  ,-5.80  ,-9.33 ,-15.35  ,-7.05  ,-4.56  ,-6.84  ,-9.08 ,-11.56  ,-5.16  ,-4.27  ,-6.03  ,-5.74 ,-10.39  ,-4.76  ,-4.62  ,-2.91  ,-4.33  ,-8.31
199608   ,3.45   ,4.17   ,4.26   ,5.68   ,5.47   ,5.46   ,5.04   ,4.93   ,5.58   ,7.57   ,5.98   ,5.49   ,5.31   ,8.16   ,7.69   ,5.28   ,4.60   ,5.84   ,6.43   ,7.36   ,1.11   ,3.00   ,2.35   ,3.41   ,2.73
199609   ,1.57   ,2.45   ,1.99   ,3.37   ,3.70   ,3.75   ,2.98   ,3.81   ,3.73   ,4.79   ,4.57   ,2.98   ,3.01   ,3.26   ,5.31   ,3.84   ,3.17   ,4.22   ,6.46   ,5.70   ,4.17   ,4.09   ,5.54   ,7.87   ,9.29
199610  ,-1.35   ,1.45   ,0.94   ,0.04  ,-2.99   ,0.77   ,1.09   ,2.07  ,-0.36  ,-4.26   ,0.12   ,0.49  ,-0.59  ,-1.84  ,-4.48   ,2.75   ,2.76   ,0.47   ,0.03  ,-3.12   ,3.01   ,4.23   ,2.77   ,1.24  ,-1.10
199611   ,1.97   ,3.51   ,3.49   ,3.10   ,0.26   ,3.80   ,3.68   ,3.51   ,4.29   ,3.28   ,3.97   ,3.83   ,3.66   ,4.90   ,1.83   ,5.82   ,5.98   ,5.24   ,5.35   ,4.01   ,7.23   ,6.54   ,7.82   ,8.35   ,8.33
199612   ,0.36   ,1.91   ,2.19   ,0.97   ,1.91   ,3.20   ,2.59   ,1.67   ,2.98   ,0.43   ,1.10   ,1.68   ,1.85   ,1.56   ,0.50   ,1.61   ,1.11   ,0.35  ,-1.09  ,-2.44  ,-0.11  ,-1.50  ,-3.17  ,-2.15  ,-3.56
199701   ,6.46   ,4.24   ,4.45   ,6.10   ,5.72   ,2.50   ,3.69   ,3.00   ,3.80   ,3.97   ,5.24   ,2.58   ,2.91   ,2.58   ,3.20   ,2.67   ,2.66   ,2.36   ,4.06   ,2.85   ,4.66   ,6.25   ,6.70   ,7.26   ,5.39
199702   ,0.80  ,-0.81   ,0.77  ,-1.24  ,-3.85  ,-0.56  ,-0.90  ,-1.70  ,-4.17  ,-6.53   ,1.18  ,-0.62   ,0.11  ,-3.37  ,-5.35  ,-1.23   ,0.64   ,2.14  ,-0.72  ,-5.43   ,1.06   ,1.16   ,1.94  ,-0.67  ,-3.71
199703  ,-4.06  ,-2.31  ,-2.72  ,-3.57  ,-7.67  ,-5.05  ,-3.88  ,-4.93  ,-4.66  ,-8.76  ,-2.99  ,-4.08  ,-3.49  ,-3.92  ,-8.17  ,-3.24  ,-2.09  ,-4.06  ,-4.98  ,-7.15  ,-4.16  ,-4.07  ,-4.79  ,-3.65  ,-6.72
199704  ,-3.10  ,-2.80  ,-1.90  ,-3.04  ,-5.34  ,-1.70  ,-0.43  ,-0.78  ,-2.22  ,-2.09   ,0.00   ,2.37   ,1.80   ,1.02  ,-2.81   ,2.02   ,1.45   ,1.96   ,1.71   ,1.45   ,3.29   ,4.60   ,7.29   ,8.21   ,4.34
199705   ,8.88   ,7.68   ,7.58   ,8.91  ,11.46  ,10.82  ,11.52   ,9.94  ,11.89  ,16.58   ,9.47   ,8.08  ,10.54  ,12.42  ,15.21   ,8.16   ,6.64   ,7.86   ,9.82  ,11.42   ,5.44   ,6.66   ,5.21   ,6.10  ,12.24
199706   ,5.47   ,5.09   ,6.41   ,4.82   ,4.58   ,5.13   ,6.15   ,6.38   ,3.56   ,4.77   ,4.65   ,3.84   ,4.68   ,5.19   ,5.30   ,4.31   ,4.25   ,3.53   ,3.28   ,3.26   ,3.79   ,3.92   ,5.81   ,3.83   ,3.30
199707   ,5.73   ,5.89   ,7.49   ,6.70   ,3.90   ,3.22   ,5.38   ,4.71   ,5.50   ,4.68   ,5.02   ,6.20   ,4.42   ,6.96   ,6.59   ,5.96   ,7.82   ,6.09   ,6.89   ,9.02   ,7.24   ,5.61   ,8.27  ,11.54  ,11.01
199708   ,3.53   ,4.67   ,3.50   ,4.16   ,3.53   ,3.14   ,2.04   ,3.74   ,2.51   ,3.06   ,2.59   ,0.73   ,1.36   ,1.48   ,2.91   ,0.44  ,-0.33  ,-0.74   ,0.52   ,0.37  ,-4.64  ,-4.91  ,-6.42  ,-6.05  ,-3.92
199709   ,9.92   ,8.56   ,9.50   ,9.26  ,10.90   ,6.32   ,5.02   ,8.22   ,8.98   ,9.79   ,6.31   ,5.02   ,8.25   ,7.49   ,9.38   ,4.24   ,5.68   ,6.20   ,5.40   ,7.20   ,5.98   ,5.26   ,5.25   ,6.62   ,4.09
199710  ,-2.84  ,-0.80  ,-1.98  ,-3.06  ,-4.89  ,-2.58  ,-1.01  ,-2.69  ,-5.69  ,-4.74  ,-3.97  ,-4.00  ,-3.30  ,-5.20  ,-7.33  ,-4.12  ,-4.01  ,-4.06  ,-3.75  ,-5.87  ,-1.79  ,-3.51  ,-2.03  ,-4.66  ,-3.17
199711  ,-2.83   ,0.67  ,-1.35  ,-2.74  ,-5.77  ,-0.35  ,-1.54  ,-0.28  ,-2.33  ,-4.60  ,-0.75   ,0.05   ,0.15  ,-2.90  ,-4.31   ,1.03   ,1.97   ,1.24   ,0.21  ,-4.03   ,4.71   ,4.82   ,3.80   ,5.35   ,2.79
199712  ,-3.35   ,0.26   ,1.11   ,0.62  ,-3.57   ,0.41   ,2.02   ,2.67   ,0.58  ,-0.10   ,1.07   ,2.57   ,1.27   ,2.55   ,1.49   ,2.66   ,4.06   ,3.02   ,1.80  ,-1.31   ,3.57   ,2.47   ,3.07   ,1.02  ,-1.39
199801   ,0.64  ,-0.54  ,-0.47  ,-1.70  ,-1.24  ,-0.94  ,-1.56  ,-1.78  ,-2.42  ,-0.99  ,-0.58  ,-1.13  ,-0.36  ,-1.14  ,-1.80  ,-0.08  ,-2.55  ,-1.79   ,0.45  ,-2.89  ,-0.86   ,0.69  ,-0.02   ,2.33   ,4.13
199802   ,6.12   ,6.35   ,6.31   ,5.83   ,6.50   ,6.33   ,7.20   ,5.59   ,8.56   ,8.89   ,6.49   ,5.74   ,7.80  ,10.27   ,8.55   ,6.32   ,7.12   ,8.64   ,6.96   ,9.80   ,4.78   ,6.00   ,9.33   ,8.16   ,8.47
199803   ,6.65   ,5.18   ,5.32   ,3.50   ,6.02   ,5.84   ,5.02   ,1.81   ,4.15   ,5.18   ,5.54   ,2.51   ,4.25   ,3.62   ,6.02   ,5.90   ,4.72   ,3.54   ,5.94   ,4.17   ,4.47   ,4.35   ,6.91   ,4.28   ,6.48
199804   ,2.92   ,2.31   ,2.98   ,3.64   ,1.54   ,2.37   ,1.03   ,0.95   ,1.78   ,0.18   ,0.83   ,1.81   ,0.16   ,0.45   ,0.99   ,0.47   ,0.68  ,-0.85   ,0.40   ,2.44   ,0.95  ,-0.00   ,2.87   ,1.82   ,1.45
199805  ,-3.79  ,-2.32  ,-3.26  ,-3.77  ,-6.46  ,-3.71  ,-3.49  ,-4.08  ,-5.20  ,-7.02  ,-5.23  ,-3.14  ,-5.23  ,-6.30  ,-8.06  ,-2.79  ,-1.77  ,-3.51  ,-3.96  ,-7.27  ,-0.73  ,-1.67  ,-1.23  ,-2.14  ,-3.81
199806  ,-2.05  ,-1.31  ,-0.42  ,-1.03  ,-1.68  ,-0.28   ,0.11   ,0.10   ,0.61   ,2.24  ,-0.38  ,-0.50  ,-0.48  ,-0.82   ,1.36  ,-0.31   ,2.10  ,-1.02   ,1.55   ,1.43   ,1.11   ,1.56   ,4.73   ,5.68   ,9.89
199807  ,-6.74  ,-5.27  ,-6.42  ,-7.08  ,-7.32  ,-8.85  ,-6.34  ,-7.31  ,-6.28  ,-8.07  ,-7.05  ,-6.10  ,-6.43  ,-9.92  ,-9.66  ,-4.71  ,-5.36  ,-5.69  ,-5.45  ,-8.93  ,-2.63  ,-0.68   ,0.14  ,-0.97  ,-0.27
199808 ,-21.89 ,-17.23 ,-18.57 ,-19.82 ,-25.90 ,-19.58 ,-14.38 ,-16.20 ,-19.96 ,-26.24 ,-17.92 ,-13.03 ,-18.23 ,-22.70 ,-25.83 ,-15.50 ,-12.79 ,-20.81 ,-19.42 ,-22.76 ,-11.52 ,-13.61 ,-15.70 ,-18.02 ,-17.75
199809   ,4.93   ,2.23   ,2.75   ,2.78   ,5.30   ,7.84   ,3.18   ,6.76   ,8.07   ,9.92   ,6.40   ,4.73   ,5.67   ,8.96   ,8.92   ,7.48   ,4.78   ,8.76   ,5.64   ,7.88   ,6.59   ,4.71   ,5.59   ,8.03   ,9.91
199810   ,1.11   ,2.17   ,3.60   ,3.10   ,1.98   ,3.61   ,5.05   ,2.53   ,4.53   ,4.60   ,4.84   ,2.69   ,5.37   ,7.02   ,4.39   ,6.38   ,5.77   ,7.19   ,8.78   ,7.28   ,7.60   ,8.99   ,8.66   ,8.85   ,3.99
199811  ,10.80   ,5.78   ,6.78   ,6.20   ,5.24   ,5.36   ,3.64   ,5.35   ,6.69   ,7.98   ,4.06   ,4.31   ,5.53   ,8.31   ,5.01   ,3.85   ,4.92   ,3.30   ,4.77   ,2.44   ,6.41   ,5.59   ,4.93   ,9.11   ,8.48
199812   ,3.44   ,1.92   ,1.62   ,0.38   ,4.22   ,3.46   ,4.49   ,5.08   ,6.02   ,7.38   ,5.95   ,4.67   ,5.61   ,7.12   ,8.50   ,4.04   ,2.78   ,7.32   ,6.44   ,6.32   ,3.28   ,5.31   ,7.17   ,9.39  ,10.63
199901   ,6.93   ,2.41   ,3.48   ,3.75   ,6.17   ,0.86  ,-0.93  ,-3.27   ,1.26   ,3.68   ,0.80  ,-0.28  ,-2.07   ,4.94   ,3.27  ,-1.30  ,-2.43  ,-0.42  ,-1.83   ,1.75   ,1.36   ,0.75   ,3.79   ,7.06  ,15.98
199902  ,-5.36  ,-4.79  ,-5.93  ,-5.23  ,-8.21  ,-6.28  ,-5.89  ,-6.63  ,-8.41 ,-11.28  ,-5.01  ,-5.72  ,-5.53  ,-8.07 ,-10.39  ,-2.40  ,-0.28  ,-7.04  ,-5.55  ,-7.06  ,-1.68  ,-1.34  ,-1.92  ,-4.65  ,-9.57
199903  ,-1.72  ,-3.03  ,-3.12  ,-3.70  ,-1.00   ,2.11  ,-0.37  ,-2.68   ,2.90   ,1.97   ,2.64  ,-1.28   ,3.04   ,5.33   ,7.86   ,1.36   ,0.51   ,4.96   ,3.13   ,5.72   ,5.04   ,2.68   ,2.61   ,2.31   ,9.87
199904  ,10.75   ,7.20   ,6.99   ,8.81   ,8.38  ,11.05   ,8.01   ,7.89   ,6.84   ,8.44   ,5.04   ,7.16   ,8.74  ,11.17  ,16.58   ,7.82  ,10.30  ,11.29  ,10.22   ,8.39   ,7.76   ,2.24   ,4.07   ,2.62  ,-0.40
199905   ,3.61   ,3.80   ,2.87   ,2.00   ,0.39   ,1.60   ,1.59   ,3.19   ,3.28  ,-0.22   ,0.68   ,1.60   ,1.98   ,1.14  ,-4.65   ,0.67   ,0.78   ,0.09   ,1.15   ,1.73  ,-2.19  ,-2.35  ,-1.28  ,-3.60  ,-4.04
199906   ,6.04   ,5.20   ,7.02   ,4.92   ,7.42   ,6.13   ,4.32   ,7.71   ,9.07   ,7.42   ,5.66   ,3.61   ,8.70   ,4.61   ,3.59   ,5.67   ,3.72   ,6.73   ,4.56   ,5.58   ,2.64   ,3.41   ,5.88   ,6.60   ,8.45
199907   ,2.31   ,1.45  ,-0.10   ,0.13   ,0.02  ,-0.33  ,-1.33  ,-1.26  ,-0.72  ,-4.78  ,-0.10  ,-0.60  ,-0.55  ,-0.86  ,-3.67  ,-1.82  ,-1.81  ,-1.84  ,-3.47  ,-6.69  ,-3.83  ,-3.30  ,-2.26  ,-3.08  ,-4.17
199908  ,-0.16  ,-0.62  ,-2.39  ,-3.43  ,-4.80  ,-2.65  ,-1.05  ,-2.96  ,-4.47  ,-2.30  ,-2.81  ,-3.41  ,-3.17  ,-5.00  ,-2.61  ,-2.07  ,-2.39  ,-1.59  ,-3.60  ,-0.36  ,-1.35  ,-1.42   ,0.84   ,0.15  ,-1.10
199909   ,0.11   ,0.37  ,-0.00  ,-0.89  ,-0.44   ,0.89  ,-0.42  ,-0.91  ,-0.01   ,2.02  ,-1.86  ,-4.45  ,-0.72  ,-2.43   ,5.16  ,-2.75  ,-4.41  ,-3.46  ,-1.78  ,-3.67  ,-4.71  ,-3.66  ,-3.93  ,-1.56   ,0.97
199910   ,0.45  ,-1.33  ,-1.63  ,-3.99  ,-2.02   ,2.19  ,-1.89  ,-1.90  ,-1.14   ,0.82  ,-0.95   ,0.52   ,3.97   ,3.05   ,7.09   ,2.22   ,3.09   ,1.96   ,6.17   ,7.57   ,6.08   ,3.71  ,10.24   ,8.78   ,5.37
199911  ,11.60   ,5.20   ,6.50   ,4.64  ,12.39   ,6.81   ,1.03   ,4.10   ,6.44  ,10.18   ,0.74  ,-0.21   ,3.20   ,4.35  ,15.04   ,1.72   ,2.26   ,2.79   ,3.29  ,12.68   ,2.27   ,0.29   ,0.37   ,4.01   ,5.45
199912  ,18.60  ,10.14   ,7.07   ,6.70  ,14.15  ,11.11   ,6.91   ,8.26  ,11.72  ,17.44   ,5.41   ,3.72   ,8.06   ,8.54  ,18.63   ,7.87   ,3.91   ,8.08  ,10.34  ,22.93   ,3.52   ,0.90   ,4.83   ,7.05  ,14.16
200001   ,7.56   ,3.13   ,0.71   ,2.33   ,6.55  ,-1.67  ,-2.67  ,-2.67  ,-4.99  ,-4.69  ,-1.92  ,-2.80  ,-4.62  ,-3.43  ,-2.91  ,-4.72  ,-5.55  ,-1.36  ,-6.51   ,3.06   ,0.23  ,-3.08  ,-4.33  ,-5.81  ,-7.46
200002  ,34.71  ,16.72  ,20.09  ,11.55  ,21.80  ,16.41  ,14.33  ,10.98  ,16.19  ,21.91  ,-1.74   ,1.08   ,8.53  ,10.63  ,26.41   ,4.66  ,-2.62   ,1.89  ,15.37  ,20.96  ,-0.61  ,-4.74  ,-3.44   ,0.96  ,-0.06
200003 ,-13.37  ,-7.73  ,-5.45  ,-1.39  ,-9.55  ,-7.84  ,-8.30  ,-4.01  ,-1.26  ,-8.07   ,8.49   ,6.78   ,7.53   ,4.75  ,-8.77   ,9.80  ,11.26   ,8.05   ,5.47  ,-4.13   ,9.78   ,9.59   ,9.65   ,8.39  ,12.59
200004 ,-13.57  ,-9.32  ,-6.70  ,-8.66 ,-18.63  ,-2.09   ,0.74   ,2.42  ,-7.61 ,-14.24  ,-0.79   ,0.06  ,-2.70  ,-2.88 ,-12.54  ,-4.88   ,0.68  ,-1.88  ,-5.37 ,-12.57  ,-1.46  ,-0.63  ,-1.71  ,-0.26 ,-11.25
200005  ,-9.51  ,-4.91  ,-5.90  ,-6.23  ,-9.37  ,-6.36   ,0.99  ,-3.67  ,-3.18  ,-5.82   ,0.57  ,-1.83  ,-4.72  ,-0.12 ,-11.63   ,1.08  ,-2.64  ,-2.71  ,-3.79  ,-7.29  ,-4.60  ,-0.19   ,2.30  ,-3.57  ,-7.90
200006  ,22.14  ,12.81  ,13.31   ,9.80  ,17.10   ,7.85   ,5.80   ,3.03  ,11.78  ,13.22   ,1.00   ,0.70  ,-0.30   ,8.00  ,15.43   ,1.24  ,-3.02   ,1.78   ,5.50  ,13.66   ,2.88  ,-1.64  ,-0.27   ,5.44   ,9.18
200007  ,-1.17  ,-0.30  ,-1.12  ,-1.80  ,-7.43  ,-2.81   ,0.42  ,-0.86  ,-1.82  ,-9.68   ,0.37   ,0.23   ,0.96  ,-4.81  ,-9.56  ,-0.09   ,1.89   ,1.53  ,-1.25  ,-5.20   ,0.50  ,-1.45  ,-0.80  ,-2.53  ,-4.35
200008   ,9.01   ,5.09   ,4.97   ,7.91   ,3.10   ,9.53   ,5.98   ,8.42   ,7.34   ,2.73  ,10.46   ,4.93   ,7.38   ,9.31   ,8.61   ,8.18   ,6.34   ,8.29  ,11.79  ,11.85   ,7.57   ,4.15   ,5.48   ,8.85  ,12.79
200009  ,-2.04  ,-1.83  ,-0.61  ,-2.11  ,-9.77  ,-2.22  ,-1.91  ,-1.22  ,-3.53 ,-12.62  ,-0.47  ,-0.28  ,-1.08  ,-5.61 ,-12.35  ,-1.34   ,0.30   ,0.77  ,-1.78  ,-7.30  ,-2.61   ,1.41  ,-1.59 ,-13.98  ,-5.22
200010  ,-6.12  ,-2.88  ,-3.97  ,-7.00 ,-12.84  ,-4.02  ,-1.26  ,-1.06  ,-2.40 ,-15.94  ,-0.36  ,-0.36  ,-0.17  ,-4.59 ,-18.84   ,1.31   ,2.77  ,-0.55  ,-1.46 ,-14.14   ,0.39   ,2.96  ,-0.94  ,-2.63 ,-10.62
200011 ,-10.26  ,-4.26  ,-5.32  ,-9.61 ,-19.17  ,-8.50  ,-4.92  ,-3.07  ,-9.84 ,-25.54  ,-6.23  ,-2.18  ,-4.30 ,-11.17 ,-28.97  ,-4.00  ,-1.00  ,-4.81  ,-9.06 ,-27.75  ,-2.66  ,-2.77  ,-7.01 ,-13.57 ,-27.08
200012   ,3.90   ,5.83   ,4.43   ,4.15  ,-2.17   ,9.26   ,9.90  ,11.36  ,10.53  ,-1.89   ,8.16  ,10.40  ,10.90   ,7.74   ,4.92   ,7.61   ,8.81  ,10.46   ,6.20   ,4.97   ,5.19   ,3.98   ,2.00  ,-5.67  ,-3.25
200101  ,11.61   ,8.29   ,8.99  ,12.50  ,19.11   ,2.53   ,2.27   ,0.77   ,5.82  ,18.86  ,-0.33  ,-0.03   ,0.27   ,6.67  ,14.76   ,3.21  ,-0.76   ,0.75   ,2.52   ,7.65   ,1.11  ,-0.38   ,1.65   ,8.49  ,11.06
200102  ,-5.00  ,-0.83  ,-2.51  ,-5.08 ,-12.73  ,-4.03  ,-2.29  ,-2.76  ,-6.73 ,-22.24  ,-2.62  ,-1.96  ,-0.53  ,-7.55 ,-26.26  ,-2.56   ,0.57  ,-2.61  ,-7.31 ,-21.81  ,-1.99  ,-3.05  ,-8.38 ,-17.87 ,-22.61
200103  ,-3.10  ,-1.33  ,-1.63  ,-3.62  ,-7.00  ,-3.32  ,-0.32  ,-3.96  ,-6.40 ,-16.47  ,-4.49  ,-2.77  ,-5.27  ,-8.50 ,-15.92  ,-3.50  ,-3.52  ,-2.98  ,-5.93 ,-18.59  ,-4.03  ,-3.52  ,-6.34 ,-11.71 ,-13.84
200104   ,7.06   ,5.17   ,5.55   ,8.13   ,9.72   ,6.76   ,6.44   ,5.51   ,9.32  ,13.16   ,6.82   ,5.80   ,8.70  ,11.40  ,16.44   ,7.22   ,6.20   ,8.15  ,11.54  ,23.47   ,5.81   ,5.15   ,5.17  ,12.95  ,15.57
200105   ,7.85   ,5.90   ,6.79   ,8.51   ,7.27   ,3.69   ,1.44   ,2.31   ,4.01   ,1.16   ,3.75   ,2.07   ,3.57   ,2.87   ,4.12   ,3.27   ,3.32   ,2.63   ,1.61   ,1.12   ,2.14   ,2.66   ,0.92  ,-2.15  ,-2.85
200106   ,3.13   ,4.52   ,5.51   ,5.85   ,3.67   ,1.79   ,2.19   ,3.23   ,3.77   ,3.88  ,-2.99  ,-0.40   ,1.36   ,0.86   ,7.92  ,-0.97  ,-1.37  ,-0.74  ,-0.37   ,0.65  ,-3.00  ,-3.54  ,-3.39  ,-0.35  ,-2.29
200107  ,-4.16   ,0.89   ,0.57  ,-4.44 ,-11.20  ,-3.88  ,-1.50  ,-2.21  ,-4.55 ,-13.50  ,-1.11   ,0.00  ,-0.10  ,-2.83 ,-13.27   ,0.83  ,-1.10   ,1.68  ,-1.60 ,-11.07  ,-3.45  ,-0.50   ,2.00  ,-1.61  ,-5.60
200108  ,-2.00  ,-0.24  ,-2.19  ,-4.82  ,-9.77  ,-0.85   ,0.23  ,-3.34  ,-4.73 ,-10.01  ,-1.80  ,-0.44  ,-2.27  ,-4.66 ,-10.78  ,-2.11  ,-3.11  ,-3.67  ,-5.68 ,-11.04  ,-3.13  ,-3.88  ,-5.16  ,-8.03 ,-13.45
200109 ,-12.47 ,-10.13 ,-11.03 ,-12.88 ,-19.21 ,-14.51 ,-10.24 ,-14.14 ,-15.61 ,-22.30 ,-13.03  ,-8.50 ,-11.03 ,-10.99 ,-20.06  ,-9.50  ,-7.57  ,-9.75 ,-14.25 ,-22.17  ,-7.17  ,-4.87  ,-5.96  ,-8.78 ,-15.29
200110   ,5.31   ,2.90   ,4.39   ,6.51  ,10.44   ,5.76   ,2.38   ,4.67   ,6.80  ,13.43   ,4.18   ,2.28   ,4.09   ,7.76  ,18.18   ,0.58   ,1.31   ,1.10   ,5.91  ,12.83   ,2.39   ,0.02   ,0.09   ,2.06   ,8.05
200111   ,5.98   ,4.70   ,6.85   ,7.61   ,9.80   ,7.94   ,6.39   ,8.03   ,6.70  ,14.10   ,8.43   ,6.39   ,6.93   ,6.03  ,12.96   ,9.36   ,5.01   ,6.45   ,7.83  ,11.72   ,7.81   ,4.25   ,7.88  ,10.86  ,10.27
200112   ,5.73   ,5.13   ,6.82   ,6.17  ,10.87   ,5.68   ,6.17   ,6.91   ,9.11   ,5.87   ,6.38   ,6.14   ,6.35   ,6.38   ,4.19   ,5.26   ,4.20   ,4.17   ,7.38   ,1.27   ,1.46   ,1.23   ,1.33   ,1.28  ,-3.24
200201   ,3.27   ,2.96   ,2.56   ,0.16  ,-3.93   ,0.35   ,0.55   ,1.78  ,-1.29  ,-6.99   ,1.11   ,1.09  ,-0.64  ,-0.22  ,-8.34   ,0.78   ,0.21  ,-1.82  ,-2.19  ,-4.30  ,-1.79  ,-1.19   ,0.24  ,-2.86  ,-3.46
200202  ,-1.02  ,-0.99  ,-0.50  ,-3.36 ,-10.37   ,0.42   ,2.27  ,-2.20  ,-1.71 ,-10.85   ,0.94   ,2.11   ,0.26  ,-2.23  ,-9.36   ,2.18   ,3.22  ,-0.95  ,-0.93 ,-11.07  ,-1.68   ,1.62  ,-2.23  ,-3.77  ,-7.97
200203   ,9.47   ,8.76   ,6.90   ,8.44   ,7.38   ,8.49   ,8.31   ,9.00   ,8.20   ,9.02   ,7.83   ,5.61   ,5.32   ,7.14   ,9.24   ,4.75   ,4.41   ,6.01   ,6.87   ,8.71   ,4.94   ,2.04   ,4.13   ,3.48   ,4.46
200204   ,2.43   ,5.30   ,4.48   ,3.04  ,-4.51   ,2.58   ,2.68   ,4.24   ,2.03  ,-9.75  ,-0.56   ,1.75   ,2.08   ,0.54 ,-10.34   ,2.44   ,2.17   ,0.58  ,-4.45  ,-8.63  ,-6.03  ,-4.36  ,-5.43  ,-9.65  ,-9.47
200205   ,1.20  ,-0.84  ,-1.27  ,-0.44  ,-5.38  ,-4.47  ,-0.82  ,-3.11  ,-3.43  ,-8.45  ,-0.92  ,-0.76  ,-1.65  ,-2.42  ,-7.59   ,1.48   ,1.11   ,1.35  ,-1.10  ,-6.48   ,0.32   ,0.02  ,-0.41  ,-1.31  ,-4.16
200206  ,-2.09   ,0.01   ,0.03  ,-3.34  ,-7.99  ,-5.16  ,-2.29  ,-6.01  ,-5.39 ,-10.07  ,-5.35  ,-5.38  ,-6.66  ,-8.30 ,-11.78  ,-5.94  ,-4.74  ,-5.61  ,-9.04 ,-14.29  ,-7.11  ,-5.10  ,-9.83  ,-6.34  ,-9.52
200207 ,-15.71 ,-12.68 ,-10.97 ,-14.02 ,-16.54 ,-15.83 ,-13.92 ,-11.82 ,-14.91 ,-16.72 ,-12.16 ,-11.95  ,-8.67  ,-9.97 ,-11.76 ,-13.39 ,-10.11  ,-8.63  ,-9.96  ,-9.41  ,-9.26  ,-6.28  ,-7.75  ,-5.12  ,-9.17
200208  ,-1.66   ,0.03   ,0.00  ,-1.29   ,0.26  ,-0.59   ,1.09   ,0.58   ,0.96   ,1.28   ,0.46   ,0.43   ,1.50   ,1.04   ,0.90   ,0.78   ,3.10   ,1.26   ,0.52  ,-2.15  ,-0.54  ,-0.22   ,1.69   ,0.85   ,2.65
200209  ,-9.98  ,-6.01  ,-5.99  ,-6.84  ,-7.83  ,-9.54  ,-7.20  ,-5.00  ,-4.74  ,-7.27  ,-9.51  ,-7.97  ,-7.29  ,-7.16  ,-9.10 ,-13.29 ,-11.07  ,-7.19  ,-9.77  ,-9.43 ,-11.76  ,-9.64 ,-11.36  ,-9.36 ,-10.15
200210   ,3.59   ,2.26   ,2.94   ,2.56   ,2.49   ,4.27   ,1.85   ,1.77   ,3.45   ,5.95   ,6.12   ,3.71   ,5.08   ,1.15   ,5.60   ,6.56   ,7.62   ,1.49   ,3.91   ,8.36   ,9.85   ,8.30   ,8.45   ,9.18   ,6.05
200211  ,13.34   ,6.78   ,8.10   ,9.08  ,10.11  ,13.14   ,8.48   ,7.32   ,6.06   ,9.57  ,11.42   ,6.38   ,4.84   ,5.46  ,10.40  ,14.36   ,9.75   ,5.77   ,6.63   ,7.85   ,9.54   ,4.73   ,6.07   ,3.51   ,2.68
200212  ,-5.73  ,-1.84  ,-3.22  ,-2.47  ,-3.56  ,-7.14  ,-4.76  ,-3.92  ,-4.22  ,-5.41  ,-6.62  ,-3.81  ,-1.47  ,-2.38  ,-6.76  ,-6.48  ,-5.32  ,-2.17  ,-2.62  ,-6.68  ,-8.10  ,-4.46  ,-4.43  ,-5.96  ,-4.33
200301   ,0.27   ,1.36  ,-0.70   ,0.22  ,-1.12  ,-3.14  ,-2.62  ,-1.06  ,-1.77  ,-2.07  ,-1.64  ,-4.06  ,-2.07  ,-3.09  ,-1.06  ,-0.71  ,-3.12  ,-1.30  ,-2.89   ,0.60  ,-1.68  ,-2.19  ,-2.17  ,-3.29  ,-3.55
200302  ,-2.96  ,-2.99  ,-2.05  ,-2.87  ,-0.60  ,-3.27  ,-1.99  ,-2.56  ,-1.02  ,-2.39  ,-2.74  ,-3.45  ,-1.82  ,-2.16  ,-2.74  ,-2.16  ,-1.92  ,-1.93  ,-0.55  ,-1.79  ,-0.88  ,-2.74  ,-2.60  ,-0.97   ,0.28
200303   ,1.33  ,-0.19   ,0.53   ,0.20   ,0.33   ,1.69   ,2.31   ,1.14   ,0.95  ,-1.70   ,1.20   ,0.85   ,1.19   ,0.79   ,0.80  ,-0.30  ,-1.57   ,1.54   ,0.79   ,1.02  ,-0.59   ,0.70  ,-0.85   ,3.21   ,0.83
200304  ,10.31   ,8.43   ,7.32   ,9.64   ,9.53  ,11.39   ,9.98   ,8.72  ,10.60   ,9.17  ,11.61   ,7.58   ,9.09   ,8.84   ,8.63  ,10.18   ,8.11   ,6.45   ,7.47   ,8.13   ,7.93   ,6.63   ,8.48   ,8.25   ,9.06
200305  ,15.99  ,10.83   ,8.11  ,10.83  ,14.49  ,12.35   ,9.40   ,8.36   ,8.90  ,13.47  ,10.33   ,8.12   ,7.64   ,8.43  ,10.96  ,10.97   ,9.53   ,8.98   ,9.84  ,10.48   ,8.74   ,5.03   ,7.28   ,1.61   ,7.43
200306   ,5.98   ,4.85   ,3.94   ,4.77   ,5.17   ,1.10   ,2.59   ,2.53   ,2.74   ,1.72   ,0.21   ,1.12   ,1.68   ,4.02   ,3.75   ,0.44   ,3.80   ,1.53   ,0.06   ,1.31   ,0.88  ,-0.51   ,2.95   ,2.00   ,0.85
200307   ,9.89   ,6.95   ,6.44   ,6.81   ,5.77   ,8.10   ,5.21   ,5.58   ,5.33   ,5.43   ,6.08   ,3.19   ,2.66   ,3.81   ,4.06   ,2.53   ,2.89   ,2.57   ,3.15   ,2.48   ,0.89   ,1.64   ,2.19   ,1.06   ,1.65
200308   ,6.30   ,6.17   ,3.43   ,4.00   ,6.01   ,5.33   ,4.18   ,4.33   ,4.12   ,5.74   ,7.36   ,4.54   ,5.78   ,3.51   ,6.13   ,6.41   ,5.37   ,5.26   ,3.42   ,4.35   ,3.48   ,3.82   ,1.27  ,-0.07   ,1.71
200309   ,4.27   ,1.81   ,0.78   ,0.86   ,0.44  ,-2.92  ,-1.09  ,-1.36  ,-1.62  ,-1.56  ,-0.93  ,-2.04  ,-1.15  ,-2.16  ,-1.82  ,-1.32  ,-1.61  ,-1.91  ,-1.58  ,-1.75  ,-2.78  ,-2.59  ,-0.29   ,0.78  ,-1.90
200310  ,10.78   ,8.79   ,9.15   ,8.90   ,7.65   ,9.39   ,6.93   ,7.56   ,9.26   ,9.16   ,9.03   ,9.29   ,7.52   ,7.49   ,9.19   ,9.20   ,6.89   ,5.80   ,8.85   ,7.66   ,6.46   ,8.07   ,4.46   ,4.03   ,5.56
200311   ,4.90   ,5.26   ,4.58   ,4.59   ,4.45   ,3.56   ,3.70   ,5.03   ,2.86   ,1.95   ,3.18   ,3.57   ,4.08   ,4.59   ,3.71   ,2.64   ,3.02   ,2.07   ,2.88   ,3.52   ,2.81   ,1.69   ,0.62   ,0.49  ,-0.45
200312   ,2.60   ,4.48   ,2.56   ,2.60   ,3.71   ,3.51   ,3.70   ,2.16   ,1.67   ,2.35   ,4.61   ,6.59   ,1.57   ,2.68   ,1.07   ,3.51   ,3.90   ,3.81   ,2.50   ,2.01   ,7.32   ,3.71   ,5.10   ,5.82   ,4.11
200401  ,10.04   ,5.01   ,3.93   ,4.04   ,1.79   ,6.23   ,3.46   ,2.80   ,2.14   ,3.41   ,5.06   ,2.93   ,1.03   ,1.32   ,2.36   ,4.65   ,1.45   ,2.62   ,1.31   ,1.29   ,3.63   ,0.40   ,1.12   ,3.00   ,1.63
200402   ,0.18   ,0.72   ,1.77   ,2.34   ,2.08  ,-0.05   ,1.28   ,2.20   ,3.24   ,0.93   ,0.09   ,3.29   ,2.58   ,3.08   ,3.90   ,1.17   ,1.46   ,2.87   ,2.74   ,4.01   ,1.93   ,0.62   ,2.11   ,0.81   ,1.41
200403  ,-1.01   ,0.31   ,1.34  ,-0.30   ,0.73   ,0.39   ,0.92   ,1.44   ,2.07   ,1.51   ,1.90  ,-0.31  ,-0.62   ,1.19   ,1.41  ,-0.73   ,1.07  ,-0.73  ,-0.50   ,0.74  ,-3.15  ,-1.78  ,-0.74  ,-2.90   ,0.41
200404  ,-6.82  ,-4.24  ,-3.88  ,-3.60  ,-5.57  ,-5.93  ,-3.71  ,-4.38  ,-2.85  ,-4.87  ,-6.06  ,-2.87  ,-3.97  ,-1.68  ,-4.34  ,-4.37  ,-3.12  ,-2.96  ,-1.50  ,-5.43  ,-2.46  ,-1.63  ,-1.96   ,0.23  ,-1.85
200405  ,-0.43   ,0.16   ,1.30   ,0.38   ,0.25   ,2.02   ,1.48   ,1.38   ,2.11   ,2.08   ,2.16   ,4.08   ,1.94   ,1.07   ,2.19   ,4.66   ,2.25  ,-0.05   ,2.62   ,1.56   ,1.73   ,0.34   ,0.89   ,1.73   ,0.83
200406   ,3.17   ,6.15   ,4.17   ,3.02   ,3.98   ,5.07   ,4.83   ,4.17   ,4.25   ,4.30   ,2.53   ,3.22   ,4.29   ,3.87   ,3.19   ,4.36   ,3.46   ,2.46   ,2.01   ,1.61   ,1.92   ,1.82   ,1.53   ,1.93   ,1.04
200407  ,-7.81  ,-4.45  ,-5.08  ,-5.37  ,-8.30  ,-7.98  ,-6.22  ,-4.89  ,-5.04  ,-6.24  ,-7.60  ,-3.71  ,-2.98  ,-4.77  ,-6.04  ,-5.82  ,-2.88  ,-4.92  ,-3.99  ,-7.55  ,-4.18  ,-3.64  ,-3.09  ,-1.27  ,-5.50
200408  ,-1.02  ,-2.58   ,0.45   ,0.32  ,-1.11  ,-1.72  ,-0.44   ,1.01  ,-1.07   ,0.22  ,-2.70  ,-0.42  ,-0.16  ,-0.49  ,-0.76  ,-0.69  ,-0.67   ,0.21  ,-0.44  ,-0.56  ,-1.25  ,-0.45   ,1.59   ,1.01   ,0.02
200409   ,4.52   ,5.11   ,3.65   ,6.78   ,6.20   ,5.40   ,4.31   ,4.78   ,6.14   ,8.59   ,3.13   ,4.45   ,5.49   ,4.11   ,5.75   ,3.05   ,4.07   ,3.95   ,3.19   ,5.94   ,0.17   ,2.30   ,0.90   ,0.91   ,3.39
200410   ,1.93   ,1.85   ,1.97   ,2.12   ,1.64   ,2.44   ,3.09   ,2.23   ,3.59   ,1.51   ,2.04   ,1.64   ,2.31   ,2.68   ,2.46   ,4.02   ,2.33   ,1.10   ,3.12   ,3.57   ,3.98   ,1.97   ,0.97   ,1.27  ,-0.32
200411   ,8.87   ,8.89   ,7.42   ,9.63   ,9.75   ,7.98   ,9.27   ,8.10   ,9.50   ,9.06   ,9.08   ,6.93   ,7.65   ,6.80   ,7.26   ,7.95   ,6.21   ,6.78   ,5.96   ,6.04   ,2.74   ,3.41   ,4.98   ,3.60   ,4.72
200412   ,5.69   ,4.03   ,3.52   ,4.09   ,3.58   ,4.08   ,2.76   ,1.96   ,3.05   ,2.89   ,3.52   ,2.44   ,2.84   ,3.97   ,3.28   ,3.74   ,4.07   ,3.52   ,3.95   ,5.06   ,3.85   ,2.83   ,4.21   ,2.95   ,3.31
200501  ,-3.58  ,-2.56  ,-3.64  ,-1.25  ,-4.01  ,-3.99  ,-3.82  ,-3.16  ,-2.80  ,-3.79  ,-5.56  ,-2.12  ,-2.91  ,-2.55  ,-1.56  ,-5.15  ,-0.32  ,-2.03  ,-1.93  ,-3.01  ,-4.09  ,-2.45  ,-1.25  ,-0.73  ,-6.34
200502   ,2.31   ,1.36   ,1.25   ,2.58   ,1.37   ,3.70   ,2.12   ,1.69   ,2.28   ,3.22   ,2.79   ,3.36   ,3.80   ,2.34   ,1.86   ,3.03   ,3.44   ,2.12   ,3.01   ,3.48   ,0.64   ,3.49   ,2.73   ,2.07   ,1.11
200503  ,-4.11  ,-2.54  ,-2.43  ,-3.87  ,-4.35  ,-1.75  ,-1.19  ,-1.04  ,-1.83  ,-4.25  ,-1.23  ,-2.27  ,-0.28  ,-2.35  ,-3.15  ,-1.98  ,-1.32  ,-0.90  ,-0.68  ,-0.11   ,0.77  ,-1.45  ,-1.13  ,-2.56  ,-0.95
200504  ,-7.61  ,-6.17  ,-4.29  ,-5.64  ,-5.32  ,-6.76  ,-5.85  ,-6.83  ,-6.78  ,-6.47  ,-6.34  ,-3.24  ,-3.77  ,-6.31  ,-5.97  ,-4.91  ,-3.54  ,-3.17  ,-4.12  ,-5.24  ,-2.19  ,-3.14  ,-1.64  ,-1.45  ,-0.76
200505   ,4.92   ,4.08   ,5.08   ,3.52   ,4.75   ,6.30   ,6.50   ,7.45   ,7.28   ,6.56   ,6.55   ,4.76   ,5.17   ,6.89   ,4.56   ,5.76   ,5.91   ,4.58   ,5.16   ,6.22   ,2.94   ,3.84   ,2.28   ,2.57   ,5.07
200506   ,4.64   ,4.09   ,2.53   ,5.05   ,6.13   ,3.72   ,3.15   ,5.06   ,3.19   ,4.95   ,3.46   ,2.45   ,2.28   ,3.62   ,3.27   ,1.59   ,3.60   ,2.56   ,2.34   ,3.69   ,0.17   ,1.30   ,0.43   ,0.03   ,0.24
200507   ,7.17   ,6.39   ,6.03   ,6.92   ,7.15   ,6.44   ,7.15   ,6.17   ,6.75   ,6.96   ,5.06   ,3.02   ,6.28   ,7.82   ,5.67   ,4.69   ,4.72   ,4.46   ,5.94   ,7.93   ,2.70   ,3.73   ,4.64   ,3.35   ,3.91
200508   ,0.05   ,0.17  ,-0.61  ,-2.61  ,-0.51  ,-0.28  ,-0.35  ,-1.41  ,-0.92  ,-0.65  ,-1.69   ,0.05   ,0.69  ,-0.68  ,-1.33   ,0.20   ,0.10  ,-0.16   ,0.45  ,-0.51  ,-1.39  ,-0.39   ,0.12  ,-0.12  ,-1.08
200509   ,1.74   ,1.32   ,1.33   ,1.30   ,3.11   ,1.75  ,-0.38   ,1.30   ,0.88   ,1.73   ,0.35  ,-0.08   ,1.72   ,1.65   ,1.43   ,1.58   ,0.79   ,2.02   ,1.31   ,3.40   ,0.22   ,0.73   ,0.17   ,1.86   ,2.47
200510  ,-4.63  ,-3.20  ,-2.51  ,-2.51  ,-4.63  ,-5.50  ,-2.51  ,-3.14  ,-2.62  ,-4.17  ,-3.63  ,-3.92  ,-1.74  ,-4.40  ,-5.53  ,-3.78  ,-3.06  ,-3.04  ,-2.88  ,-2.34  ,-2.22  ,-2.53  ,-2.31  ,-1.52  ,-0.09
200511   ,4.51   ,4.21   ,4.15   ,4.13   ,4.44   ,4.09   ,4.55   ,4.13   ,5.04   ,6.41   ,5.35   ,4.34   ,6.91   ,5.88   ,6.42   ,4.36   ,4.04   ,5.35   ,5.64   ,4.68   ,2.90   ,4.16   ,3.53   ,4.37   ,4.28
200512   ,1.73   ,1.87   ,0.62   ,0.70   ,2.99   ,1.57   ,0.89   ,0.53   ,0.05  ,-0.01   ,1.74  ,-0.41   ,0.18   ,0.43   ,1.06   ,1.82   ,0.76   ,1.37   ,0.74   ,2.00   ,0.23   ,0.34  ,-0.63   ,0.37   ,1.18
200601  ,10.52   ,7.44   ,7.81   ,8.37  ,11.14   ,9.04   ,5.82   ,9.87   ,9.00  ,10.55   ,6.11   ,7.11   ,9.74   ,9.35   ,6.91   ,4.66   ,3.08   ,7.20   ,4.62   ,5.04   ,4.69   ,1.13   ,4.14   ,1.73   ,2.76
200602   ,1.30   ,1.64   ,0.72   ,1.36  ,-1.76   ,1.77  ,-0.71  ,-0.51  ,-2.79  ,-1.19   ,0.96  ,-0.77  ,-1.44  ,-1.56  ,-2.06   ,0.75  ,-0.11  ,-1.07   ,0.19  ,-0.57   ,0.82   ,0.66  ,-0.37  ,-0.25  ,-1.39
200603   ,4.62   ,5.20   ,3.69   ,4.90   ,4.29   ,3.96   ,4.29   ,4.80   ,4.70   ,4.40   ,4.25   ,2.14   ,4.46   ,6.01   ,4.06   ,2.45   ,0.94   ,2.16   ,2.91   ,2.92   ,1.81   ,0.59   ,0.92   ,1.67   ,0.99
200604   ,0.41   ,1.75   ,2.61   ,0.98   ,2.01   ,1.48   ,1.19   ,0.14   ,4.82   ,2.02   ,0.38   ,3.19   ,1.43   ,0.81   ,1.25   ,2.58   ,0.36   ,2.00   ,1.18   ,2.28   ,1.36   ,1.32   ,0.59   ,2.41   ,1.47
200605  ,-4.78  ,-3.24  ,-4.69  ,-4.52  ,-7.09  ,-5.13  ,-4.78  ,-2.94  ,-5.07  ,-5.45  ,-5.99  ,-2.34  ,-5.01  ,-3.97  ,-5.16  ,-3.48  ,-2.42  ,-4.49  ,-2.26  ,-4.34  ,-1.08  ,-2.31  ,-1.72  ,-2.71  ,-4.96
200606  ,-2.43   ,0.37  ,-0.69  ,-2.64  ,-2.52  ,-0.46  ,-1.46  ,-0.67   ,0.76  ,-1.38  ,-0.29  ,-0.99  ,-1.04   ,0.48  ,-0.29  ,-0.94   ,0.05  ,-2.10   ,0.03   ,0.21   ,0.24  ,-0.18   ,0.19  ,-0.43   ,0.71
200607  ,-3.92  ,-1.48  ,-1.94  ,-3.20  ,-2.82  ,-2.83  ,-2.08  ,-3.00  ,-2.94  ,-4.25  ,-2.54  ,-0.89  ,-3.71  ,-4.36  ,-3.81  ,-3.26  ,-2.58  ,-3.33  ,-3.45  ,-3.04  ,-0.09   ,0.37   ,2.14  ,-0.35   ,0.67
200608   ,3.88   ,3.15   ,1.15   ,1.77   ,2.91   ,4.33   ,3.25   ,3.52   ,2.72   ,2.78   ,2.66   ,3.59   ,2.84   ,2.79   ,1.66   ,4.80   ,2.47   ,1.85   ,1.68   ,1.72   ,4.18   ,3.33   ,2.69   ,0.30   ,1.07
200609  ,-0.38   ,0.80   ,1.27   ,0.28  ,-2.03   ,0.30   ,0.99   ,0.44   ,1.68  ,-0.76   ,1.48   ,0.10   ,0.18  ,-0.10  ,-1.33   ,0.58   ,1.79   ,1.87   ,0.91   ,0.47   ,3.64   ,2.40   ,0.48   ,1.75   ,2.75
200610   ,5.88   ,4.55   ,4.69   ,5.99   ,5.57   ,6.01   ,4.85   ,5.69   ,5.82   ,5.99   ,5.46   ,5.58   ,4.15   ,4.64   ,5.83   ,4.15   ,4.78   ,3.70   ,3.35   ,4.30   ,3.29   ,3.63   ,3.54   ,1.73   ,4.79
200611   ,1.57   ,1.11   ,2.29   ,3.29   ,1.79   ,3.23   ,1.99   ,2.11   ,1.84   ,1.35   ,3.20   ,2.95   ,2.92   ,3.24   ,4.24   ,3.49   ,3.30   ,1.82   ,4.14   ,4.05   ,1.39   ,0.10   ,2.99   ,2.03   ,3.72
200612   ,1.87   ,2.19   ,1.33   ,1.92   ,1.06   ,0.45   ,0.38   ,1.74   ,1.09  ,-0.98   ,0.51   ,2.18  ,-0.35   ,0.49  ,-1.79   ,1.25   ,1.21  ,-0.34  ,-0.19  ,-1.15   ,2.10   ,2.90   ,1.28   ,0.12  ,-0.91
200701   ,2.58   ,1.28   ,1.28   ,0.96   ,0.36   ,2.86   ,1.82   ,0.68   ,1.00   ,1.23   ,4.16   ,1.16   ,2.14   ,2.70   ,1.29   ,3.26   ,2.98   ,2.69   ,2.83   ,2.73   ,1.03   ,2.52   ,0.17   ,1.33   ,2.81
200702  ,-0.19  ,-0.19  ,-0.45   ,0.47   ,0.51   ,0.05  ,-0.50  ,-0.43  ,-0.72   ,0.84   ,0.67  ,-0.09   ,0.69   ,0.38  ,-0.01   ,0.93  ,-0.04   ,0.73   ,0.34  ,-0.29  ,-2.49  ,-2.31  ,-1.76  ,-1.27  ,-1.31
200703   ,1.42   ,1.68   ,0.66   ,0.41   ,1.11   ,1.31   ,0.88   ,2.02   ,1.18   ,0.73   ,1.63   ,1.02   ,2.65   ,1.23   ,1.83   ,1.98   ,1.07   ,1.67   ,1.19   ,0.65   ,0.75   ,0.77   ,1.21   ,1.57   ,2.86
200704   ,2.90   ,1.45   ,2.43   ,2.72   ,4.99   ,2.62   ,2.82   ,2.12   ,2.47   ,3.04   ,3.58   ,3.24   ,3.27   ,2.52   ,4.02   ,4.45   ,4.18   ,4.40   ,5.13   ,4.45   ,5.48   ,5.17   ,4.09   ,3.66   ,3.31
200705   ,2.14   ,4.09   ,2.55   ,3.19   ,4.01   ,3.85   ,2.79   ,4.06   ,3.78   ,5.99   ,5.12   ,5.78   ,4.81   ,5.02   ,5.63   ,4.68   ,4.66   ,4.68   ,5.49   ,6.52   ,3.59   ,3.34   ,3.59   ,3.90   ,5.48
200706  ,-0.66  ,-0.07   ,0.66  ,-1.25  ,-0.10  ,-1.04  ,-0.40  ,-0.75  ,-1.94  ,-0.99  ,-0.90  ,-1.04   ,0.09  ,-1.24  ,-1.80  ,-1.86  ,-1.01  ,-0.95  ,-1.08  ,-1.81  ,-1.24  ,-2.54  ,-1.53  ,-0.44  ,-1.15
200707  ,-5.12  ,-6.38  ,-5.71  ,-5.81  ,-4.56  ,-7.89  ,-5.58  ,-7.27  ,-5.83  ,-3.55  ,-6.47  ,-5.04  ,-5.07  ,-4.80  ,-3.63  ,-5.56  ,-4.62  ,-5.60  ,-4.30  ,-0.13  ,-2.47  ,-2.06  ,-2.75  ,-4.07  ,-0.89
200708  ,-2.48  ,-0.53  ,-1.30  ,-0.04  ,-3.44   ,0.29   ,1.51   ,2.83   ,2.17  ,-2.04  ,-0.84   ,0.51   ,1.35   ,0.24   ,0.66  ,-0.51   ,0.22  ,-0.07   ,0.11  ,-0.93   ,1.85   ,0.76   ,1.54   ,1.21   ,2.61
200709   ,2.27   ,0.39   ,2.06   ,3.01   ,5.11   ,0.94   ,1.12   ,0.04   ,2.24   ,5.00   ,0.71   ,2.90  ,-0.10   ,3.12   ,7.21   ,2.74   ,2.65   ,1.59   ,4.30   ,6.76   ,2.57   ,4.68   ,4.58   ,4.05   ,6.35
200710   ,2.20   ,0.45   ,0.96   ,2.01   ,5.53   ,3.06   ,2.62   ,1.99   ,2.76   ,5.26   ,2.31   ,3.76   ,2.14   ,4.50   ,4.87   ,2.96   ,2.44   ,2.64   ,3.48   ,5.16   ,3.77   ,1.22   ,3.68   ,1.54   ,2.07
200711 ,-10.66  ,-8.66  ,-9.12  ,-7.68 ,-11.34  ,-8.12  ,-7.57  ,-8.38  ,-7.91  ,-9.76  ,-7.25  ,-6.03  ,-5.81  ,-6.33  ,-9.60  ,-5.85  ,-5.67  ,-4.52  ,-6.07  ,-7.40  ,-3.71  ,-4.28  ,-4.18  ,-3.07  ,-7.44
200712  ,-0.25  ,-0.47  ,-0.95   ,0.03   ,1.17  ,-0.46   ,0.06  ,-0.68  ,-0.84   ,1.07  ,-1.34   ,0.81  ,-1.35  ,-0.78  ,-0.68  ,-2.48  ,-1.92   ,0.00   ,1.25   ,0.45  ,-0.95   ,0.71  ,-1.68  ,-0.63   ,1.24
200801  ,-7.11  ,-5.11  ,-4.62  ,-7.05  ,-9.40  ,-6.63  ,-5.72  ,-6.12  ,-6.59  ,-9.97  ,-4.95  ,-6.45  ,-3.09  ,-6.13  ,-7.91  ,-2.98  ,-5.67  ,-3.99  ,-6.69  ,-8.22  ,-6.27  ,-6.03  ,-5.49  ,-3.65  ,-9.75
200802  ,-1.95  ,-2.82  ,-2.59  ,-2.29   ,0.07  ,-2.57  ,-1.67  ,-3.00  ,-0.74  ,-1.01  ,-2.45  ,-2.63  ,-3.26  ,-1.17   ,0.80  ,-3.40  ,-2.04  ,-2.35   ,0.71   ,2.54  ,-3.25  ,-1.29  ,-1.34  ,-2.94  ,-3.17
200803  ,-1.72  ,-0.73   ,0.30  ,-2.25  ,-5.64   ,1.11   ,1.93   ,0.09   ,0.21  ,-3.73  ,-1.73  ,-1.38  ,-0.44  ,-0.78  ,-2.48  ,-2.04  ,-2.16  ,-2.02  ,-2.80  ,-3.02  ,-0.66  ,-0.21  ,-0.93  ,-1.98  ,-0.40
200804   ,0.93   ,1.45   ,1.62   ,2.06   ,2.44   ,2.02   ,2.92   ,2.66   ,5.27   ,2.08   ,6.50   ,5.04   ,3.26   ,4.65   ,5.54   ,5.88   ,5.26   ,5.95   ,5.76   ,7.73   ,2.41   ,4.72   ,4.65   ,5.27   ,7.96
200805   ,5.70   ,3.55   ,2.79   ,2.89   ,5.33   ,5.15   ,3.89   ,3.54   ,5.78   ,6.73   ,5.32   ,4.63   ,3.97   ,3.66   ,7.42   ,3.84   ,5.40   ,5.19   ,3.95   ,4.89   ,2.80   ,0.44   ,2.80   ,0.79   ,3.42
200806  ,-8.39  ,-9.07  ,-9.38  ,-8.31  ,-3.96  ,-7.86  ,-9.53 ,-11.05  ,-7.02  ,-6.11  ,-7.46  ,-7.95  ,-9.78  ,-7.75  ,-2.94  ,-8.84  ,-7.65  ,-8.05  ,-6.04  ,-4.70  ,-7.49  ,-6.65  ,-9.05  ,-8.62  ,-8.15
200807   ,2.17   ,5.85   ,2.55   ,3.69  ,-2.39   ,3.97   ,4.20   ,4.66   ,3.16  ,-1.47   ,1.19   ,1.96   ,0.25  ,-0.38  ,-4.39  ,-1.27  ,-2.19  ,-0.86  ,-2.53  ,-7.37  ,-1.02  ,-0.74  ,-3.40   ,2.19  ,-5.48
200808   ,1.28   ,2.99   ,3.70   ,5.75  ,-2.14   ,4.01   ,4.86   ,3.39   ,5.44   ,2.50   ,3.48   ,2.38   ,3.27   ,2.80   ,1.52   ,1.37   ,3.72   ,2.47   ,2.20  ,-0.43   ,2.19   ,1.24   ,0.88   ,0.56  ,-1.41
200809 ,-10.15  ,-6.03  ,-8.04  ,-9.11 ,-14.61  ,-9.33  ,-6.12  ,-6.75 ,-10.01 ,-12.26  ,-9.59  ,-6.23  ,-9.19 ,-14.51 ,-16.85 ,-12.24 ,-10.93 ,-10.96 ,-14.00 ,-16.76  ,-8.90  ,-9.44  ,-7.97  ,-6.00 ,-17.16
200810 ,-24.49 ,-17.84 ,-18.73 ,-20.25 ,-26.37 ,-24.15 ,-18.95 ,-20.09 ,-21.62 ,-24.87 ,-18.67 ,-17.71 ,-19.60 ,-24.22 ,-25.38 ,-21.14 ,-18.87 ,-19.60 ,-21.16 ,-28.00 ,-18.53 ,-14.27 ,-15.41 ,-18.64 ,-20.07
200811 ,-13.98 ,-13.64 ,-11.69 ,-13.26 ,-13.36 ,-13.53  ,-8.33  ,-9.98 ,-15.17 ,-11.93 ,-12.72  ,-6.75  ,-6.39 ,-12.59 ,-11.18  ,-8.47  ,-8.76  ,-9.21  ,-8.87 ,-11.38  ,-7.36  ,-2.29  ,-4.14 ,-10.99  ,-9.50
200812   ,2.76   ,3.46   ,4.21   ,5.93   ,6.43   ,5.54   ,5.01   ,7.98   ,5.29   ,6.55   ,3.62   ,5.26   ,4.03   ,6.05   ,7.05   ,4.01   ,3.37   ,2.68   ,2.85   ,5.95   ,0.91   ,1.53   ,0.41  ,-0.13   ,0.55
200901  ,-7.78 ,-12.42 ,-10.30 ,-13.78  ,-3.65 ,-11.96 ,-11.48 ,-10.62 ,-10.95  ,-6.07  ,-6.88 ,-10.96  ,-7.71  ,-7.48  ,-7.00  ,-7.88  ,-7.63  ,-6.93  ,-4.64  ,-4.94  ,-7.57  ,-7.08  ,-8.22 ,-10.10  ,-0.94
200902 ,-12.43 ,-11.50 ,-13.25 ,-10.70 ,-11.60 ,-13.49 ,-12.09 ,-10.69 ,-11.58 ,-11.74  ,-9.76 ,-10.81  ,-8.58  ,-8.25  ,-9.87 ,-10.04  ,-8.81  ,-8.15  ,-8.34  ,-9.73  ,-9.83 ,-10.57 ,-10.40 ,-11.69  ,-4.38
200903   ,9.18   ,8.94   ,8.32   ,9.16  ,11.52   ,9.11   ,9.65   ,7.54   ,9.41   ,9.68   ,9.09   ,9.82   ,8.87   ,9.18   ,8.75   ,6.49   ,9.01   ,7.69   ,9.51  ,12.16   ,9.28   ,5.62   ,7.55  ,11.34  ,10.09
200904  ,19.42  ,14.84  ,14.69  ,16.40  ,16.05  ,19.81  ,14.53  ,13.96  ,19.76  ,15.24  ,14.27  ,12.15  ,13.32  ,16.70  ,17.34  ,13.80  ,13.92  ,13.28  ,13.70  ,15.25  ,10.22   ,6.58   ,6.86  ,11.60  ,11.16
200905   ,8.04   ,4.72   ,5.96   ,6.79   ,9.59   ,4.53   ,3.66   ,2.34   ,4.40   ,7.97   ,5.06   ,1.11   ,3.08   ,6.78   ,6.77   ,5.36   ,3.84   ,3.47   ,4.01   ,9.67   ,7.01   ,5.63   ,5.59   ,7.36  ,11.61
200906   ,1.35   ,3.01   ,1.54   ,1.97   ,2.75  ,-1.00   ,1.27   ,1.22   ,0.71   ,2.58  ,-0.58   ,0.09  ,-0.59   ,0.40   ,0.27   ,0.35   ,0.60   ,1.36   ,0.71  ,-0.58   ,1.86  ,-0.52  ,-0.69  ,-0.85  ,-1.73
200907  ,14.83  ,10.35   ,7.44   ,9.31   ,9.31  ,11.37  ,10.86   ,9.32   ,8.46  ,11.32  ,10.21  ,10.53   ,9.95   ,8.10   ,9.46  ,13.18   ,8.86   ,9.42   ,7.76   ,8.02   ,7.61   ,8.17   ,7.62   ,5.93   ,8.77
200908   ,9.30   ,2.67   ,2.17   ,3.43   ,0.21   ,6.89   ,2.43   ,1.87   ,3.24   ,0.91   ,4.42   ,3.09   ,3.21   ,4.03   ,4.38   ,8.63   ,4.71   ,7.53   ,2.25   ,4.06   ,3.41   ,2.45   ,1.93   ,2.29   ,2.60
200909   ,9.58   ,7.23   ,6.89   ,7.09   ,9.44   ,8.30   ,6.06   ,5.55   ,6.30   ,8.96   ,5.34   ,7.24   ,7.61   ,7.99   ,7.70   ,6.73   ,4.47   ,5.19   ,6.17   ,8.51   ,2.68   ,5.28   ,2.16   ,4.67   ,4.61
200910  ,-8.47  ,-6.34  ,-5.80  ,-6.60  ,-5.06  ,-8.95  ,-4.55  ,-4.66  ,-5.53  ,-6.28  ,-5.94  ,-5.66  ,-6.39  ,-3.85  ,-3.94  ,-6.61  ,-4.32  ,-5.32  ,-3.39  ,-3.74  ,-1.12  ,-3.08  ,-1.37  ,-1.21  ,-2.41
200911   ,3.46   ,2.08   ,1.41   ,3.51   ,4.68   ,3.17   ,3.48   ,4.79   ,4.05   ,4.03   ,4.14   ,5.06   ,4.09   ,6.14   ,6.16   ,4.82   ,5.02   ,5.26   ,5.63   ,3.64   ,5.49   ,6.16   ,6.95   ,5.58   ,6.28
200912   ,9.07   ,9.01   ,7.19   ,6.68   ,7.77   ,9.42   ,8.03   ,7.35   ,6.86   ,9.20   ,7.79   ,6.80   ,5.41   ,5.02   ,6.75   ,7.09   ,4.82   ,6.22   ,4.71   ,6.88   ,0.06   ,2.01   ,1.20   ,2.33   ,3.67
201001  ,-1.77  ,-3.47  ,-3.05  ,-1.35  ,-4.10  ,-2.01  ,-3.60  ,-2.86  ,-3.50  ,-4.26  ,-2.46  ,-1.67  ,-3.12  ,-4.28  ,-3.68  ,-3.92  ,-3.11  ,-1.60  ,-4.32  ,-4.77  ,-4.51  ,-1.04  ,-2.88  ,-3.41  ,-6.81
201002   ,5.79   ,5.56   ,3.69   ,4.31   ,5.49   ,4.94   ,5.41   ,4.23   ,4.32   ,5.35   ,4.62   ,5.63   ,4.98   ,5.94   ,6.43   ,4.41   ,6.49   ,4.31   ,5.52   ,5.90   ,3.48   ,2.09   ,3.28   ,2.99   ,3.77
201003  ,10.30   ,7.30   ,9.79   ,6.72   ,6.46   ,9.56   ,8.02   ,7.18   ,8.80   ,6.32   ,8.89   ,7.45   ,7.67   ,6.80   ,7.01   ,9.14   ,6.69   ,6.71   ,6.19   ,8.09   ,6.13   ,5.21   ,4.94   ,4.90   ,7.71
201004   ,9.86   ,8.14   ,6.14   ,6.24   ,3.72   ,5.87   ,7.26   ,4.49   ,5.47   ,4.42   ,3.39   ,2.63   ,7.13   ,2.88   ,1.55   ,4.02   ,4.11   ,5.27   ,3.03   ,4.47   ,1.90   ,0.01   ,0.13   ,2.47   ,0.76
201005  ,-9.33  ,-8.28  ,-7.78  ,-7.15  ,-9.18 ,-10.12  ,-7.27  ,-5.97  ,-7.42  ,-7.27  ,-8.90  ,-6.22  ,-7.03  ,-7.54  ,-7.57  ,-7.13  ,-6.15  ,-7.72  ,-7.00  ,-7.52  ,-7.28  ,-7.72  ,-6.94  ,-9.49  ,-8.96
201006  ,-9.33  ,-8.36  ,-6.60  ,-6.05  ,-7.20  ,-9.57  ,-8.36  ,-6.70  ,-5.51  ,-7.04  ,-6.97  ,-6.70  ,-6.10  ,-5.56  ,-6.38  ,-8.77  ,-4.88  ,-6.05  ,-4.84  ,-6.20  ,-6.25  ,-3.13  ,-3.57  ,-6.18  ,-6.46
201007   ,7.01   ,6.95   ,6.98   ,5.97   ,4.48   ,8.13   ,8.33   ,7.08   ,4.71   ,6.71   ,7.97   ,7.38   ,7.96   ,6.56   ,5.38   ,7.78   ,8.98   ,7.13   ,7.22   ,7.03   ,7.73   ,8.15   ,6.36   ,6.20   ,6.13
201008  ,-8.28  ,-6.92  ,-7.43  ,-7.03  ,-5.75  ,-7.68  ,-6.19  ,-4.79  ,-4.50  ,-5.66  ,-7.17  ,-5.56  ,-5.34  ,-6.22  ,-3.24  ,-6.78  ,-6.13  ,-2.92  ,-2.96  ,-2.97  ,-6.67  ,-5.00  ,-3.84  ,-3.12  ,-2.66
201009  ,13.54  ,11.70  ,10.40  ,11.66  ,13.48  ,14.34  ,12.27  ,10.36  ,13.82  ,12.35  ,13.05  ,13.76  ,12.88  ,10.74  ,11.25  ,12.06  ,10.63  ,10.95  ,10.05  ,11.31   ,7.27   ,8.97   ,8.46   ,8.61  ,10.18
201010   ,5.34   ,3.58   ,4.91   ,5.27   ,6.43   ,3.76   ,4.66   ,2.20   ,5.08   ,4.01   ,5.33   ,4.29   ,2.90   ,3.99   ,5.01   ,4.19   ,2.85   ,4.37   ,4.07   ,2.87   ,3.88   ,4.42   ,3.75   ,3.23   ,3.92
201011   ,4.41   ,4.20   ,3.78   ,4.35   ,4.27   ,3.97   ,3.12   ,2.74   ,5.27   ,2.67   ,4.35   ,5.19   ,2.88   ,2.05   ,5.90   ,2.41   ,1.99   ,3.65   ,3.11   ,2.37   ,0.47  ,-0.16   ,1.24  ,-0.33  ,-1.47
201012  ,10.19   ,9.14   ,8.67   ,7.40   ,9.51  ,10.74   ,8.46   ,7.64   ,6.12   ,7.63   ,8.78   ,7.98   ,6.95   ,5.99   ,7.13   ,9.61   ,7.02   ,5.43   ,6.45   ,7.20   ,8.62   ,6.93   ,5.70   ,6.70   ,5.29
201101   ,0.64  ,-1.00  ,-0.70  ,-0.77  ,-2.88   ,1.79   ,0.68   ,0.78   ,0.03  ,-0.93   ,1.92   ,1.09   ,0.12   ,1.65   ,1.84   ,3.48   ,3.46   ,1.98   ,1.04   ,1.78   ,2.44   ,2.32   ,3.16   ,1.18   ,1.60
201102   ,5.37   ,6.25   ,4.54   ,5.84   ,5.30   ,7.47   ,5.01   ,6.00   ,5.55   ,6.42   ,5.04   ,5.02   ,6.71   ,5.83   ,5.59   ,3.14   ,3.32   ,4.60   ,4.44   ,4.50   ,2.56   ,3.49   ,4.72   ,4.10   ,3.25
201103   ,1.83   ,2.19   ,1.51   ,2.69   ,1.01   ,1.80   ,2.50   ,2.49   ,2.69   ,0.77   ,2.38   ,4.52   ,4.55   ,1.67   ,1.73   ,0.68   ,2.67   ,1.65   ,2.00   ,3.50  ,-0.13   ,0.90  ,-0.31  ,-0.69  ,-0.65
201104   ,1.01   ,2.06   ,1.95   ,1.48   ,2.91   ,2.43   ,1.25   ,2.60   ,3.56   ,3.08   ,3.60   ,3.42   ,3.62   ,2.70   ,2.46   ,3.39   ,3.05   ,2.96   ,2.22   ,1.62   ,1.93   ,3.09   ,3.76   ,3.41   ,1.69
201105  ,-3.79  ,-2.47  ,-2.18  ,-2.87  ,-2.29  ,-3.49  ,-1.81  ,-0.95  ,-0.43  ,-3.22  ,-1.03  ,-1.61  ,-2.23  ,-1.61  ,-2.53  ,-2.54  ,-0.12  ,-0.35  ,-0.01  ,-0.76  ,-2.42  ,-1.16  ,-1.53  ,-1.03  ,-1.37
201106  ,-3.70  ,-2.81  ,-2.13  ,-3.10  ,-4.15  ,-2.86  ,-1.34  ,-0.00  ,-2.45  ,-2.58  ,-2.37   ,0.37  ,-2.39  ,-1.44  ,-2.69  ,-3.51  ,-2.03  ,-1.00  ,-2.26  ,-2.19  ,-2.53  ,-1.30  ,-1.47  ,-0.92  ,-2.81
201107  ,-2.29  ,-1.80  ,-1.85  ,-1.18  ,-2.22  ,-3.56  ,-4.84  ,-3.59  ,-3.04  ,-2.08  ,-4.01  ,-4.26  ,-3.34  ,-2.06  ,-3.44  ,-3.37  ,-3.97  ,-2.78  ,-1.70  ,-3.28  ,-3.96  ,-2.53  ,-3.56  ,-2.21   ,1.11
201108 ,-12.03  ,-8.10  ,-9.17 ,-10.00 ,-10.90 ,-10.39  ,-8.40  ,-7.74  ,-6.80  ,-8.46  ,-9.02  ,-7.93  ,-7.40  ,-7.38  ,-8.02  ,-9.64  ,-6.45  ,-5.48  ,-6.41  ,-8.82  ,-5.68  ,-4.94  ,-5.92  ,-4.87  ,-5.01
201109 ,-12.80 ,-10.90  ,-8.81 ,-12.26 ,-14.68 ,-12.42 ,-11.02 ,-11.03 ,-12.33 ,-12.71 ,-12.62 ,-10.95 ,-12.55 ,-11.44 ,-13.25 ,-11.01  ,-8.61 ,-11.15 ,-10.79 ,-11.48  ,-7.48  ,-7.73  ,-8.10  ,-7.96  ,-7.05
201110  ,13.09  ,13.39  ,12.60  ,14.49  ,13.13  ,15.80  ,15.42  ,14.99  ,15.49  ,14.13  ,14.96  ,14.96  ,15.48  ,15.40  ,15.86  ,13.97  ,12.37  ,14.58  ,16.21  ,12.08   ,9.92  ,10.92  ,12.06  ,11.50   ,9.35
201111  ,-2.00  ,-0.29   ,0.60  ,-1.73  ,-4.12   ,1.37  ,-0.39  ,-0.48  ,-1.51  ,-1.30  ,-0.81   ,0.54  ,-0.62  ,-0.01  ,-1.93  ,-1.94   ,1.39  ,-0.25  ,-1.24   ,0.79   ,0.09  ,-0.49  ,-0.51   ,0.27  ,-1.24
201112   ,1.03   ,1.26   ,1.14   ,0.07  ,-1.23   ,0.74  ,-0.11   ,0.72   ,1.73  ,-2.14   ,0.29   ,0.15   ,0.09  ,-0.41  ,-1.50  ,-0.26   ,1.23  ,-0.88  ,-0.87  ,-3.86   ,3.08   ,1.34   ,0.27   ,0.31  ,-1.43
201201   ,9.51   ,7.46   ,6.38   ,8.24  ,10.39   ,7.27   ,7.08   ,6.22   ,6.64   ,8.37   ,6.50   ,5.03   ,5.86   ,4.67   ,7.50   ,7.23   ,3.06   ,5.21   ,6.04   ,8.15   ,3.61   ,3.74   ,6.13   ,6.00   ,5.08
201202   ,3.45   ,1.84   ,1.71   ,1.90   ,2.36   ,5.13   ,2.43   ,4.68   ,2.75   ,3.01   ,5.38   ,3.40   ,4.03   ,4.68   ,2.45   ,4.65   ,3.67   ,4.50   ,5.05   ,6.18   ,3.93   ,4.07   ,3.52   ,4.31   ,5.70
201203   ,3.17   ,1.29   ,2.41   ,3.94  ,-0.37   ,1.91   ,3.00   ,1.37   ,1.46   ,0.20   ,1.91   ,2.74   ,0.25   ,0.32  ,-1.34   ,1.73   ,1.91   ,0.49   ,0.62   ,0.02   ,2.63   ,4.09   ,1.74   ,2.34   ,2.77
201204  ,-2.28  ,-1.16  ,-1.98  ,-0.64  ,-3.25  ,-1.99  ,-1.02  ,-0.43  ,-2.19  ,-1.27  ,-0.91   ,0.66  ,-0.06  ,-2.62  ,-2.09  ,-0.82   ,0.65   ,0.18   ,1.13  ,-1.37   ,0.27  ,-1.14  ,-0.70  ,-0.30  ,-0.75
201205  ,-7.32  ,-6.32  ,-6.04  ,-6.44  ,-9.65  ,-5.90  ,-7.72  ,-4.81  ,-7.98  ,-8.63  ,-6.68  ,-6.34  ,-7.00  ,-8.31  ,-8.77  ,-7.79  ,-6.50  ,-8.51  ,-8.46  ,-8.35  ,-4.73  ,-5.25  ,-7.09  ,-7.83  ,-6.81
201206   ,5.12   ,4.92   ,4.39   ,4.87   ,5.30   ,5.17   ,3.12   ,3.96   ,2.83   ,5.27   ,4.39   ,3.98   ,3.77   ,1.89   ,3.73   ,3.14   ,1.70   ,2.91   ,1.07   ,0.96   ,4.50   ,4.67   ,2.28   ,3.71   ,4.08
201207  ,-0.76  ,-2.37  ,-0.39   ,0.91  ,-2.00  ,-1.33  ,-0.96  ,-1.43   ,0.38  ,-1.05  ,-1.63  ,-1.38   ,0.58  ,-1.18   ,1.90  ,-0.44  ,-0.38   ,0.89   ,1.37  ,-1.55   ,1.99   ,1.02   ,1.65   ,1.27   ,1.39
201208   ,2.45   ,2.94   ,2.82   ,3.55   ,3.60   ,3.46   ,3.28   ,2.01   ,3.65   ,3.10   ,5.00   ,3.67   ,2.33   ,4.44   ,4.02   ,4.09   ,3.70   ,3.54   ,2.38   ,5.24   ,1.94   ,1.46   ,1.58   ,2.76   ,5.06
201209   ,4.38   ,5.36   ,4.03   ,5.14   ,5.01   ,3.13   ,3.56   ,4.46   ,3.05   ,4.39   ,2.89   ,3.00   ,2.76   ,3.63   ,2.27   ,3.06   ,2.71   ,1.84   ,1.12   ,2.90   ,4.30   ,2.51   ,3.00   ,1.38   ,2.39
201210  ,-2.80  ,-1.85  ,-1.51  ,-2.87  ,-4.76  ,-1.36  ,-1.80  ,-1.14  ,-2.64  ,-3.51   ,0.05  ,-0.06   ,0.32   ,0.27  ,-2.25   ,0.14   ,0.69   ,0.07  ,-1.94  ,-1.10  ,-0.71  ,-1.18  ,-0.04  ,-3.18  ,-4.93
201211   ,1.06   ,1.26  ,-0.48   ,0.40  ,-1.50   ,0.92  ,-0.98   ,1.82  ,-0.13  ,-1.44   ,3.50   ,2.08   ,1.17   ,1.43   ,1.86   ,0.67   ,1.78  ,-0.38   ,2.04   ,1.55   ,0.96   ,0.84  ,-0.33   ,1.17   ,0.59
201212   ,4.13   ,4.41   ,3.52   ,3.55   ,3.01   ,3.79   ,4.29   ,3.33   ,2.75   ,2.18   ,2.12   ,3.09   ,2.18   ,2.02   ,3.00   ,2.97   ,1.14   ,2.00   ,2.89   ,2.92   ,1.60   ,1.79  ,-0.07   ,2.53  ,-1.15
201301   ,5.46   ,6.03   ,6.49   ,4.74   ,4.87   ,6.60   ,4.47   ,5.83   ,6.13   ,4.87   ,8.53   ,7.60   ,4.87   ,5.82   ,6.11   ,7.91   ,6.96   ,4.77   ,7.67   ,5.79   ,6.21   ,5.66   ,5.48   ,5.67   ,1.30
201302   ,0.34   ,0.18   ,2.06  ,-1.27  ,-1.97   ,0.04  ,-0.19   ,1.00  ,-0.62   ,0.09   ,1.58   ,1.32   ,1.05  ,-0.17   ,1.62   ,2.07   ,1.52   ,1.11  ,-0.88  ,-1.02   ,1.26   ,1.80   ,1.17   ,0.33   ,0.76
201303   ,5.82   ,3.93   ,2.89   ,3.65   ,4.28   ,4.51   ,5.60   ,5.24   ,3.73   ,2.52   ,4.82   ,5.00   ,4.65   ,5.61   ,4.11   ,5.54   ,5.00   ,4.01   ,3.60   ,1.71   ,4.56   ,4.67   ,3.26   ,2.65   ,2.18
201304  ,-0.38   ,1.14  ,-1.64  ,-2.41  ,-2.09  ,-0.37  ,-1.30  ,-0.36  ,-1.93  ,-1.23   ,0.15   ,0.28   ,0.42  ,-0.26  ,-2.98   ,1.41   ,1.71  ,-0.03  ,-0.17   ,1.99   ,1.80   ,1.79   ,1.57   ,0.88   ,2.28
201305   ,4.96   ,6.25   ,5.12   ,4.39   ,4.21   ,2.91   ,3.44   ,2.65   ,4.29   ,5.24   ,3.81   ,2.79   ,3.07   ,5.00   ,4.46   ,3.64   ,1.12   ,1.36   ,4.73   ,2.29   ,2.05   ,2.04   ,1.72   ,3.07   ,2.77
201306  ,-0.28  ,-0.50   ,1.53  ,-1.03  ,-0.31  ,-0.76  ,-0.23   ,0.26  ,-0.25  ,-0.68  ,-2.03  ,-1.09  ,-0.55  ,-1.03  ,-2.11  ,-1.17  ,-1.86  ,-1.96  ,-1.63  ,-3.00  ,-1.76  ,-1.63  ,-0.36  ,-1.70  ,-3.11
201307   ,7.97   ,8.23   ,5.76   ,7.68   ,7.94   ,8.16   ,7.64   ,5.42   ,6.63   ,6.84   ,8.02   ,8.30   ,6.81   ,6.49   ,8.18   ,5.69   ,6.89   ,4.84   ,6.18   ,6.57   ,5.15   ,5.14   ,4.76   ,4.07   ,8.05
201308  ,-2.34  ,-3.24  ,-4.37  ,-1.88  ,-0.30  ,-3.62  ,-3.69  ,-2.27  ,-3.49  ,-0.73  ,-2.94  ,-2.53  ,-3.48  ,-3.01  ,-0.29  ,-1.96  ,-3.24  ,-2.86  ,-1.01  ,-1.48  ,-2.56  ,-3.87  ,-4.09  ,-1.04  ,-0.25
201309   ,5.47   ,5.66   ,6.59   ,6.65   ,5.85   ,5.62   ,5.74   ,5.63   ,4.46   ,6.62   ,5.03   ,5.71   ,5.84   ,6.14   ,6.58   ,4.38   ,5.23   ,3.74   ,4.17   ,5.87   ,3.24   ,2.66   ,2.70   ,4.29   ,4.30
201310   ,2.74   ,3.52   ,2.46   ,2.94   ,0.05   ,2.22   ,2.85   ,3.05   ,2.62   ,0.34   ,3.26   ,2.41   ,5.05   ,4.30   ,2.99   ,3.32   ,4.58   ,3.99   ,1.42   ,2.63   ,5.80   ,3.67   ,3.91   ,4.14   ,5.67
201311   ,4.76   ,5.86   ,5.82   ,1.63   ,3.12   ,3.56   ,4.43   ,3.92   ,3.60   ,3.58   ,3.62   ,3.00   ,2.56   ,3.17   ,0.94   ,2.84   ,1.21   ,1.76   ,0.42   ,0.58   ,2.08   ,4.18   ,1.87   ,3.08   ,3.15
201312   ,2.58   ,1.13   ,1.05   ,2.35   ,2.93   ,2.83   ,1.30   ,1.40   ,3.17   ,2.25   ,2.64   ,3.47   ,4.39   ,1.81   ,2.14   ,2.61   ,3.11   ,1.96   ,3.66   ,3.51   ,2.21   ,2.73   ,2.20   ,2.39   ,3.52
201401  ,-1.62  ,-4.42  ,-3.89  ,-2.58   ,0.83  ,-2.57  ,-3.66  ,-4.53  ,-6.16  ,-0.27  ,-1.58  ,-0.39  ,-2.84  ,-4.98  ,-2.12  ,-2.63  ,-4.47  ,-3.71  ,-1.14  ,-2.29  ,-5.06  ,-3.65  ,-3.87  ,-4.36  ,-1.55
201402   ,5.71   ,3.85   ,4.11   ,4.27   ,5.33   ,3.90   ,3.36   ,5.03   ,3.39   ,5.46   ,6.38   ,4.43   ,4.69   ,5.08   ,6.30   ,6.44   ,4.79   ,4.65   ,5.92   ,6.49   ,4.20   ,4.15   ,4.33   ,4.73   ,5.26
201403  ,-0.52   ,1.22   ,1.73   ,1.10  ,-1.79  ,-0.05   ,1.01   ,1.55   ,1.69  ,-3.93   ,0.02   ,1.03   ,0.43  ,-0.67  ,-2.97   ,0.40   ,1.12   ,0.72  ,-0.20  ,-1.62   ,0.71   ,1.51   ,2.74   ,1.45  ,-2.63
201404  ,-3.22  ,-3.75  ,-1.07  ,-2.72  ,-5.62  ,-3.30  ,-3.80  ,-1.71  ,-2.36  ,-2.98  ,-1.10  ,-0.47  ,-0.54  ,-3.00  ,-3.54  ,-0.73  ,-0.22   ,0.37  ,-1.60  ,-1.53   ,1.20   ,0.63   ,1.91   ,0.33   ,0.34
201405  ,-1.02  ,-0.76   ,0.41   ,0.70  ,-1.10   ,0.96   ,1.64   ,1.62   ,0.04  ,-0.46   ,0.14   ,0.39   ,2.05   ,0.71   ,1.56   ,2.41   ,0.93   ,1.77   ,2.17   ,3.36   ,1.65   ,1.08   ,1.70   ,2.91   ,4.23
201406   ,6.36   ,3.57   ,3.01   ,6.27   ,9.44   ,5.65   ,5.82   ,4.79   ,4.81   ,8.40   ,5.35   ,3.66   ,2.71   ,5.90   ,7.11   ,3.80   ,3.21   ,2.77   ,5.08   ,4.86   ,0.95   ,1.87   ,1.18   ,3.62   ,3.36
201407  ,-5.37  ,-4.72  ,-6.11  ,-4.14  ,-8.55  ,-3.25  ,-5.83  ,-4.98  ,-6.74  ,-7.42  ,-4.61  ,-5.54  ,-5.24  ,-5.44  ,-5.16  ,-3.16  ,-2.80  ,-3.92  ,-2.20  ,-3.95  ,-2.15  ,-2.04  ,-1.85  ,-0.03   ,0.34
201408   ,3.31   ,3.33   ,3.18   ,4.14   ,4.62   ,5.02   ,4.45   ,5.07   ,4.20   ,4.66   ,4.90   ,4.49   ,4.08   ,4.41   ,6.78   ,3.96   ,3.95   ,5.43   ,5.06   ,5.42   ,3.95   ,3.41   ,3.64   ,4.65   ,3.52
201409  ,-7.81  ,-6.54  ,-6.20  ,-6.34  ,-6.51  ,-8.44  ,-4.82  ,-6.61  ,-5.21  ,-5.99  ,-5.94  ,-5.13  ,-6.20  ,-5.75  ,-4.69  ,-5.08  ,-3.97  ,-4.03  ,-3.17  ,-4.61  ,-1.05  ,-1.54  ,-2.00  ,-1.60  ,-1.45
201410   ,2.36   ,5.33   ,4.95   ,4.08   ,2.43   ,1.99   ,6.09   ,5.21   ,5.28   ,4.76   ,1.57   ,4.15   ,3.08   ,2.29   ,3.43   ,0.01   ,2.38   ,2.96   ,1.58   ,1.37   ,2.69   ,2.13   ,1.82   ,1.98   ,0.41
201411  ,-0.27  ,-1.77  ,-0.74  ,-1.66  ,-0.36  ,-0.35   ,0.22   ,1.04  ,-0.30  ,-0.14   ,1.63   ,1.61   ,1.26  ,-0.25  ,-0.21   ,2.26   ,1.90   ,2.96   ,3.30  ,-0.28   ,3.67   ,1.94   ,2.19   ,3.09   ,2.20
201412   ,2.90   ,4.16   ,4.00   ,3.72   ,4.47   ,0.77   ,1.29   ,2.63   ,0.20   ,0.91  ,-0.23   ,0.44   ,0.04   ,0.49   ,0.32   ,1.86   ,0.27   ,0.83  ,-0.34  ,-0.69   ,0.49   ,0.54  ,-0.15  ,-1.40  ,-2.23
201501  ,-5.14  ,-4.82  ,-6.36  ,-5.96  ,-4.15  ,-4.22  ,-5.82  ,-3.81  ,-4.08  ,-4.57  ,-3.94  ,-3.38  ,-3.70  ,-3.64  ,-2.70  ,-1.14  ,-1.42  ,-2.64  ,-2.67  ,-2.02  ,-4.65  ,-3.91  ,-3.66  ,-3.50  ,-1.75
201502   ,4.90   ,5.46   ,5.01   ,5.40   ,7.76   ,5.70   ,6.62   ,3.79   ,8.29   ,8.51   ,8.20   ,5.13   ,5.05   ,7.89   ,8.62   ,5.93   ,6.45   ,6.56   ,6.88   ,9.21   ,6.53   ,5.01   ,4.77   ,6.57   ,7.61
201503  ,-0.89   ,0.60   ,1.71   ,0.71   ,2.01   ,0.43   ,1.00   ,1.48   ,2.06   ,0.85   ,0.92   ,0.85   ,0.30   ,0.52   ,0.94  ,-0.54   ,0.45   ,0.69   ,0.24   ,1.60  ,-2.52  ,-1.38  ,-1.86  ,-1.87  ,-0.87
201504  ,-0.70  ,-0.73  ,-0.66  ,-0.63  ,-1.27  ,-1.97  ,-0.64  ,-1.16  ,-1.22  ,-0.54  ,-0.24  ,-1.07  ,-0.23   ,0.54  ,-1.77   ,0.83   ,0.42  ,-0.86  ,-0.23   ,0.10   ,1.43   ,1.05   ,0.79   ,2.37   ,2.70
201505   ,0.05   ,0.53   ,1.32   ,0.91   ,4.30   ,2.23   ,2.02   ,1.47   ,0.62   ,2.83   ,1.52   ,1.40   ,0.26   ,1.46   ,3.53   ,0.74   ,0.55   ,2.25   ,1.06   ,2.35   ,1.42   ,1.60   ,0.40   ,0.55   ,0.26
201506   ,0.94   ,1.99   ,1.67   ,1.52   ,2.23  ,-2.58   ,0.62  ,-1.99   ,0.80   ,1.64  ,-2.30  ,-1.06   ,0.00   ,0.24   ,0.11  ,-3.34  ,-1.83  ,-1.79  ,-1.15  ,-0.77  ,-2.23  ,-1.05  ,-1.97  ,-2.88  ,-1.19
201507  ,-8.05  ,-4.13  ,-4.77  ,-3.82  ,-4.89  ,-5.05  ,-1.39  ,-2.86  ,-2.80  ,-2.12  ,-4.74  ,-0.78  ,-1.24  ,-0.82  ,-2.52   ,0.54   ,0.92   ,0.49  ,-0.36  ,-1.39   ,1.44   ,0.84   ,2.37   ,1.61   ,4.98
201508  ,-3.00  ,-3.97  ,-4.05  ,-4.29  ,-6.92  ,-5.92  ,-5.12  ,-4.16  ,-5.39  ,-7.83  ,-3.03  ,-6.19  ,-6.23  ,-5.50  ,-5.32  ,-3.94  ,-4.45  ,-4.84  ,-4.46  ,-8.75  ,-6.95  ,-5.26  ,-7.05  ,-5.33  ,-6.28
201509  ,-9.11  ,-4.44  ,-5.08  ,-3.56  ,-8.48  ,-7.67  ,-3.90  ,-2.66  ,-5.65  ,-7.43  ,-7.85  ,-4.03  ,-3.36  ,-3.57  ,-6.73  ,-4.88  ,-3.63  ,-2.09  ,-4.05  ,-8.24  ,-3.47  ,-1.86  ,-1.92  ,-3.15  ,-3.43
201510   ,5.73   ,5.85   ,5.81   ,5.93   ,4.55   ,6.09   ,6.30   ,6.87   ,5.19   ,6.06   ,8.21   ,4.88   ,6.35   ,6.03   ,3.92   ,7.86   ,6.58   ,7.61   ,5.77   ,3.55   ,7.62   ,8.16   ,6.64   ,7.42  ,11.44
201511   ,0.88   ,1.37   ,2.04   ,3.00   ,3.72   ,2.78   ,3.95   ,3.77   ,2.40   ,3.87   ,1.61   ,1.01   ,0.07   ,1.27   ,1.00   ,0.47   ,1.12   ,0.70   ,0.72   ,0.26   ,0.01   ,0.33  ,-0.47   ,0.36   ,1.02
201512  ,-6.33  ,-4.22  ,-4.08  ,-4.21  ,-5.50  ,-5.70  ,-4.23  ,-5.84  ,-6.31  ,-4.44  ,-4.38  ,-4.77  ,-5.38  ,-5.15  ,-5.91  ,-4.73  ,-3.55  ,-2.38  ,-2.76  ,-4.32  ,-1.74  ,-1.25  ,-1.33  ,-3.94  ,-0.53
201601 ,-10.41  ,-6.35  ,-7.53  ,-6.12 ,-13.52  ,-9.31  ,-7.01  ,-6.44  ,-6.77 ,-13.15  ,-8.25  ,-7.11  ,-4.82  ,-6.47 ,-10.42  ,-7.51  ,-6.14  ,-5.79  ,-5.94 ,-10.16  ,-3.75  ,-4.96  ,-4.87  ,-4.46  ,-8.36
201602   ,3.68   ,1.06   ,1.10   ,1.20  ,-0.00   ,3.01   ,2.12   ,1.29  ,-0.75   ,0.01   ,3.07   ,3.59   ,2.42   ,3.39  ,-1.64   ,3.15   ,1.45   ,3.25   ,1.34   ,0.00   ,0.12   ,0.92   ,0.49  ,-0.63  ,-2.61
201603   ,9.05   ,6.70   ,6.63   ,6.22   ,8.25   ,9.74   ,7.75   ,9.09   ,9.29   ,8.16  ,10.53   ,8.23   ,8.76   ,6.81   ,8.73   ,7.48   ,7.75   ,7.95   ,9.31   ,9.50   ,6.28   ,6.17   ,6.62   ,7.90   ,5.84
201604   ,7.43   ,6.09   ,4.51   ,2.76   ,6.03   ,5.31   ,2.81   ,0.76   ,2.85   ,2.72   ,1.69   ,1.81   ,2.61   ,0.58   ,3.26   ,1.14   ,0.45   ,1.24   ,1.29   ,5.40   ,2.44   ,1.22   ,1.46  ,-1.41  ,-0.67
201605  ,-1.58  ,-0.39  ,-0.50   ,0.62   ,0.55  ,-0.45   ,2.11   ,2.39  ,-0.45   ,2.05  ,-1.06   ,1.16   ,2.49   ,1.22   ,2.36   ,0.62   ,2.32   ,2.51   ,2.40   ,1.49   ,0.59   ,0.57   ,1.16   ,1.89   ,3.86
201606   ,3.33   ,1.97   ,0.69   ,0.25  ,-0.36  ,-1.72   ,0.53   ,1.16   ,1.39  ,-0.27  ,-1.77  ,-0.93  ,-0.09  ,-1.05  ,-1.88  ,-0.57  ,-1.20  ,-0.44  ,-0.26  ,-1.54   ,1.56   ,1.43  ,-0.28  ,-0.85  ,-3.04
201607   ,4.74   ,5.21   ,5.35   ,5.24   ,6.48   ,7.08   ,5.23   ,4.89   ,5.69   ,6.81   ,4.94   ,3.96   ,3.62   ,5.30   ,5.52   ,4.35   ,3.67   ,3.33   ,4.98   ,6.44   ,2.81   ,2.82   ,2.76   ,4.94   ,4.95
201608   ,2.33   ,1.98   ,2.09   ,1.59   ,1.76   ,1.87   ,0.47   ,1.31   ,3.20   ,3.13   ,0.12   ,0.92   ,0.25   ,1.28   ,0.72   ,1.03   ,0.97   ,0.76   ,1.55   ,0.68  ,-0.08  ,-0.39   ,1.31   ,0.44  ,-0.15
201609   ,4.27   ,2.44   ,1.69   ,1.22   ,5.47   ,2.40   ,1.08   ,2.02  ,-0.48   ,1.02   ,1.63   ,1.59  ,-1.14   ,0.07   ,0.45   ,0.48   ,0.37   ,0.00   ,0.21   ,0.52   ,0.02  ,-0.26  ,-1.04   ,0.99   ,1.37
201610  ,-6.11  ,-4.07  ,-4.06  ,-3.34  ,-7.49  ,-6.83  ,-4.22  ,-3.06  ,-4.32  ,-7.04  ,-5.38  ,-2.98  ,-1.56  ,-1.16  ,-4.73  ,-4.23  ,-0.92  ,-0.13  ,-3.56  ,-4.53  ,-1.24  ,-1.07  ,-1.39  ,-1.46  ,-2.29
201611  ,10.83  ,11.22  ,10.98   ,9.94   ,8.11  ,11.99  ,11.00  ,13.48  ,12.03   ,7.10  ,11.54   ,9.33   ,6.22   ,8.11   ,5.83   ,7.49   ,6.40   ,4.47   ,5.05   ,3.32   ,5.49   ,3.41   ,6.59   ,2.11   ,0.60
201612   ,2.88   ,4.13   ,4.39   ,5.84   ,1.25   ,0.61   ,2.08   ,2.60   ,3.10   ,0.40   ,0.28   ,1.07   ,2.78   ,2.56   ,0.15  ,-0.49   ,1.97   ,1.81  ,-0.34  ,-1.23   ,1.84   ,2.76   ,2.14   ,1.92   ,1.00
201701   ,2.08   ,0.07  ,-1.17  ,-0.95   ,1.07   ,1.90   ,0.75   ,0.56   ,0.71   ,3.16   ,2.61   ,2.62   ,0.62   ,2.17   ,2.31   ,1.99   ,1.95   ,1.83   ,3.70   ,4.20   ,0.88   ,0.36   ,1.79   ,3.24   ,4.94
201702  ,-0.84  ,-0.06   ,1.14   ,0.97   ,2.94  ,-0.70  ,-0.80   ,2.92   ,2.44   ,1.83   ,2.08   ,2.30   ,0.97   ,2.48   ,3.71   ,1.27   ,3.27   ,2.83   ,2.26   ,1.73   ,3.10   ,3.59   ,4.22   ,2.47   ,4.84
201703  ,-0.45   ,0.70   ,0.63  ,-0.20   ,2.24   ,0.05   ,0.95   ,0.96   ,1.42   ,0.01  ,-0.36  ,-0.95   ,0.17  ,-0.12   ,0.24   ,0.73   ,0.26  ,-0.77   ,1.56   ,0.09  ,-0.57   ,0.68  ,-1.40   ,0.21   ,2.03
201704  ,-1.30   ,1.63   ,1.99   ,0.91   ,0.56  ,-0.05   ,1.05  ,-0.11   ,0.49  ,-0.18  ,-1.57   ,0.44   ,0.39   ,0.91   ,1.70  ,-0.45   ,1.72   ,0.94   ,0.22   ,1.56   ,0.10   ,0.98   ,0.14   ,1.64   ,2.11
201705  ,-2.18  ,-3.46  ,-2.53  ,-3.04  ,-2.02  ,-3.39  ,-2.21  ,-2.49  ,-1.65  ,-1.41  ,-2.84  ,-0.88  ,-0.61   ,1.05   ,0.31  ,-0.96   ,0.00   ,0.51   ,1.61   ,0.76  ,-0.19   ,1.69   ,1.21   ,2.43   ,2.31
201706   ,4.79   ,3.63   ,4.65   ,4.63   ,6.83   ,2.21   ,1.60   ,2.86   ,3.25   ,4.43   ,0.85   ,0.39   ,2.17   ,3.02   ,4.22  ,-0.43   ,2.71   ,0.88   ,1.80   ,1.14   ,1.72   ,0.73   ,0.99  ,-0.35   ,0.45
201707   ,0.77  ,-0.29  ,-0.12   ,0.39   ,1.03   ,2.06   ,1.92   ,0.04   ,2.34   ,0.57   ,3.03   ,0.74   ,0.82   ,1.65   ,1.19   ,1.82   ,1.00   ,2.74   ,1.31   ,1.78   ,2.13   ,1.56   ,1.19   ,2.60   ,3.47
201708  ,-1.12  ,-0.68  ,-0.98  ,-1.41  ,-1.43  ,-3.56  ,-1.19  ,-1.04  ,-0.87  ,-0.67  ,-2.11  ,-0.13  ,-1.08   ,0.41  ,-0.55  ,-1.61  ,-1.63  ,-0.42   ,0.52   ,0.15  ,-1.46  ,-0.57   ,0.19   ,2.21   ,1.24
201709   ,8.68   ,7.05   ,6.43   ,6.41   ,6.12   ,6.48   ,5.98   ,6.98   ,6.08   ,6.06   ,5.09   ,4.24   ,3.29   ,3.87   ,3.76   ,6.67   ,2.89   ,1.75   ,2.50   ,2.75   ,2.06   ,3.36   ,3.08   ,1.28   ,0.35
201710  ,-1.43   ,1.07   ,1.05   ,1.46  ,-0.81  ,-1.32   ,0.03  ,-0.02   ,0.39   ,0.46   ,0.12   ,0.57   ,1.87   ,2.30   ,1.92   ,1.39   ,1.33   ,3.13   ,1.22   ,3.10   ,0.07   ,1.03   ,0.23   ,3.82   ,5.78
201711   ,1.29   ,3.09   ,2.36   ,2.31   ,3.16   ,1.64   ,1.65   ,3.27   ,3.28   ,2.11   ,2.63   ,2.45   ,2.40   ,5.36   ,2.88   ,5.49   ,3.28   ,3.37   ,4.34   ,3.79   ,2.98   ,2.95   ,4.89   ,2.18   ,1.75
201712   ,2.27   ,0.91  ,-1.02   ,0.52   ,3.07   ,1.79   ,0.44  ,-0.69  ,-0.37   ,0.11   ,1.49   ,1.88  ,-0.38   ,0.70   ,1.20   ,2.68   ,1.48   ,0.69   ,0.90   ,1.25   ,1.68   ,2.06   ,1.00   ,1.24   ,0.48
201801   ,2.28   ,2.45   ,0.28   ,1.66   ,2.48   ,3.75   ,2.66   ,2.36   ,0.99   ,2.02   ,3.26   ,3.79   ,1.68   ,4.42   ,2.95   ,4.53   ,5.33   ,3.44   ,4.00   ,6.66   ,4.62   ,4.42   ,4.69   ,6.10   ,9.52
201802  ,-4.17  ,-3.07  ,-3.81  ,-4.16  ,-5.18  ,-5.57  ,-4.32  ,-3.88  ,-4.90  ,-3.78  ,-6.87  ,-4.98  ,-3.73  ,-2.40  ,-2.82  ,-4.85  ,-3.78  ,-4.52  ,-4.22  ,-2.50  ,-7.04  ,-4.62  ,-4.11  ,-2.26  ,-1.72
201803   ,0.88   ,0.12   ,2.35   ,1.14   ,1.00  ,-0.96  ,-0.48   ,1.89   ,1.18   ,1.04   ,0.20  ,-0.12   ,0.17   ,1.29   ,0.18   ,0.75   ,0.16   ,0.41  ,-0.38   ,0.42  ,-1.79  ,-2.51  ,-2.65  ,-3.05  ,-3.93
201804   ,3.75  ,-0.17   ,2.79   ,1.25   ,0.81   ,3.28   ,2.43   ,1.33   ,1.11   ,2.20   ,0.40   ,0.30  ,-0.33  ,-0.63  ,-1.40   ,1.25  ,-0.19  ,-0.43   ,0.04  ,-0.29   ,0.96   ,0.37  ,-0.47  ,-0.45   ,2.44
201805   ,5.97   ,5.31   ,6.07   ,4.96   ,7.47   ,7.30   ,4.83   ,7.13   ,5.81   ,6.31   ,2.37   ,3.46   ,3.28   ,3.20   ,3.67   ,2.20   ,1.80   ,1.24   ,4.00   ,3.78   ,0.96   ,0.80   ,0.22   ,4.30   ,3.98
201806   ,0.74   ,0.43   ,1.35   ,0.76   ,0.08   ,1.67   ,1.43   ,0.91   ,0.08   ,1.74  ,-0.38   ,1.65   ,0.04  ,-2.14  ,-0.36   ,1.23   ,0.96  ,-0.08   ,1.52   ,0.84   ,1.25   ,0.07  ,-0.18   ,0.09   ,1.40
201807   ,0.23   ,0.29   ,3.44   ,0.99  ,-0.61   ,2.33   ,1.31   ,2.85   ,2.00   ,0.63   ,0.68   ,1.99   ,2.69   ,1.65   ,0.46   ,2.03   ,1.48   ,4.45   ,2.27   ,0.86   ,4.01   ,5.81   ,1.58   ,4.86   ,2.31
201808   ,3.15   ,3.81   ,3.17   ,3.54   ,4.38   ,3.31   ,1.63   ,4.19   ,3.00   ,4.18   ,1.84   ,2.30   ,2.76   ,3.81   ,8.16   ,0.23   ,0.74   ,2.37   ,2.36   ,5.69   ,1.36   ,0.52   ,2.71   ,5.54   ,5.79
201809  ,-1.73  ,-2.35  ,-2.28  ,-1.70  ,-1.98  ,-0.52  ,-1.90  ,-1.95  ,-3.13  ,-1.43  ,-1.45  ,-0.80  ,-2.14  ,-1.58  ,-0.87  ,-0.65  ,-1.93   ,0.97  ,-1.11   ,0.16   ,1.58  ,-0.20   ,1.10   ,0.81   ,0.00
201810 ,-10.88  ,-8.08 ,-10.13  ,-9.67 ,-14.97 ,-10.95  ,-9.54  ,-9.82 ,-10.61 ,-14.26 ,-10.66  ,-9.20 ,-10.64 ,-10.26 ,-12.28  ,-6.52  ,-8.42  ,-9.83  ,-9.17 ,-10.41  ,-4.95  ,-5.75  ,-5.82  ,-5.52 ,-12.02
201811  ,-1.14  ,-0.70   ,1.67  ,-1.94  ,-1.28   ,0.58   ,0.54   ,2.31   ,1.47   ,1.12   ,0.73   ,1.61   ,2.79   ,2.28   ,1.03   ,0.37   ,1.73   ,3.31   ,3.58   ,0.90   ,2.13   ,3.10   ,3.32  ,-0.55   ,2.18
201812 ,-11.89  ,-9.83  ,-9.71 ,-10.16 ,-12.68 ,-12.47 ,-10.65 ,-11.40 ,-11.86 ,-10.65 ,-10.96 ,-12.92 ,-10.40 ,-11.15 ,-11.49 ,-10.23  ,-9.89  ,-9.81 ,-10.17  ,-9.69  ,-8.40 ,-10.20  ,-8.09  ,-9.04  ,-8.55
201901  ,10.68   ,9.65   ,9.76  ,10.08  ,11.99  ,11.51   ,9.76   ,9.53  ,11.67  ,12.83  ,12.75  ,10.66  ,11.94  ,12.11  ,15.31   ,9.34  ,11.04   ,9.58  ,10.60  ,11.57   ,6.61   ,8.79   ,7.22   ,7.04  ,10.79
201902   ,4.52   ,4.87   ,5.22   ,6.43   ,5.75   ,3.70   ,3.12   ,4.49   ,4.78   ,6.81   ,5.61   ,4.39   ,4.80   ,5.97   ,6.83   ,3.53   ,2.33   ,4.31   ,4.06   ,6.75   ,3.74   ,2.31   ,4.37   ,2.59   ,3.29
201903  ,-3.09  ,-4.88  ,-3.65  ,-3.51  ,-1.10  ,-1.28  ,-2.74  ,-2.30  ,-3.18  ,-1.24  ,-0.56  ,-1.98  ,-1.97  ,-2.09   ,0.12   ,1.02  ,-0.51   ,0.79   ,0.50   ,1.08   ,0.97  ,-0.67   ,1.58   ,3.34   ,2.86
201904   ,1.65   ,1.73   ,3.66   ,2.18   ,1.28   ,0.86   ,4.06   ,4.85   ,3.94   ,2.20   ,4.20   ,4.04   ,4.17   ,3.73   ,4.49   ,2.77   ,3.82   ,4.56   ,3.39   ,4.06   ,1.65   ,6.53   ,2.72   ,3.11   ,7.15
201905  ,-7.59  ,-7.33  ,-4.44  ,-4.51  ,-7.52  ,-7.96  ,-8.72  ,-7.95 ,-10.01  ,-9.41  ,-7.64  ,-8.15  ,-7.56  ,-6.09  ,-7.47  ,-6.97  ,-7.63  ,-4.89  ,-7.40  ,-3.95  ,-4.25  ,-6.63  ,-6.21  ,-7.03  ,-7.85
201906   ,6.14   ,7.31   ,7.05   ,5.95   ,6.37   ,7.37   ,7.53   ,7.34   ,7.78   ,9.43   ,6.74   ,6.82   ,7.95   ,7.15   ,7.81   ,7.49   ,7.52   ,7.83   ,8.54   ,7.50   ,7.45   ,6.53   ,6.24   ,6.70   ,8.40
201907  ,-0.51   ,0.45   ,0.25  ,-0.52  ,-2.85  ,-0.20   ,2.88  ,-0.55   ,0.61  ,-0.99   ,1.78   ,0.85   ,2.97   ,1.38   ,1.62   ,0.19   ,0.70   ,1.52  ,-0.25   ,2.04   ,1.39   ,0.72   ,0.95   ,1.98   ,2.49
201908  ,-6.95  ,-5.82  ,-7.30  ,-4.53  ,-4.94  ,-6.64  ,-3.98  ,-4.66  ,-5.46  ,-4.60  ,-5.53  ,-5.74  ,-4.59  ,-5.25  ,-6.17  ,-3.97  ,-1.61  ,-3.13  ,-3.34  ,-3.95  ,-1.54  ,-2.82  ,-0.56  ,-1.74  ,-1.86
201909   ,2.09   ,3.97   ,3.77   ,4.11  ,-0.55   ,3.31   ,2.91   ,3.28   ,2.62  ,-1.56   ,2.43   ,2.76   ,2.24   ,4.03  ,-0.43   ,3.18   ,3.01   ,2.96   ,2.09  ,-4.07   ,2.77   ,2.31   ,2.80   ,0.08  ,-0.62
201910   ,0.47   ,0.17   ,1.31   ,2.06   ,1.67   ,1.25   ,3.73   ,2.28   ,2.33   ,2.45   ,0.10  ,-0.14   ,0.69   ,0.42   ,1.25   ,0.29   ,0.44  ,-0.39   ,2.43   ,2.01   ,2.70   ,1.05   ,2.20   ,3.09   ,2.41
201911   ,4.54   ,3.06   ,1.74   ,3.89   ,6.78   ,2.82   ,3.72   ,2.60   ,5.03   ,5.20   ,3.09   ,3.49   ,3.13   ,4.50   ,6.75   ,4.69   ,4.34   ,3.66   ,3.48   ,7.46   ,3.96   ,2.84   ,3.78   ,4.44   ,3.80
201912   ,7.65   ,4.86   ,3.99   ,3.55   ,6.86   ,4.73   ,3.50   ,3.53   ,2.18   ,3.05   ,3.24   ,2.31   ,2.17   ,3.00   ,1.67   ,3.62   ,3.21   ,3.05   ,2.19  ,-0.90   ,4.38   ,2.25   ,2.60   ,2.32   ,2.38
202001  ,-4.80  ,-6.81  ,-6.64  ,-5.18  ,-3.53  ,-4.51  ,-4.42  ,-4.52  ,-3.66  ,-1.75  ,-3.62  ,-3.94  ,-2.11  ,-2.65   ,0.05  ,-3.13  ,-1.83  ,-2.03  ,-0.75   ,2.38  ,-0.42  ,-1.90   ,1.67  ,-1.99   ,3.93
202002  ,-8.61  ,-9.33  ,-9.64  ,-9.73  ,-6.92 ,-11.02  ,-9.57  ,-8.82  ,-8.91  ,-7.24 ,-10.04  ,-9.20 ,-10.43  ,-9.47  ,-6.48  ,-8.84  ,-9.11  ,-9.79  ,-9.22  ,-6.21  ,-8.71  ,-9.18  ,-8.34  ,-6.01  ,-6.36
202003 ,-26.78 ,-29.25 ,-26.03 ,-25.46 ,-22.90 ,-23.06 ,-21.37 ,-21.14 ,-23.63 ,-23.09 ,-21.76 ,-25.69 ,-21.25 ,-25.19 ,-19.86 ,-19.06 ,-19.64 ,-19.28 ,-17.75 ,-16.04  ,-9.39 ,-16.34 ,-12.78 ,-12.84  ,-9.63
202004  ,19.75  ,17.88  ,14.07  ,16.83  ,16.50  ,21.67  ,14.08  ,11.87  ,15.38  ,19.70  ,16.21  ,17.22  ,11.83  ,14.80  ,19.14  ,17.16  ,10.65  ,13.86  ,13.04  ,19.18  ,12.24  ,12.61  ,11.11  ,12.17  ,15.72
202005   ,6.13   ,4.30   ,5.80   ,4.69   ,7.40   ,6.74   ,7.01   ,2.10   ,8.68  ,11.76   ,5.97   ,7.33   ,3.98   ,5.51  ,10.80   ,5.37   ,5.83   ,6.12   ,7.18  ,15.27   ,4.32   ,4.06   ,4.79   ,7.15   ,4.82
202006   ,8.86   ,3.83   ,4.71   ,5.15   ,5.04   ,1.76   ,2.49   ,1.61   ,4.66   ,3.78   ,2.50   ,0.62   ,0.01   ,1.93   ,4.31   ,3.13   ,1.22   ,0.90   ,1.89   ,3.96   ,3.04  ,-0.55   ,3.26   ,0.84   ,3.47
202007   ,4.60   ,2.40   ,3.19   ,3.63   ,0.11   ,5.53   ,1.59   ,2.62   ,5.38   ,3.66   ,4.46   ,5.64   ,3.97   ,2.41   ,5.87   ,5.65   ,5.43   ,4.93   ,7.16   ,8.24   ,7.54   ,3.76   ,2.10   ,7.57   ,8.97
202008   ,6.87   ,4.80   ,6.48   ,6.80   ,8.40   ,3.56   ,3.48   ,4.47   ,6.36   ,6.52   ,5.74   ,4.50   ,3.90   ,5.34   ,5.63   ,3.00   ,4.42   ,3.88   ,2.59   ,3.34   ,9.60   ,5.45   ,6.53  ,11.82   ,8.82
202009  ,-5.23  ,-3.99  ,-4.60  ,-3.62  ,-3.87  ,-4.24  ,-5.39  ,-5.69  ,-3.87  ,-0.91  ,-3.87  ,-1.30  ,-3.15  ,-2.72   ,0.01  ,-3.53  ,-0.91  ,-1.58  ,-1.22  ,-0.30  ,-5.44  ,-2.03  ,-3.11  ,-4.87  ,-4.92
202010   ,1.34   ,2.98   ,3.65   ,3.50   ,0.00   ,1.87   ,5.30   ,3.57   ,2.43   ,2.41  ,-0.65   ,2.35   ,3.16   ,4.77   ,1.61   ,0.51  ,-0.17  ,-1.58   ,3.21  ,-0.97  ,-4.14  ,-2.87  ,-3.15  ,-2.62  ,-2.88
202011  ,22.89  ,16.71  ,18.52  ,17.20  ,21.64  ,20.24  ,16.35  ,14.92  ,15.29  ,22.42  ,17.70  ,13.14  ,15.10  ,14.17  ,14.52  ,13.28  ,12.35  ,14.53   ,9.78  ,15.83  ,11.53  ,13.63   ,9.52  ,14.35   ,8.86
202012  ,10.49   ,9.65   ,9.35   ,8.63   ,9.75   ,8.65   ,6.90   ,8.23   ,9.24  ,10.50   ,5.39   ,4.23   ,6.57   ,6.09   ,8.80   ,5.07   ,3.27   ,4.01   ,4.90   ,6.53   ,5.39   ,3.95   ,2.67   ,5.04   ,2.54
202101  ,16.15   ,3.43   ,4.72   ,4.70   ,8.83   ,3.25   ,4.33   ,0.63   ,1.50   ,5.03   ,3.27   ,0.46   ,1.20  ,-0.67   ,2.19   ,0.84  ,-0.85  ,-3.01  ,-0.48   ,1.44   ,0.97  ,-2.74  ,-0.44  ,-0.66  ,-2.10
202102   ,5.30  ,10.25  ,13.04  ,10.68   ,8.97   ,7.72  ,10.59   ,8.19   ,8.05   ,2.15   ,7.30   ,6.87   ,9.61   ,7.16   ,2.19   ,5.11   ,5.41   ,6.69   ,5.91   ,2.56  ,-0.93   ,4.78   ,2.95   ,3.18   ,0.71
202103   ,2.97   ,3.26   ,3.54   ,3.53  ,-1.95   ,3.79   ,3.84   ,4.00   ,3.75  ,-3.41   ,5.07   ,4.81   ,4.84   ,3.34  ,-3.69   ,5.62   ,6.62   ,4.76   ,3.86  ,-3.84   ,4.93   ,5.34   ,5.03   ,2.83   ,0.78
202104   ,0.48   ,4.46   ,1.90   ,2.76   ,0.97   ,2.83   ,3.34   ,3.72   ,3.96   ,3.49   ,4.50   ,3.98   ,3.83   ,6.72   ,4.64   ,4.03   ,5.35   ,5.57   ,5.98   ,3.34   ,3.88   ,3.87   ,4.62   ,8.38   ,6.90
202105   ,4.77   ,3.46   ,2.14   ,3.66  ,-1.36   ,2.98   ,3.21   ,2.53   ,1.08  ,-1.69   ,2.79   ,1.68   ,0.62  ,-0.41  ,-4.30   ,2.73   ,2.87   ,1.70   ,1.61  ,-1.42   ,0.06   ,2.48   ,1.56   ,0.17  ,-2.04
202106   ,4.12  ,-0.55   ,0.42   ,0.81   ,3.69  ,-1.12  ,-2.10  ,-3.30  ,-0.02   ,3.89  ,-1.66  ,-1.72   ,0.09  ,-0.45   ,3.45  ,-1.96  ,-1.32  ,-1.05   ,0.17   ,9.08   ,3.52  ,-0.07   ,2.94   ,3.96   ,4.66
202107  ,-6.36  ,-1.42  ,-2.56  ,-2.93  ,-7.19  ,-4.67  ,-1.90  ,-0.70  ,-2.28  ,-6.41  ,-2.31  ,-0.06  ,-0.34  ,-0.10  ,-6.99  ,-3.64   ,1.39   ,2.11   ,0.93  ,-3.84   ,2.21   ,2.98   ,1.43   ,3.44   ,0.66
202108   ,0.77   ,0.75   ,1.56   ,2.51   ,3.15   ,0.26   ,1.09   ,3.28   ,2.26   ,0.64   ,0.87   ,1.92   ,1.59   ,4.77   ,0.24   ,1.21   ,3.90   ,2.82   ,2.98   ,4.01   ,1.75   ,2.51   ,1.39   ,4.87   ,3.81
202109   ,0.23  ,-2.70  ,-1.73  ,-2.90  ,-5.23   ,0.11  ,-3.02  ,-4.08  ,-3.32  ,-5.61  ,-0.59  ,-2.87  ,-3.35  ,-3.18  ,-3.64  ,-0.40  ,-4.24  ,-4.89  ,-3.31  ,-4.88  ,-4.28  ,-5.22  ,-3.38  ,-5.12  ,-4.45
202110   ,4.11   ,4.24   ,5.69   ,3.85   ,0.16   ,3.47   ,2.81   ,4.13   ,5.17   ,3.43   ,5.25   ,3.45   ,4.74   ,5.05   ,4.46   ,3.59   ,5.59   ,4.63   ,8.31   ,6.28   ,5.38   ,7.66   ,5.24   ,8.25   ,9.25
202111  ,-6.88  ,-3.91  ,-3.66  ,-3.94  ,-8.18  ,-4.42  ,-1.68  ,-2.72  ,-2.89  ,-5.17  ,-3.77  ,-3.55  ,-4.47  ,-6.20  ,-9.57  ,-2.66  ,-3.14  ,-4.41  ,-3.01  ,-5.46   ,1.40  ,-2.47  ,-2.42  ,-1.12  ,-0.15
202112   ,1.46   ,4.26   ,4.19   ,3.06  ,-2.33   ,4.10   ,7.09   ,5.44   ,2.39  ,-2.60   ,3.11   ,4.98   ,5.41   ,2.87  ,-2.21   ,4.87   ,6.43   ,7.47   ,2.44  ,-2.88   ,6.76   ,5.67   ,7.24   ,2.16  ,-3.77
202201  ,-4.44  ,-5.85  ,-4.49  ,-6.13 ,-15.38  ,-3.70  ,-6.37  ,-6.62  ,-6.89 ,-13.78  ,-4.12  ,-6.28  ,-5.96  ,-7.69 ,-15.16   ,0.02  ,-4.39  ,-5.46  ,-7.48 ,-14.53  ,-0.01  ,-3.55  ,-3.83  ,-8.19 ,-11.86
202202   ,4.96   ,3.25   ,1.90  ,-0.38  ,-1.64   ,2.82   ,0.07  ,-1.39   ,1.19  ,-0.31   ,2.29   ,1.85   ,0.42   ,2.47  ,-1.94   ,2.90  ,-0.23  ,-0.43  ,-1.58  ,-0.44  ,-1.71  ,-2.48  ,-1.26  ,-5.93  ,-3.07
202203   ,5.30   ,2.29   ,1.15   ,0.23   ,0.18   ,3.08   ,1.26   ,0.50  ,-0.73   ,0.01   ,5.74   ,1.22   ,1.07  ,-2.00   ,0.54   ,4.59   ,5.08   ,3.08  ,-0.05  ,-0.21   ,4.98   ,3.82   ,2.29   ,1.81   ,6.04
202204  ,-7.10  ,-7.85  ,-8.71  ,-9.02 ,-13.67  ,-7.84  ,-6.49  ,-8.19  ,-9.41 ,-13.73  ,-3.95  ,-7.20  ,-7.72  ,-8.76 ,-13.72  ,-5.06  ,-5.50  ,-6.60  ,-7.80 ,-13.66  ,-5.78  ,-6.67  ,-5.90 ,-12.37 ,-17.95
202205   ,2.65   ,1.67   ,1.03  ,-0.03  ,-4.88   ,3.58   ,1.25   ,3.18  ,-0.53  ,-5.76   ,3.90   ,2.32  ,-0.15  ,-0.73  ,-2.96   ,4.09   ,0.08   ,0.79   ,0.41  ,-3.80   ,1.51  ,-0.60   ,0.11   ,0.70  ,-4.88
202206 ,-12.31  ,-7.93  ,-7.59  ,-5.67  ,-5.16 ,-12.55  ,-6.40  ,-8.80  ,-7.28  ,-5.70 ,-12.51  ,-9.73  ,-9.05  ,-7.63  ,-7.10 ,-12.33  ,-9.76  ,-8.43  ,-9.62  ,-7.51  ,-9.64  ,-7.60  ,-6.61  ,-8.73  ,-7.40
202207   ,7.59   ,7.94   ,8.45   ,8.20  ,11.41   ,8.58   ,7.96   ,7.76  ,10.59  ,13.03   ,8.39  ,10.29   ,8.67  ,12.55  ,11.17   ,7.21   ,7.29   ,7.75  ,10.99  ,11.63   ,3.55   ,6.07  ,10.51  ,10.36  ,16.55
202208   ,0.38  ,-3.97  ,-2.53  ,-1.77  ,-0.47  ,-3.46  ,-4.21  ,-0.65  ,-4.17  ,-1.35  ,-2.49  ,-2.60  ,-2.53  ,-2.89  ,-2.22  ,-3.32  ,-1.64  ,-3.32  ,-4.00  ,-1.65  ,-1.97  ,-3.17  ,-3.83  ,-5.38  ,-5.60
202209 ,-10.95 ,-10.28  ,-9.66  ,-8.85  ,-9.76 ,-10.73 ,-10.38  ,-8.75 ,-10.47  ,-9.96  ,-9.08  ,-9.97  ,-8.34  ,-9.43 ,-10.01 ,-10.08  ,-8.56  ,-9.18  ,-8.86 ,-10.48  ,-8.16  ,-9.03  ,-8.79  ,-9.18  ,-9.95
202210  ,11.06  ,11.63  ,10.86   ,8.30   ,7.25  ,11.63  ,12.66  ,11.57  ,10.49   ,7.75   ,9.68  ,10.97   ,9.78   ,7.41   ,7.69  ,10.11  ,10.62   ,7.13   ,6.83   ,5.59  ,13.14   ,9.81   ,7.38   ,5.75   ,4.15
202211   ,3.12   ,2.44   ,1.57   ,3.57  ,-1.87   ,5.20   ,5.60   ,4.92   ,6.18   ,1.28   ,5.98   ,5.54   ,6.65   ,5.51   ,1.10   ,7.26   ,6.12   ,8.42   ,6.28   ,3.65   ,6.50   ,4.88   ,4.98   ,4.62   ,4.96
202212  ,-2.50  ,-5.55  ,-4.45  ,-4.24  ,-7.06  ,-5.75  ,-5.27  ,-5.28  ,-6.00  ,-8.06  ,-4.91  ,-5.79  ,-5.66  ,-4.51  ,-8.19  ,-2.77  ,-4.73  ,-4.22  ,-5.51  ,-7.07  ,-2.89  ,-3.28  ,-6.67  ,-9.17  ,-8.66
202301  ,11.54   ,8.96   ,8.87  ,10.19  ,12.09  ,11.93   ,9.74   ,6.65  ,12.34  ,11.43  ,11.84   ,9.84   ,9.50  ,11.30  ,12.37   ,6.19   ,6.33   ,6.33   ,9.32  ,10.76   ,1.84   ,6.78   ,4.58   ,9.20  ,12.75
202302  ,-2.88  ,-0.59  ,-2.37  ,-1.58  ,-3.37  ,-1.99  ,-1.68   ,0.02  ,-0.82  ,-2.85  ,-3.36  ,-2.64  ,-0.66  ,-2.32  ,-1.52  ,-4.68  ,-2.82  ,-2.92  ,-1.63  ,-2.95  ,-2.50  ,-2.70  ,-1.21  ,-3.00  ,-2.77
202303  ,-5.76  ,-4.96  ,-5.09  ,-4.13  ,-6.51  ,-2.74  ,-3.87  ,-4.44  ,-2.73  ,-3.41  ,-2.85  ,-1.28  ,-3.59  ,-1.61  ,-1.98  ,-1.23  ,-1.92   ,1.00  ,-0.29  ,-2.35   ,0.70   ,2.03   ,6.61   ,4.08   ,7.15
202304  ,-1.19  ,-3.00  ,-4.31  ,-2.89  ,-1.72  ,-1.19  ,-1.76  ,-2.86  ,-1.37  ,-1.34   ,1.54  ,-1.10  ,-1.01  ,-1.86  ,-1.56   ,1.01   ,0.14  ,-0.40  ,-1.56  ,-2.94   ,1.50   ,3.91   ,3.36  ,-0.94  ,-0.68
202305  ,-3.19  ,-0.05  ,-0.78  ,-0.26   ,2.39  ,-2.40  ,-4.17  ,-2.38  ,-0.59  ,-0.30  ,-2.96  ,-4.58  ,-2.71  ,-1.91   ,0.54  ,-4.85  ,-4.69  ,-2.95  ,-1.97   ,1.46  ,-3.98  ,-3.75   ,0.88   ,4.84   ,8.26
202306   ,5.68   ,6.85   ,7.02   ,5.64   ,6.30   ,8.18   ,8.73   ,7.32   ,9.09   ,8.17  ,10.02   ,8.76   ,8.66   ,9.08   ,9.96   ,8.91   ,7.60   ,6.98   ,9.07   ,8.46   ,5.87   ,6.95   ,6.13   ,6.74   ,7.03
202307   ,5.19   ,6.35   ,7.44   ,5.35   ,7.37   ,9.49   ,5.07   ,5.74   ,5.45   ,5.48   ,3.74   ,3.36   ,3.60   ,4.40   ,4.73   ,3.14   ,3.10   ,2.03   ,4.63   ,5.20   ,3.17   ,2.85   ,3.80   ,2.28   ,5.32
202308  ,-7.84  ,-4.65  ,-3.52  ,-3.60  ,-6.47  ,-7.37  ,-3.88  ,-5.10  ,-5.09  ,-3.90  ,-2.77  ,-2.39  ,-3.03  ,-1.47  ,-3.89  ,-3.62  ,-1.93  ,-1.84  ,-5.23  ,-6.39  ,-0.81  ,-1.96  ,-0.36  ,-1.75  ,-1.01
202309  ,-7.09  ,-4.39  ,-4.38  ,-5.20  ,-5.86  ,-6.83  ,-3.83  ,-4.76  ,-6.35  ,-6.36  ,-5.34  ,-5.33  ,-4.51  ,-4.90  ,-6.62  ,-4.79  ,-5.32  ,-4.04  ,-3.89  ,-5.59  ,-4.48  ,-5.41  ,-4.26  ,-3.53  ,-4.79
202310  ,-8.14  ,-5.37  ,-4.88  ,-5.15  ,-8.69  ,-6.65  ,-3.48  ,-5.10  ,-5.26  ,-9.10  ,-6.59  ,-6.81  ,-4.53  ,-5.21  ,-7.37  ,-6.31  ,-4.72  ,-3.74  ,-4.32  ,-6.89  ,-1.95  ,-1.64  ,-2.57   ,0.35  ,-5.32
202311   ,9.24   ,8.36   ,8.90   ,6.85   ,6.96  ,12.20   ,7.53   ,6.01   ,8.83  ,10.21   ,8.79   ,8.51   ,8.99   ,9.16   ,7.82  ,10.07  ,10.35   ,7.56   ,9.42  ,10.22   ,6.54   ,9.11   ,7.27   ,9.72  ,14.27
202312  ,13.66  ,10.27  ,11.09  ,11.20  ,11.88  ,12.29   ,8.71   ,8.24  ,11.36  ,14.85   ,7.56   ,9.15   ,7.48   ,9.14  ,12.33   ,7.10   ,5.57   ,6.22   ,5.21  ,10.44   ,5.67   ,2.91   ,4.44   ,3.86   ,5.46
202401  ,-3.71  ,-4.22  ,-3.10  ,-2.14  ,-3.23  ,-3.69  ,-2.69  ,-3.64  ,-4.15  ,-4.88  ,-1.55  ,-1.28  ,-0.51  ,-1.67  ,-3.32  ,-1.70  ,-0.36  ,-0.93  ,-1.63  ,-1.87   ,2.13   ,0.36   ,2.02   ,2.83   ,3.84
202402   ,7.66   ,2.48   ,2.51   ,2.51   ,5.55   ,4.68   ,2.38   ,2.57   ,4.21   ,3.23   ,3.95   ,6.86   ,5.54   ,5.05   ,8.12   ,3.50   ,5.71   ,4.71   ,4.53   ,8.65   ,4.00   ,2.79   ,2.93   ,6.85  ,10.76
202403   ,3.01   ,3.65   ,3.81   ,3.22   ,3.03   ,6.19   ,3.96   ,4.37   ,3.72   ,2.19   ,4.61   ,5.56   ,4.74   ,4.37   ,4.99   ,4.24   ,4.01   ,4.98   ,4.49   ,3.23   ,4.06   ,1.42   ,4.65   ,2.45   ,3.30
202404  ,-6.35  ,-5.47  ,-3.29  ,-5.51  ,-6.56  ,-8.63  ,-5.31  ,-4.43  ,-5.33  ,-6.67  ,-7.38  ,-6.60  ,-4.22  ,-3.94  ,-7.54  ,-6.64  ,-3.93  ,-4.03  ,-2.05  ,-6.13  ,-4.56  ,-2.54  ,-1.40  ,-6.00  ,-4.50
202405   ,3.52   ,4.78   ,3.42   ,5.55   ,6.22   ,6.53   ,4.53   ,2.58   ,5.99   ,6.20   ,4.80   ,3.31   ,3.21   ,4.27   ,2.86   ,4.01   ,2.58   ,1.83   ,3.57   ,0.13   ,2.33   ,5.61   ,2.41   ,4.96   ,9.76
202406  ,-3.43  ,-1.96  ,-1.90  ,-1.70  ,-2.30  ,-1.08  ,-1.03  ,-1.50  ,-2.54   ,0.88  ,-1.04  ,-2.29  ,-1.23  ,-1.95  ,-1.45   ,0.33  ,-1.09  ,-1.26  ,-1.94  ,-0.71   ,4.30   ,3.50   ,0.94   ,4.52   ,7.54
202407   ,9.73  ,10.75   ,9.31   ,9.67   ,8.43   ,6.94   ,7.83   ,9.58   ,8.92   ,6.89   ,4.63   ,7.08   ,3.90   ,7.51   ,3.14   ,2.57   ,4.74   ,6.16   ,4.31   ,3.56  ,-0.41   ,3.23   ,3.47  ,-1.15  ,-0.62
202408  ,-1.77  ,-2.14  ,-1.10  ,-2.98  ,-1.86  ,-0.51   ,0.00  ,-0.85   ,0.08  ,-1.90   ,0.85   ,0.81   ,1.82  ,-1.61   ,2.35   ,1.96   ,1.70   ,2.73   ,1.51   ,3.98   ,3.55   ,2.23   ,3.64   ,0.69   ,5.03
202409   ,1.23   ,0.07  ,-0.21   ,0.89   ,0.22   ,3.30   ,2.68   ,1.14   ,1.08   ,0.21   ,1.81   ,2.17   ,0.91   ,1.27   ,2.35   ,2.89   ,3.35   ,2.20   ,2.19   ,3.05   ,1.72   ,1.53   ,1.39   ,1.71   ,4.91
202410  ,-1.14  ,-0.68  ,-2.48  ,-0.96   ,0.89  ,-2.68  ,-0.69  ,-1.06  ,-2.83  ,-0.70  ,-2.26  ,-1.11   ,0.07  ,-0.69   ,1.20   ,1.00  ,-1.78  ,-0.40  ,-0.13  ,-0.21   ,3.00  ,-1.85  ,-0.07  ,-1.79  ,-1.47
202411  ,11.40   ,9.06   ,9.76  ,11.15   ,8.00   ,7.82   ,8.07  ,11.72   ,9.74  ,10.67   ,8.77   ,8.21   ,7.04   ,8.14   ,8.81   ,6.78   ,6.34   ,7.25   ,8.15  ,11.02   ,4.72   ,4.75   ,8.28   ,5.82   ,9.42
202412  ,-5.15  ,-7.11  ,-6.35  ,-6.40  ,-7.28  ,-8.32  ,-7.39  ,-7.02  ,-6.63  ,-8.92  ,-4.16  ,-6.84  ,-7.12  ,-7.12  ,-7.57  ,-7.24  ,-6.06  ,-7.64  ,-5.77  ,-8.31  ,-4.40   ,1.19  ,-5.78  ,-1.04  ,-1.16
202501   ,1.23   ,2.47   ,3.05   ,2.38   ,0.39   ,3.70   ,2.02   ,4.54   ,2.54   ,4.77   ,4.71   ,5.30   ,5.48   ,4.70   ,2.41   ,4.71   ,4.05   ,2.89   ,3.16   ,6.29  ,-1.34  ,-0.54   ,6.52   ,4.92   ,6.88
202502  ,-7.78  ,-4.08  ,-3.31  ,-5.97  ,-6.60  ,-3.99  ,-2.04  ,-6.58  ,-2.82  ,-5.06  ,-3.27  ,-5.20  ,-3.38  ,-3.48  ,-7.14  ,-3.04  ,-1.41   ,0.82  ,-4.52  ,-3.91   ,3.62   ,0.74   ,0.23  ,-5.03  ,-4.23
202503  ,-7.82  ,-5.63  ,-6.59  ,-7.06  ,-5.26  ,-7.42  ,-5.16  ,-4.69  ,-2.70  ,-7.81  ,-5.81  ,-3.57  ,-5.82  ,-4.89  ,-5.74  ,-5.49  ,-2.76  ,-2.51  ,-4.71  ,-3.83  ,-7.62  ,-5.12  ,-3.82  ,-5.16  ,-9.64
202504  ,-1.43  ,-2.22  ,-0.61  ,-0.47   ,0.14  ,-2.42  ,-2.90  ,-2.73  ,-1.46  ,-0.46  ,-1.84  ,-1.70  ,-0.23  ,-1.54  ,-1.48  ,-1.70  ,-0.68  ,-1.85  ,-2.82   ,5.39  ,-0.47  ,-2.16  ,-0.91   ,0.32   ,3.70
202505   ,7.07   ,5.18   ,5.73   ,6.76   ,6.81   ,4.79   ,5.49   ,6.09   ,3.83   ,5.90   ,6.18   ,4.54   ,5.82   ,5.40   ,7.62   ,8.29   ,4.06   ,4.42   ,4.59   ,8.90  ,10.61   ,3.26   ,4.57   ,7.15   ,7.46
202506   ,6.10   ,4.53   ,6.04   ,5.71   ,7.15   ,5.41   ,4.59   ,5.79   ,3.69   ,5.38   ,5.30   ,3.00   ,3.18   ,3.13   ,3.64   ,4.41   ,3.27   ,2.90   ,2.91   ,7.57   ,7.60   ,5.10   ,4.41   ,4.13   ,6.32
202507   ,1.32   ,0.53   ,1.35   ,0.96   ,3.33   ,1.44   ,1.87   ,1.75   ,0.97   ,2.36   ,0.81   ,0.78   ,0.17   ,1.24   ,7.04   ,1.33   ,1.86   ,2.77   ,1.70   ,1.71   ,0.43  ,-0.41   ,1.57  ,-0.37   ,5.83
202508  ,10.38   ,7.92  ,10.51   ,6.71   ,6.42   ,7.24   ,5.35   ,6.32   ,5.82   ,4.25   ,1.90   ,2.21   ,3.89   ,3.34   ,1.48   ,2.74   ,4.88   ,3.14   ,2.10   ,0.13   ,3.19   ,2.83   ,4.55   ,6.42  ,-2.22
202509   ,2.67  ,-0.05  ,-0.13   ,0.69   ,8.29   ,2.83  ,-0.05   ,0.27   ,2.65   ,5.06   ,0.12   ,2.43   ,1.50  ,-1.25   ,2.28   ,2.73   ,0.04   ,0.73   ,0.82   ,0.18  ,-0.28   ,1.93   ,6.64   ,8.35   ,3.11
202510   ,0.83  ,-0.24  ,-0.49  ,-1.39   ,7.13   ,3.34  ,-0.70  ,-2.62   ,0.77   ,0.75  ,-0.65   ,1.39  ,-0.62  ,-0.57   ,2.66  ,-0.02   ,0.28  ,-1.33  ,-0.80  ,-0.43  ,-0.72   ,2.09   ,1.82   ,2.90   ,4.03
