Date,SMALL LoBM,ME1 BM2,ME1 BM3,ME1 BM4,SMALL HiBM,ME2 BM1,ME2 BM2,ME2 BM3,ME2 BM4,ME2 BM5,ME3 BM1,ME3 BM2,ME3 BM3,ME3 BM4,ME3 BM5,ME4 BM1,ME4 BM2,ME4 BM3,ME4 BM4,ME4 BM5,BIG LoBM,ME5 BM2,ME5 BM3,ME5 BM4,BIG HiBM
199007  ,-4.62  ,-1.96  ,-3.63  ,-1.66  ,-3.68  ,-4.77  ,-5.13  ,-1.90  ,-3.59  ,-3.27  ,-4.32  ,-3.67  ,-2.65  ,-1.82  ,-4.60  ,-1.72  ,-1.35  ,-0.80  ,-2.64  ,-2.72  ,-0.86  ,-0.37   ,1.71  ,-0.42  ,-3.26
199008 ,-13.75 ,-15.67 ,-10.88  ,-9.86 ,-11.50 ,-12.42 ,-13.44 ,-12.32 ,-10.70  ,-9.74 ,-13.35 ,-12.50 ,-11.86  ,-9.01  ,-9.01 ,-10.03 ,-10.71  ,-8.51 ,-10.35  ,-8.64  ,-7.92  ,-9.41  ,-7.66  ,-8.08 ,-10.80
199009 ,-10.08  ,-9.15  ,-8.98  ,-6.59  ,-8.02  ,-9.86  ,-9.61  ,-7.28  ,-6.69  ,-7.72 ,-10.27  ,-8.12  ,-7.73  ,-6.43  ,-9.24  ,-5.45  ,-6.79  ,-4.89  ,-5.82  ,-8.91  ,-5.26  ,-3.55  ,-3.87  ,-3.73 ,-10.22
199010  ,-5.02  ,-7.11  ,-4.83  ,-5.25  ,-6.18  ,-5.33  ,-3.99  ,-6.19  ,-4.53  ,-6.30  ,-4.31  ,-4.32  ,-5.12  ,-4.72  ,-6.77  ,-3.39  ,-1.65  ,-1.63  ,-1.79  ,-3.44   ,1.72  ,-0.86  ,-1.55  ,-0.69  ,-2.98
199011   ,6.89   ,5.43   ,5.19   ,2.79   ,3.56  ,11.79   ,8.57   ,5.62   ,6.93   ,4.76  ,10.16   ,8.12   ,7.96   ,5.85   ,6.87   ,8.78   ,8.14   ,6.72   ,6.68   ,5.90   ,6.33   ,6.14   ,5.66   ,7.55   ,7.10
199012   ,4.56   ,5.08  ,-0.02   ,1.25   ,1.65   ,5.07   ,4.08   ,4.33   ,5.01   ,4.23   ,6.95   ,6.90   ,4.45   ,4.08   ,3.49   ,4.97   ,5.49   ,2.72   ,4.70   ,4.01   ,3.02   ,2.91   ,2.61   ,2.06   ,3.09
199101  ,11.34   ,9.70   ,8.38   ,5.94  ,10.18   ,6.68   ,6.70   ,6.55   ,5.72   ,6.43   ,7.67   ,8.22   ,8.01   ,4.76   ,5.99   ,7.07   ,6.19   ,4.09   ,5.57   ,6.10   ,5.01   ,3.66   ,2.36   ,4.89   ,7.99
199102  ,16.75  ,14.52  ,12.36  ,11.27  ,13.07  ,12.44  ,11.06  ,10.66  ,10.88  ,11.39  ,10.75  ,11.67  ,10.63   ,7.32  ,10.69  ,10.28   ,8.85   ,8.07   ,8.06   ,9.04   ,8.70   ,5.98   ,5.75   ,5.29   ,8.96
199103  ,13.15   ,8.14   ,7.88   ,5.03   ,6.60  ,10.86   ,5.22   ,5.11   ,4.94   ,6.14   ,7.64   ,3.76   ,4.20   ,1.29   ,5.55   ,6.28   ,3.81   ,1.25   ,1.94   ,4.25   ,4.29   ,2.84   ,1.65  ,-0.80   ,1.60
199104  ,-1.25   ,1.18  ,-0.83   ,1.88   ,1.66  ,-1.53  ,-1.07   ,0.08  ,-0.07   ,1.37  ,-0.13  ,-1.97   ,2.16   ,1.08   ,3.45  ,-2.06  ,-1.82   ,1.41   ,2.20   ,2.11   ,0.37  ,-0.83   ,1.57  ,-0.34   ,1.03
199105   ,5.62   ,5.03   ,6.01   ,3.16   ,3.35   ,4.45   ,4.78   ,5.31   ,5.26   ,2.92   ,3.90   ,5.10   ,5.65   ,4.40   ,2.52   ,4.86   ,4.41   ,1.54   ,5.67   ,5.27   ,3.98   ,3.58   ,3.36   ,4.18   ,7.04
199106  ,-7.22  ,-3.46  ,-3.80  ,-2.29  ,-3.19  ,-2.50  ,-5.08  ,-3.39  ,-2.62  ,-4.14  ,-4.25  ,-6.53  ,-3.02  ,-1.27  ,-2.62  ,-3.36  ,-4.53  ,-3.90  ,-4.25  ,-2.36  ,-4.54  ,-4.50  ,-4.01  ,-4.56  ,-5.52
199107   ,2.80   ,4.31   ,3.63   ,3.22   ,2.98   ,4.62   ,4.56   ,1.58   ,3.32   ,2.18   ,5.80   ,4.54   ,2.78   ,2.99   ,4.66   ,7.98   ,2.49   ,2.49   ,3.26   ,3.69   ,7.14   ,2.88   ,4.22   ,4.44   ,3.15
199108   ,4.60   ,3.77   ,2.84   ,3.72   ,1.97   ,3.76   ,4.26   ,2.78   ,2.64   ,2.97   ,6.30   ,4.19   ,2.54   ,2.15   ,4.44   ,2.14   ,2.65   ,2.70   ,2.29   ,1.74   ,4.30   ,1.64   ,1.39   ,1.85   ,2.07
199109   ,5.78   ,3.92   ,2.64   ,0.76  ,-0.69   ,0.38  ,-0.15   ,1.12   ,0.52  ,-0.62   ,0.80  ,-1.48  ,-0.11   ,0.37  ,-3.21  ,-0.48  ,-2.29  ,-0.80   ,0.28  ,-3.05  ,-2.21  ,-1.75  ,-0.51   ,0.23  ,-2.32
199110   ,8.42   ,6.39   ,5.62   ,3.60   ,1.98   ,0.83   ,1.25   ,3.27   ,1.78   ,2.44   ,2.74   ,0.73   ,2.20   ,3.33   ,3.83   ,4.52   ,0.72   ,1.51   ,3.00   ,3.39   ,2.19   ,0.82   ,1.36   ,2.62   ,1.78
199111  ,-2.83  ,-2.19  ,-4.39  ,-2.08  ,-2.99  ,-3.10  ,-6.05  ,-6.19  ,-2.60  ,-6.40  ,-4.13  ,-3.65  ,-5.27  ,-3.97  ,-6.11  ,-2.46  ,-3.91  ,-3.85  ,-2.59  ,-4.76  ,-0.55  ,-5.08  ,-4.71  ,-4.54  ,-7.22
199112   ,7.24   ,7.01   ,6.24   ,2.20   ,4.40  ,10.74   ,8.73   ,5.95   ,5.86   ,6.61  ,14.25   ,9.24   ,7.95   ,6.40   ,7.48  ,12.85   ,9.27   ,7.09   ,7.79   ,8.68  ,15.36  ,10.67   ,6.80   ,8.31   ,9.51
199201  ,13.38  ,16.03   ,9.92   ,8.39  ,13.48   ,7.86   ,5.34   ,5.45   ,5.77   ,8.23   ,2.23   ,4.56   ,4.48   ,4.71   ,8.98  ,-2.51   ,2.41   ,0.07   ,2.47   ,4.77  ,-3.46  ,-1.64  ,-2.39  ,-0.93   ,3.25
199202  ,-1.36   ,1.17   ,5.08   ,2.87   ,7.63  ,-0.92   ,2.32   ,2.66   ,1.88   ,5.30  ,-1.34   ,4.14   ,0.82   ,1.75   ,6.50  ,-1.44   ,1.84   ,0.88   ,2.91   ,3.06   ,0.29  ,-0.49   ,0.26   ,2.10   ,7.28
199203  ,-8.37  ,-5.53  ,-3.78  ,-1.26  ,-0.82  ,-9.70  ,-5.20  ,-3.16  ,-1.54  ,-1.11  ,-5.72  ,-3.39  ,-0.91  ,-2.25  ,-0.89  ,-6.14  ,-2.40  ,-1.82  ,-3.23  ,-1.67  ,-3.07  ,-2.50  ,-1.38  ,-0.18  ,-1.97
199204  ,-8.95  ,-7.32  ,-1.36  ,-4.36  ,-2.55  ,-6.81  ,-6.20  ,-2.75  ,-2.60  ,-1.90  ,-4.97  ,-1.97  ,-2.10  ,-1.64   ,0.83  ,-5.29  ,-0.22   ,0.59   ,0.12   ,2.27  ,-0.49   ,4.36   ,5.06   ,2.29   ,4.80
199205  ,-2.70   ,0.09   ,1.49   ,0.97   ,0.99  ,-0.67   ,0.73   ,1.97   ,1.43   ,1.58  ,-1.78  ,-1.16  ,-0.17   ,0.51   ,2.15   ,2.07   ,0.93   ,1.60   ,0.38  ,-0.76   ,1.23  ,-0.16   ,0.95   ,0.72  ,-0.32
199206  ,-6.34  ,-7.79  ,-3.37  ,-3.39  ,-3.28  ,-6.43  ,-4.53  ,-4.13  ,-2.51  ,-2.90  ,-6.56  ,-4.36  ,-2.64  ,-2.19  ,-1.67  ,-2.61  ,-2.18  ,-2.16  ,-0.55  ,-1.96  ,-2.99  ,-0.55  ,-1.22  ,-1.88   ,1.15
199207   ,2.47  ,-1.22   ,3.80   ,1.79   ,3.43   ,0.34   ,4.54   ,4.06   ,3.37   ,3.29   ,4.30   ,3.22   ,4.24   ,3.50   ,4.49   ,5.54   ,4.26   ,5.57   ,3.86   ,1.50   ,4.84   ,3.76   ,5.10   ,3.40   ,1.08
199208  ,-4.34  ,-2.88  ,-2.13   ,1.05  ,-2.67  ,-6.34  ,-2.75  ,-0.69   ,0.32  ,-1.54  ,-5.09  ,-1.85  ,-2.99  ,-1.10  ,-3.39  ,-2.03  ,-1.84  ,-2.20  ,-1.27  ,-3.09  ,-0.43  ,-1.63  ,-2.17  ,-2.70  ,-5.52
199209   ,0.47  ,-0.35   ,2.66   ,1.17   ,0.77   ,1.62   ,3.09   ,3.48   ,1.35   ,0.70   ,2.36   ,1.92   ,1.17   ,1.47   ,0.42   ,0.47   ,2.00   ,0.72   ,0.01  ,-0.13   ,0.26   ,3.22   ,0.89  ,-0.25   ,0.41
199210   ,3.52   ,3.29   ,2.51   ,2.09   ,1.75   ,4.34   ,5.30   ,2.38   ,1.44   ,0.21   ,5.10   ,4.81   ,3.25   ,1.45   ,1.49   ,6.11   ,1.41   ,1.04   ,1.26   ,2.21   ,1.77   ,1.00   ,0.20  ,-1.73   ,0.75
199211  ,10.93  ,11.30   ,9.76   ,7.24   ,6.41  ,11.17   ,9.58   ,5.69   ,5.15   ,2.96  ,10.87   ,5.80   ,4.68   ,4.12   ,4.28   ,7.14   ,4.33   ,2.06   ,2.73   ,1.70   ,3.39   ,5.09   ,1.02   ,1.66   ,5.85
199212   ,2.63   ,2.54   ,2.77   ,5.90   ,5.41   ,1.21   ,2.27   ,3.08   ,3.01   ,5.77   ,3.14   ,6.33   ,3.92   ,3.04   ,5.35   ,1.53   ,2.61   ,2.56   ,3.38   ,3.70  ,-0.79   ,3.20   ,2.36   ,0.32   ,3.24
199301   ,2.36   ,2.16   ,4.96   ,3.16   ,7.85  ,-0.71   ,1.65   ,2.13   ,4.27   ,5.92  ,-1.69   ,2.49   ,3.25   ,2.73   ,3.45  ,-0.85   ,1.40   ,1.71   ,2.30   ,2.11  ,-2.47   ,1.70   ,0.25   ,1.64   ,5.81
199302  ,-7.26  ,-5.59  ,-3.45   ,0.33   ,0.84  ,-7.03  ,-5.59  ,-0.52   ,1.37   ,3.39  ,-7.88  ,-2.52   ,0.89   ,1.91   ,2.34  ,-7.18  ,-0.92   ,3.02   ,2.48   ,2.76  ,-3.02   ,1.59   ,4.28   ,4.97   ,2.04
199303   ,0.28   ,2.27   ,4.32   ,5.14   ,5.46   ,1.74   ,2.41   ,2.93   ,4.05   ,3.57   ,3.77   ,4.04   ,1.58   ,4.70   ,5.26   ,4.46   ,3.10   ,4.18   ,4.17   ,5.01   ,0.62   ,2.47   ,3.07   ,2.59   ,2.88
199304  ,-4.06  ,-2.92  ,-2.81  ,-2.23  ,-1.03  ,-2.99  ,-1.75  ,-3.20  ,-1.57  ,-1.57  ,-4.14  ,-3.35  ,-2.04  ,-0.63  ,-2.85  ,-2.98  ,-4.48   ,0.38  ,-1.41  ,-0.96  ,-5.91  ,-2.76  ,-0.16   ,0.59  ,-1.43
199305   ,4.19   ,4.57   ,6.30   ,3.62   ,4.25   ,7.57   ,5.19   ,4.32   ,4.03   ,2.92   ,8.99   ,5.66   ,3.11   ,3.55   ,2.72   ,7.02   ,4.04   ,3.33   ,2.05   ,2.30   ,3.70   ,3.64   ,1.51   ,2.16   ,0.54
199306  ,-1.00  ,-0.85   ,0.00   ,2.61   ,1.42   ,1.37   ,1.64   ,1.30   ,0.51   ,2.41  ,-0.38   ,2.78   ,2.40   ,2.20   ,0.22   ,0.08   ,0.34   ,0.58   ,2.48   ,1.91  ,-2.32   ,0.61   ,0.78   ,1.61   ,3.29
199307  ,-2.28  ,-0.03   ,0.00   ,1.34   ,2.52  ,-0.94  ,-0.12  ,-0.49   ,0.68   ,3.47   ,0.62  ,-0.57   ,0.22   ,1.90  ,-0.67  ,-1.34   ,0.66  ,-1.01   ,1.58   ,0.31  ,-3.32   ,0.09   ,0.79   ,2.31  ,-0.30
199308   ,3.45   ,3.42   ,5.27   ,3.18   ,3.89   ,4.14   ,5.60   ,3.01   ,3.82   ,3.78   ,3.07   ,5.76   ,4.93   ,3.50   ,3.87   ,4.45   ,4.61   ,4.81   ,4.97   ,2.89   ,3.54   ,3.43   ,3.69   ,3.78   ,3.69
199309  ,-0.85   ,0.77   ,2.89   ,2.46   ,3.00   ,3.94   ,4.30   ,0.23   ,2.03   ,1.26   ,3.14   ,2.38   ,1.06   ,3.36   ,1.00   ,1.76   ,1.04   ,1.00  ,-1.00  ,-0.81  ,-1.58  ,-1.02  ,-0.24   ,0.03   ,0.80
199310   ,7.34   ,5.80   ,5.48   ,3.86   ,4.51   ,3.49   ,3.97   ,3.78   ,1.81   ,3.89   ,3.95   ,2.95   ,0.59   ,0.52   ,1.66   ,2.22   ,2.28  ,-0.04  ,-0.28   ,1.61   ,5.50   ,1.09   ,0.90  ,-0.70   ,0.29
199311  ,-3.32  ,-3.55  ,-2.04  ,-1.95  ,-2.14  ,-3.73  ,-2.43  ,-2.04  ,-3.29  ,-2.84  ,-2.74  ,-4.24  ,-2.90  ,-2.58  ,-1.68  ,-2.84  ,-3.07  ,-2.84  ,-3.90  ,-1.87   ,1.57  ,-1.93  ,-2.21  ,-3.28  ,-0.83
199312   ,1.03   ,1.88   ,1.48   ,2.39   ,1.43   ,0.71   ,3.45   ,4.00   ,4.36   ,3.10   ,3.20   ,4.87   ,5.31   ,4.49   ,3.59   ,3.80   ,5.26   ,4.71   ,4.38   ,2.81   ,0.54   ,2.06   ,0.85   ,1.40   ,2.74
199401   ,5.09   ,4.95   ,5.70   ,4.35   ,5.77   ,0.67   ,2.42   ,2.54   ,3.37   ,4.59   ,2.95   ,0.18   ,1.31   ,0.77   ,5.04   ,2.89   ,2.36   ,2.89   ,1.15   ,4.82   ,1.26   ,4.32   ,4.77   ,2.30   ,4.86
199402  ,-3.13  ,-0.48   ,1.66  ,-1.37  ,-0.66  ,-1.46  ,-0.60   ,1.29  ,-1.68  ,-1.34  ,-1.57   ,0.56   ,0.66   ,0.98  ,-2.10  ,-0.51  ,-1.06  ,-1.13  ,-1.83  ,-1.80  ,-2.35  ,-1.86  ,-2.21  ,-4.59  ,-4.63
199403  ,-5.85  ,-5.95  ,-6.33  ,-4.08  ,-3.23  ,-6.96  ,-7.12  ,-4.74  ,-4.25  ,-4.67  ,-6.02  ,-4.15  ,-5.16  ,-4.43  ,-3.51  ,-5.77  ,-5.41  ,-4.14  ,-4.13  ,-2.80  ,-5.02  ,-4.11  ,-3.30  ,-4.17  ,-4.42
199404  ,-6.07  ,-1.00  ,-0.50  ,-0.75   ,0.28  ,-3.10  ,-0.21   ,1.28   ,0.43   ,1.50  ,-0.35   ,0.55   ,1.52  ,-0.51   ,2.01  ,-2.42   ,1.10   ,1.12   ,1.50   ,0.69   ,1.37   ,0.05   ,1.39   ,2.61   ,0.40
199405  ,-2.23  ,-1.70  ,-1.45  ,-0.40   ,0.55  ,-3.54  ,-3.47  ,-0.00  ,-1.96   ,0.99  ,-1.68  ,-2.28  ,-0.60  ,-1.27  ,-0.04  ,-2.83  ,-0.17   ,0.04  ,-0.87  ,-0.12   ,0.83   ,3.04   ,1.16   ,0.30   ,3.11
199406  ,-5.46  ,-4.54  ,-4.42  ,-4.63  ,-1.05  ,-6.95  ,-6.15  ,-2.38  ,-2.24  ,-2.14  ,-4.54  ,-2.78  ,-2.52  ,-2.82  ,-3.33  ,-5.16  ,-3.64  ,-2.99  ,-1.32  ,-2.59  ,-3.12  ,-2.72  ,-2.30  ,-1.80  ,-3.36
199407   ,0.97   ,0.06   ,1.03  ,-0.11   ,1.66   ,1.26   ,1.32   ,0.75   ,1.77   ,1.33   ,2.64   ,1.67   ,2.30   ,1.62   ,3.70   ,3.43   ,3.09   ,1.79   ,5.27   ,3.78   ,2.44   ,2.97   ,3.58   ,4.63   ,3.06
199408   ,2.86   ,3.07   ,5.27   ,2.43   ,2.62   ,6.54   ,4.97   ,5.88   ,2.34   ,3.73  ,11.89   ,5.92   ,6.09   ,4.54   ,3.73   ,8.34   ,6.13   ,5.02   ,2.92   ,5.02   ,5.85   ,3.60   ,3.64   ,2.90   ,4.24
199409   ,2.08   ,2.78   ,2.56   ,1.98   ,1.74   ,0.97   ,1.05   ,0.61   ,0.67   ,0.60  ,-0.98   ,0.01  ,-1.08   ,0.53  ,-1.47   ,0.99  ,-1.78  ,-0.15  ,-1.72  ,-1.40  ,-0.16  ,-2.70  ,-3.51  ,-2.59  ,-4.61
199410  ,-0.74   ,2.10  ,-0.17  ,-0.44   ,0.81   ,0.09  ,-0.29   ,0.23   ,0.05  ,-1.49   ,2.35   ,0.33  ,-0.76  ,-1.11  ,-2.73   ,2.60   ,0.22   ,0.89  ,-0.52  ,-1.65   ,1.76   ,1.91   ,2.38   ,3.00   ,1.50
199411  ,-4.11  ,-3.84  ,-3.48  ,-3.76  ,-3.37  ,-3.98  ,-4.32  ,-3.99  ,-3.53  ,-3.93  ,-3.01  ,-4.57  ,-3.78  ,-4.19  ,-5.21  ,-6.34  ,-5.97  ,-4.47  ,-4.34  ,-4.68  ,-1.49  ,-4.70  ,-4.08  ,-2.96  ,-5.13
199412  ,-3.51  ,-2.87  ,-0.73  ,-0.82  ,-0.86   ,2.49   ,1.36   ,3.04   ,1.38   ,0.77   ,2.37   ,2.50   ,2.33   ,2.51   ,2.56   ,2.07   ,1.45   ,0.35   ,1.87   ,2.44   ,1.07   ,2.10   ,1.67   ,0.71   ,0.11
199501   ,0.69   ,3.07   ,1.17   ,2.67   ,2.18  ,-1.33  ,-0.42  ,-0.21  ,-0.20   ,1.06  ,-4.35  ,-2.45  ,-1.65  ,-1.60  ,-0.83  ,-0.70  ,-0.78  ,-0.45   ,0.46   ,1.66   ,2.39   ,1.94   ,2.34   ,2.96   ,4.30
199502   ,4.13   ,2.23   ,2.80   ,4.08   ,2.98   ,2.26   ,3.20   ,2.46   ,2.23   ,4.73   ,3.70   ,4.66   ,3.60   ,2.25   ,4.21   ,6.11   ,5.75   ,4.79   ,4.17   ,5.55   ,3.20   ,4.36   ,4.62   ,2.42   ,5.83
199503   ,3.10   ,2.27   ,2.64   ,2.01   ,1.14   ,2.31   ,3.52   ,2.67   ,1.84   ,1.72   ,4.78   ,1.94   ,3.23   ,1.17   ,2.27   ,3.21   ,4.08   ,3.32   ,2.25   ,1.44   ,3.22   ,2.69   ,3.48   ,2.57   ,1.02
199504   ,4.72   ,2.77   ,4.51   ,2.20   ,4.21   ,1.14   ,2.37   ,4.28   ,2.34   ,2.65  ,-1.54   ,2.17   ,2.82   ,2.81   ,3.38   ,1.81  ,-0.11   ,3.38   ,2.95   ,2.66   ,1.92   ,3.29   ,2.44   ,2.90   ,3.74
199505   ,3.54   ,1.31   ,1.62   ,1.33   ,3.58   ,2.20   ,1.79   ,1.94   ,1.70   ,1.86   ,0.79  ,-1.25   ,1.13   ,1.25   ,2.85   ,2.47   ,2.08   ,1.74   ,2.82   ,3.22   ,3.85   ,2.92   ,3.38   ,5.01   ,5.97
199506   ,7.10   ,7.97   ,7.98   ,5.35   ,5.36   ,8.44   ,7.70   ,4.60   ,3.62   ,3.91   ,8.20   ,4.07   ,3.27   ,3.21   ,2.13   ,8.39   ,2.68   ,3.87   ,2.53   ,3.91   ,3.54   ,2.51   ,2.41   ,0.59   ,1.80
199507   ,6.84   ,7.64   ,5.67   ,4.55   ,4.87   ,9.84   ,5.30   ,5.51   ,4.09   ,3.50  ,10.34   ,6.14   ,3.33   ,4.60   ,4.42   ,9.28   ,5.86   ,5.32   ,4.12   ,4.15   ,2.75   ,3.61   ,4.48   ,2.76   ,3.48
199508   ,4.68   ,4.75   ,4.12   ,4.13   ,3.82   ,0.11   ,1.54   ,2.36   ,2.75   ,2.92   ,2.00   ,1.60   ,0.29   ,2.34   ,3.30   ,0.63  ,-0.51   ,0.43   ,1.58   ,2.77   ,0.19  ,-0.14   ,0.36   ,1.26   ,3.69
199509   ,3.00   ,2.93   ,1.30   ,0.99   ,2.38   ,3.41   ,2.63   ,1.52   ,1.78   ,2.79   ,2.75   ,2.14   ,2.11   ,2.78   ,1.24   ,3.76   ,0.90   ,1.07   ,1.50   ,1.71   ,5.87   ,3.14   ,2.66   ,4.50   ,5.01
199510  ,-5.37  ,-4.63  ,-6.04  ,-5.36  ,-3.19  ,-6.99  ,-4.85  ,-6.21  ,-3.47  ,-4.45  ,-3.60  ,-4.63  ,-5.33  ,-4.93  ,-4.56   ,1.46  ,-4.14  ,-2.12  ,-1.67  ,-1.41   ,0.75   ,0.17  ,-0.69  ,-1.30  ,-2.49
199511   ,1.95   ,0.40   ,2.36   ,0.90   ,1.28   ,6.08   ,4.92   ,3.46   ,3.37   ,7.84   ,3.62   ,3.37   ,3.20   ,3.91   ,4.94   ,6.28   ,4.26   ,4.01   ,4.96   ,3.95   ,4.52   ,3.61   ,4.21   ,5.15   ,4.96
199512   ,2.27   ,2.99   ,3.68   ,1.45   ,1.12   ,3.47   ,3.49   ,1.90   ,3.50  ,-0.69   ,0.85   ,0.88   ,0.92   ,3.32   ,2.39   ,2.18  ,-0.27   ,0.14   ,1.29   ,2.29   ,0.00   ,2.33   ,2.71   ,1.99   ,1.10
199601   ,2.42   ,3.03   ,0.84   ,3.48   ,1.79   ,1.73  ,-0.25  ,-1.08  ,-0.02   ,0.21  ,-2.39   ,0.81   ,1.22   ,0.85   ,1.00  ,-0.70   ,1.40   ,1.79   ,2.02   ,0.89   ,4.03   ,2.83   ,3.75   ,2.56   ,4.03
199602   ,4.76   ,3.90   ,4.33   ,2.57   ,3.51   ,3.39   ,4.52   ,3.49   ,1.22   ,1.78   ,7.32   ,4.69   ,1.98   ,1.54   ,2.67   ,5.77   ,3.72   ,2.08   ,1.06   ,1.51   ,1.25   ,1.71   ,0.95   ,0.62   ,1.45
199603   ,4.26   ,2.84   ,3.74   ,4.61   ,2.70   ,1.54   ,1.89   ,2.71   ,2.40   ,1.63   ,1.22   ,2.78   ,2.97   ,1.80   ,3.43   ,3.33   ,3.91   ,1.64   ,2.08   ,1.63  ,-0.71   ,1.12   ,1.55   ,2.15   ,1.36
199604   ,9.80  ,11.44   ,8.47   ,7.38   ,5.36  ,11.06   ,8.70   ,6.18   ,4.46   ,4.31   ,7.60   ,5.75   ,4.00   ,2.60   ,4.05   ,6.59   ,3.07   ,4.65   ,2.86   ,0.42   ,1.71   ,2.90   ,1.88   ,0.72  ,-1.11
199605   ,8.45   ,7.46   ,6.17   ,8.19   ,5.93   ,6.94   ,5.63   ,3.39   ,4.34   ,5.19   ,5.03   ,3.29   ,3.95   ,1.80   ,3.69   ,2.84   ,2.28   ,1.30  ,-0.05   ,1.49   ,4.16   ,2.65   ,0.25   ,1.73   ,2.62
199606  ,-7.86  ,-6.92  ,-6.35  ,-4.43  ,-2.89  ,-7.77  ,-4.74  ,-4.13  ,-1.87  ,-1.86  ,-6.18  ,-5.58  ,-3.45  ,-1.34  ,-2.38  ,-6.24  ,-2.78  ,-1.90  ,-0.50   ,0.15   ,1.48  ,-0.50  ,-0.65   ,0.31   ,0.14
199607 ,-12.95 ,-12.46  ,-7.38  ,-6.58  ,-4.77 ,-17.11 ,-13.69  ,-8.91  ,-6.40  ,-4.99 ,-12.96 ,-10.68  ,-6.97  ,-5.15  ,-4.88 ,-10.20  ,-6.77  ,-5.60  ,-4.52  ,-4.68  ,-5.20  ,-5.56  ,-3.44  ,-4.34  ,-2.67
199608   ,4.30   ,6.59   ,4.77   ,4.49   ,3.99   ,8.24   ,5.60   ,5.23   ,5.08   ,5.19   ,8.34   ,8.51   ,5.89   ,5.30   ,5.02   ,7.22   ,6.35   ,4.73   ,6.68   ,4.70   ,1.00   ,2.48   ,3.37   ,3.88   ,2.95
199609   ,0.72   ,3.42   ,2.87   ,1.50   ,2.78   ,6.23   ,5.86   ,3.81   ,2.06   ,3.82   ,7.56   ,3.70   ,2.88   ,3.03   ,2.49   ,7.79   ,4.69   ,4.09   ,4.19   ,2.86   ,7.07   ,6.25   ,4.42   ,3.56   ,4.10
199610  ,-5.71  ,-3.53  ,-0.93   ,0.14   ,1.77  ,-5.32  ,-3.38  ,-0.00   ,2.38   ,2.31  ,-5.57  ,-4.68  ,-0.93   ,1.12   ,2.19  ,-4.78  ,-0.81   ,0.36   ,3.00   ,4.36   ,0.62   ,2.08   ,3.03   ,5.50   ,5.89
199611  ,-1.53   ,0.29   ,2.00   ,3.54   ,3.70   ,1.19   ,3.61   ,5.10   ,3.60   ,5.04   ,0.18   ,2.73   ,5.49   ,5.14   ,4.37   ,2.71   ,4.23   ,4.31   ,5.75   ,8.24   ,7.27   ,7.71   ,7.35   ,7.56   ,8.09
199612  ,-1.52   ,1.57   ,1.16   ,1.33   ,1.68   ,0.27   ,2.21   ,1.98   ,3.14   ,2.18   ,2.35  ,-0.95   ,2.11   ,1.44   ,1.21  ,-0.98  ,-0.37  ,-0.41   ,0.38   ,0.46  ,-1.62  ,-1.94  ,-1.32  ,-2.02  ,-2.33
199701   ,7.66   ,4.56   ,5.87   ,6.88   ,5.11   ,4.59   ,2.19   ,5.24   ,3.10   ,1.65   ,4.38   ,3.09   ,3.40   ,2.11   ,3.06   ,1.54   ,1.53   ,4.19   ,3.33   ,3.85   ,7.85   ,5.93   ,5.49   ,4.20   ,4.91
199702  ,-4.83  ,-4.08  ,-3.71   ,0.47   ,1.33  ,-5.25  ,-6.42  ,-4.56  ,-1.12  ,-0.08  ,-7.91  ,-3.55  ,-1.88   ,2.31   ,1.97  ,-5.86  ,-1.73   ,0.43  ,-0.04   ,1.71   ,0.65  ,-0.07  ,-1.66   ,1.57   ,4.03
199703  ,-9.14  ,-8.83  ,-5.28  ,-3.54  ,-2.41 ,-10.90  ,-9.12  ,-4.94  ,-3.83  ,-2.60  ,-8.50  ,-7.12  ,-3.48  ,-3.55  ,-1.37  ,-9.13  ,-2.66  ,-5.08  ,-2.52  ,-3.01  ,-6.46  ,-3.78  ,-1.33  ,-4.47  ,-5.63
199704  ,-5.64  ,-6.86  ,-4.29  ,-2.34  ,-1.96  ,-4.67  ,-4.06  ,-0.20  ,-0.53   ,0.06  ,-2.49  ,-1.52   ,1.18   ,2.95   ,0.54  ,-0.26   ,1.91   ,2.71   ,1.81   ,1.63   ,8.39   ,5.21   ,4.19   ,3.52   ,4.27
199705  ,10.87  ,11.81  ,10.49   ,9.04   ,7.59  ,16.74  ,17.35  ,12.95   ,9.89  ,10.03  ,16.66  ,14.32  ,11.05   ,7.88   ,8.14  ,12.78   ,9.12   ,7.50   ,7.52   ,6.73   ,7.01   ,6.26   ,6.51   ,4.93   ,6.06
199706   ,1.95   ,3.50   ,5.06   ,4.43   ,6.43   ,1.63   ,2.63   ,5.91   ,4.40   ,6.70   ,2.17   ,6.29   ,3.32   ,4.23   ,5.69   ,3.58   ,3.57   ,3.64   ,4.36   ,3.84   ,4.86   ,3.89   ,3.41   ,4.19   ,4.05
199707   ,3.15   ,4.94   ,5.35   ,6.28   ,6.00   ,3.89   ,4.97   ,5.82   ,4.22   ,4.13   ,4.89   ,8.62   ,5.06   ,5.83   ,5.86   ,7.05   ,6.95   ,7.50   ,7.33   ,6.35   ,7.44   ,8.53   ,8.99   ,8.61   ,8.59
199708   ,5.13   ,4.52   ,3.72   ,3.07   ,3.77   ,2.42   ,4.51   ,3.44   ,3.52   ,1.87   ,2.59   ,1.95   ,3.07   ,1.33   ,0.57   ,0.58   ,0.36   ,0.04   ,0.48  ,-1.00  ,-7.21  ,-4.93  ,-3.00  ,-5.37  ,-3.89
199709  ,10.34  ,10.95   ,9.91   ,8.96   ,9.34   ,8.99   ,6.87   ,9.28   ,7.61   ,7.45   ,7.55  ,10.20   ,6.09   ,7.77   ,6.95   ,4.51   ,7.26   ,6.05   ,5.74   ,5.03   ,4.43   ,5.65   ,5.50   ,7.25   ,6.33
199710  ,-6.12  ,-5.53  ,-3.34  ,-3.49  ,-1.37  ,-6.07  ,-4.83  ,-4.82  ,-2.46  ,-2.58  ,-6.66  ,-6.92  ,-5.19  ,-4.41  ,-2.77  ,-6.36  ,-4.78  ,-4.41  ,-3.61  ,-4.39  ,-2.38  ,-3.61  ,-4.87  ,-1.92  ,-2.30
199711  ,-6.13  ,-4.32  ,-4.35  ,-3.21  ,-1.20  ,-3.87  ,-3.29  ,-3.24  ,-1.17  ,-0.92  ,-4.83  ,-3.85  ,-2.96   ,0.44   ,0.68  ,-0.75  ,-2.04  ,-0.79   ,1.46   ,1.38   ,5.75   ,5.16   ,2.04   ,2.86   ,4.45
199712  ,-5.13  ,-3.29  ,-3.24  ,-1.26   ,0.61  ,-0.11  ,-2.54  ,-0.56   ,1.68   ,2.88   ,1.63   ,0.05   ,0.75   ,2.17   ,3.81  ,-3.72   ,1.42   ,2.81   ,3.70   ,4.01   ,0.71   ,2.84   ,1.53   ,3.30   ,4.02
199801  ,-1.46   ,0.01  ,-0.00  ,-1.57  ,-0.78   ,1.08  ,-4.22  ,-2.00  ,-1.87  ,-2.31   ,0.69  ,-3.73  ,-0.25  ,-2.67  ,-0.85   ,0.23  ,-2.31  ,-2.55  ,-1.47  ,-0.92   ,4.24   ,0.27  ,-1.72  ,-2.11   ,0.29
199802   ,5.98   ,6.96   ,5.70   ,5.72   ,6.25   ,9.38   ,8.36   ,9.05   ,6.65   ,6.18   ,7.23  ,11.39   ,7.30   ,7.44   ,6.83   ,8.42   ,8.34   ,8.76   ,6.34   ,7.10   ,6.96   ,6.69   ,7.85   ,8.80   ,7.73
199803   ,6.12   ,6.48   ,6.52   ,4.54   ,5.15   ,5.22   ,2.49   ,5.80   ,3.12   ,4.63   ,4.32   ,3.62   ,4.57   ,5.10   ,4.53   ,3.99   ,4.63   ,4.59   ,3.95   ,6.92   ,5.04   ,5.43   ,3.36   ,7.52   ,6.46
199804   ,2.53   ,1.49   ,3.33   ,2.95   ,2.85  ,-1.33   ,2.80   ,1.41   ,0.31   ,1.88   ,0.48   ,1.68   ,1.10   ,1.16   ,0.40   ,0.87   ,2.20   ,0.54  ,-0.42  ,-0.28   ,1.10   ,1.00   ,2.88   ,0.62   ,1.32
199805  ,-6.67  ,-5.96  ,-5.10  ,-3.69  ,-2.75  ,-8.85  ,-5.48  ,-6.50  ,-4.22  ,-2.79  ,-7.95  ,-6.67  ,-6.89  ,-5.48  ,-2.81  ,-6.18  ,-3.13  ,-4.24  ,-3.33  ,-2.79  ,-1.99  ,-1.64  ,-3.22  ,-0.97  ,-0.03
199806  ,-2.79   ,0.52  ,-0.41  ,-1.74  ,-2.04   ,2.55  ,-1.41  ,-0.77  ,-1.46   ,0.17  ,-0.61   ,0.44  ,-0.47  ,-0.91  ,-0.26   ,4.23   ,0.02  ,-1.21   ,0.60  ,-0.21   ,8.16   ,1.63   ,1.20   ,2.02   ,3.69
199807  ,-7.16  ,-8.50  ,-7.47  ,-6.24  ,-6.28  ,-7.29  ,-7.46  ,-7.90  ,-7.82  ,-7.97  ,-7.78  ,-8.32  ,-7.94  ,-7.47  ,-8.59  ,-6.76  ,-6.87  ,-5.13  ,-6.42  ,-5.86  ,-0.62   ,0.17  ,-1.16  ,-1.78  ,-4.42
199808 ,-28.58 ,-24.37 ,-21.46 ,-19.53 ,-18.83 ,-26.01 ,-23.23 ,-17.97 ,-17.79 ,-17.77 ,-22.11 ,-23.65 ,-19.96 ,-16.50 ,-17.73 ,-20.09 ,-18.90 ,-20.35 ,-17.42 ,-13.98 ,-12.58 ,-15.25 ,-18.43 ,-17.94 ,-14.45
199809   ,8.57   ,6.63   ,2.16   ,4.19   ,3.02  ,13.17   ,8.24   ,7.00   ,6.02   ,4.64  ,12.00   ,6.77   ,4.49   ,8.83   ,4.36   ,5.87   ,6.16   ,7.02   ,8.47   ,7.82   ,7.82   ,6.24   ,1.97   ,4.35   ,7.90
199810   ,3.10   ,4.79   ,1.47   ,2.20   ,1.13   ,4.74   ,8.01   ,4.08   ,4.06   ,2.61   ,4.86   ,3.79   ,6.65   ,3.33   ,4.88   ,7.66  ,10.43   ,7.84   ,6.37   ,3.44   ,7.52  ,10.45   ,7.24   ,8.02   ,6.48
199811  ,11.21   ,4.77   ,7.37   ,5.18   ,6.87  ,11.01   ,5.83   ,5.74   ,3.91   ,4.19  ,10.84   ,7.57   ,5.70   ,1.56   ,2.40   ,9.96   ,2.02   ,2.58   ,3.31   ,2.12   ,7.87   ,6.14   ,6.14   ,5.53   ,3.53
199812   ,3.73   ,5.71   ,1.67   ,2.65   ,0.76   ,7.95   ,6.96   ,3.48   ,3.29   ,4.67  ,12.94   ,6.86   ,6.89   ,3.39   ,3.30   ,9.23   ,6.49   ,4.57   ,3.10   ,2.82   ,8.19   ,8.45   ,0.75   ,3.12   ,4.56
199901   ,9.75   ,5.96   ,4.55   ,3.06   ,3.60   ,6.90   ,1.64   ,0.34  ,-1.97  ,-1.08   ,6.60   ,1.04   ,1.27  ,-2.40  ,-0.90   ,4.08  ,-1.95  ,-3.05  ,-3.13  ,-2.08   ,5.85   ,4.50   ,1.31   ,2.35   ,0.35
199902  ,-9.19  ,-4.22  ,-7.56  ,-5.42  ,-5.53  ,-8.26  ,-9.07  ,-8.96  ,-6.79  ,-8.72  ,-9.34  ,-6.63  ,-7.66  ,-6.60  ,-5.76  ,-6.55  ,-5.87  ,-2.44  ,-4.83  ,-3.68  ,-4.13  ,-3.55  ,-0.57  ,-1.14  ,-1.44
199903  ,-1.98  ,-5.05  ,-4.95  ,-2.62  ,-1.76   ,2.14   ,1.60  ,-0.19   ,0.22  ,-1.26   ,4.67   ,2.76   ,5.78   ,0.84   ,0.25   ,3.19   ,6.30   ,3.52   ,1.99   ,0.16   ,5.11   ,1.74   ,5.52   ,4.18   ,1.67
199904   ,7.11   ,8.59   ,8.68   ,8.59   ,9.65  ,11.68  ,11.67   ,7.82   ,7.33   ,8.32   ,6.85  ,11.27  ,12.30   ,9.36   ,9.16   ,7.03   ,6.40  ,12.42   ,9.01  ,11.49  ,-0.33   ,5.59  ,10.88   ,5.22   ,8.17
199905   ,1.04   ,1.60   ,4.90   ,3.25   ,2.88  ,-1.27  ,-0.58   ,2.85   ,3.17   ,2.77  ,-0.10   ,0.27  ,-1.03   ,1.11   ,1.90   ,1.91   ,0.96   ,0.03   ,1.01   ,0.47  ,-3.80   ,0.25  ,-2.31  ,-1.64  ,-1.54
199906   ,3.56   ,7.18   ,7.25   ,6.43   ,5.29   ,8.72   ,5.51   ,8.15   ,5.56   ,5.69   ,4.83   ,4.79   ,5.36   ,2.41   ,4.94   ,7.40   ,8.36   ,4.49   ,3.24   ,4.15   ,7.27   ,5.92   ,2.49   ,1.02   ,0.05
199907   ,3.85  ,-0.42   ,0.18   ,0.52   ,0.30  ,-2.79  ,-0.02  ,-1.08  ,-1.99  ,-2.15  ,-0.68  ,-3.26  ,-1.34  ,-0.38  ,-0.59  ,-3.81  ,-3.34  ,-2.88  ,-3.33  ,-2.48  ,-3.75  ,-1.83  ,-3.29  ,-4.58  ,-3.62
199908  ,-0.06  ,-2.29  ,-1.96  ,-3.16  ,-1.96  ,-3.30  ,-0.84  ,-3.98  ,-2.08  ,-2.36   ,0.00  ,-5.35  ,-4.74  ,-5.34  ,-1.87   ,0.87  ,-3.86  ,-4.33  ,-1.30  ,-2.61   ,2.53  ,-4.63  ,-1.68  ,-3.75  ,-4.47
199909   ,1.95   ,0.65   ,1.24   ,0.54  ,-1.97   ,0.37   ,1.64   ,0.09  ,-0.14  ,-1.09   ,3.71   ,1.92  ,-0.87  ,-4.58  ,-3.82  ,-2.52  ,-2.99  ,-3.99  ,-3.54  ,-3.39  ,-1.88  ,-0.73  ,-3.15  ,-3.88  ,-9.34
199910  ,-1.06   ,3.19  ,-2.00  ,-1.15  ,-3.03   ,2.28   ,1.32  ,-3.12  ,-1.03  ,-2.54   ,7.09   ,1.72   ,0.75   ,0.77   ,1.93  ,11.46   ,1.62   ,2.07   ,3.35   ,2.51   ,7.64   ,4.56   ,7.78   ,9.20   ,6.46
199911  ,16.40  ,16.89  ,11.45   ,7.48   ,4.50  ,19.92   ,7.46   ,6.25   ,3.39   ,1.39  ,11.04   ,8.00   ,4.75   ,0.46  ,-1.55  ,14.46   ,8.57   ,3.57  ,-1.38   ,0.50   ,3.84   ,4.49   ,0.41  ,-3.02  ,-5.02
199912  ,21.17  ,18.66  ,23.32   ,6.99   ,7.87  ,15.78  ,16.84   ,9.15   ,6.58   ,6.12  ,20.44   ,8.88  ,10.55   ,2.33   ,5.08  ,25.49  ,10.21   ,8.99   ,2.07   ,5.63   ,8.90   ,5.27   ,4.36   ,0.84  ,-0.32
200001  ,10.91   ,5.80   ,6.73   ,3.26   ,3.75  ,-4.44  ,-0.62  ,-3.44  ,-3.59  ,-4.53  ,-6.76  ,-3.36  ,-3.65  ,-0.97  ,-2.40   ,3.28  ,-4.19  ,-4.61  ,-5.20  ,-5.57  ,-5.60  ,-3.52  ,-1.70  ,-5.28  ,-4.14
200002  ,44.21  ,29.72  ,33.34  ,16.44  ,15.24  ,23.28  ,33.14  ,16.53   ,6.96   ,7.84  ,33.39  ,12.48   ,5.45   ,3.03   ,0.34  ,29.11   ,8.94   ,3.54  ,-4.68  ,-0.38  ,-0.09  ,-1.02  ,-4.57  ,-5.12 ,-12.61
200003 ,-16.25 ,-13.60 ,-14.93  ,-6.35  ,-3.16 ,-15.38 ,-16.14  ,-4.39   ,4.42   ,0.55  ,-7.29  ,-0.79   ,5.50  ,10.64   ,8.99  ,-4.39   ,7.57   ,8.37  ,10.38  ,11.39   ,9.41   ,7.83  ,12.00  ,10.21  ,17.19
200004 ,-21.35 ,-17.18 ,-15.97 ,-10.07  ,-7.91 ,-15.63  ,-8.49  ,-2.31  ,-1.88   ,2.31  ,-9.09  ,-8.56   ,0.41  ,-0.88   ,2.13 ,-11.73  ,-6.90  ,-1.99   ,2.64  ,-1.25  ,-4.64  ,-2.43  ,-2.20  ,-2.05   ,0.06
200005 ,-13.69 ,-11.02  ,-8.11  ,-6.35  ,-5.61  ,-5.77  ,-4.33  ,-3.13  ,-4.40  ,-1.77  ,-6.99  ,-3.58  ,-1.80  ,-2.71  ,-0.89  ,-8.96  ,-3.69  ,-6.76   ,0.22   ,4.06  ,-3.07  ,-5.52  ,-0.62   ,4.71   ,1.07
200006  ,28.92  ,18.46  ,21.29  ,14.66  ,10.76  ,15.62  ,12.13   ,8.57   ,3.13   ,4.77  ,17.39   ,8.90   ,1.86  ,-0.75  ,-1.75  ,15.08   ,3.81   ,2.45  ,-4.43  ,-2.62   ,7.34  ,-1.35  ,-1.29  ,-4.78  ,-5.31
200007  ,-9.67  ,-6.93  ,-2.12  ,-0.76   ,0.21 ,-11.34 ,-10.20  ,-4.30   ,0.64   ,2.11  ,-6.88 ,-10.07  ,-3.10  ,-1.05   ,3.26  ,-8.21  ,-3.93   ,0.45   ,1.05   ,4.20  ,-4.88  ,-2.31   ,1.55   ,3.05   ,4.37
200008   ,8.47  ,10.45   ,6.67   ,6.36   ,5.80   ,7.33   ,8.04   ,9.72   ,7.52   ,6.90  ,16.37   ,8.31  ,10.16   ,6.32   ,6.20  ,11.42  ,11.46   ,9.13   ,7.02   ,7.84   ,7.91   ,6.77   ,7.16   ,7.29   ,8.07
200009  ,-7.08  ,-6.37  ,-6.16  ,-2.25  ,-0.41 ,-11.86 ,-10.21  ,-5.34  ,-2.44   ,1.22 ,-11.96  ,-5.24  ,-3.18  ,-1.98   ,0.72  ,-3.56  ,-6.42  ,-2.41   ,0.61   ,1.84  ,-6.47  ,-9.41  ,-2.28  ,-2.09   ,6.39
200010 ,-16.06  ,-8.48  ,-5.82  ,-5.11  ,-3.61 ,-11.64 ,-11.41  ,-4.11   ,0.53  ,-1.06 ,-12.89  ,-5.23  ,-0.30  ,-1.51   ,0.55 ,-13.54  ,-3.33   ,1.59   ,0.42   ,0.76  ,-4.00  ,-0.86   ,0.56  ,-1.90   ,0.73
200011 ,-26.46 ,-17.23 ,-11.65  ,-7.04  ,-4.51 ,-27.48 ,-18.89  ,-8.87  ,-6.45  ,-1.38 ,-23.38 ,-17.81  ,-6.79  ,-2.06  ,-0.67 ,-28.08 ,-17.36  ,-4.54  ,-3.15   ,1.31 ,-14.24  ,-7.65  ,-7.25  ,-7.62  ,-3.09
200012  ,-5.78  ,-3.80   ,3.01   ,4.94   ,6.26  ,-4.23   ,3.46   ,7.23  ,11.90  ,12.50   ,2.56   ,9.51   ,7.18   ,9.44  ,11.68   ,1.69   ,3.76   ,6.43  ,12.82   ,9.76  ,-5.49  ,-0.61   ,5.02   ,6.74   ,8.55
200101  ,20.88  ,17.63  ,12.79  ,11.15   ,8.53  ,22.44  ,12.04   ,3.11   ,2.16   ,0.66   ,7.94   ,7.65   ,3.80   ,2.78  ,-3.03   ,9.88   ,7.21   ,2.01   ,0.48  ,-2.40   ,4.48   ,3.86   ,2.51   ,5.62  ,-1.50
200102 ,-17.44 ,-11.96  ,-9.39  ,-4.11  ,-0.43 ,-24.48 ,-15.49  ,-8.81  ,-3.54   ,0.90 ,-17.63 ,-11.68  ,-9.32  ,-0.60   ,1.57 ,-23.81 ,-11.40  ,-4.15   ,0.35   ,1.22 ,-17.10  ,-9.19  ,-6.94  ,-5.19  ,-0.03
200103 ,-10.14  ,-9.21  ,-3.08  ,-2.42  ,-1.13 ,-16.93 ,-11.04  ,-5.88  ,-3.09  ,-1.26 ,-13.33 ,-13.54  ,-7.09  ,-2.12  ,-2.69 ,-18.46  ,-7.31  ,-5.64  ,-4.36  ,-1.61 ,-12.75  ,-6.41  ,-5.25  ,-2.02  ,-1.01
200104  ,10.03  ,11.89   ,7.49   ,7.58   ,4.87  ,15.62  ,10.60   ,8.96   ,7.73   ,4.83  ,16.51  ,13.84   ,9.74   ,5.47   ,6.33  ,27.14  ,14.16   ,8.12   ,7.76   ,6.05  ,11.62   ,6.20   ,8.67   ,3.70   ,1.66
200105   ,5.58   ,6.46   ,4.78   ,6.26   ,8.21   ,2.58   ,5.34   ,2.45   ,3.28   ,1.89   ,4.35   ,4.59   ,3.80   ,3.22   ,2.61   ,1.55   ,1.91   ,1.50   ,2.46   ,4.00  ,-0.75   ,0.01   ,1.32   ,0.84   ,3.47
200106   ,2.57   ,4.28   ,6.60   ,6.66   ,3.37   ,5.06   ,6.66   ,4.49   ,1.91   ,1.45   ,7.37   ,2.54  ,-0.25  ,-1.14  ,-1.09   ,1.61   ,2.79  ,-0.42  ,-2.38  ,-1.52  ,-2.25  ,-2.96  ,-3.26  ,-1.42  ,-1.80
200107 ,-12.72 ,-10.06  ,-6.83  ,-4.18  ,-1.77  ,-9.31  ,-8.90  ,-4.92  ,-8.46  ,-1.86 ,-12.27  ,-4.24  ,-2.84  ,-1.41  ,-0.43  ,-5.67  ,-3.89  ,-0.78  ,-1.63  ,-0.98  ,-0.18  ,-1.98  ,-1.06  ,-0.54  ,-3.73
200108 ,-11.42 ,-10.18  ,-6.39  ,-4.16  ,-1.65  ,-8.22  ,-7.95  ,-3.18  ,-4.43  ,-1.27  ,-8.80  ,-6.13  ,-3.98  ,-2.17  ,-1.95  ,-8.41  ,-6.76  ,-3.86  ,-3.45  ,-4.00  ,-6.75  ,-7.02  ,-4.15  ,-3.91  ,-8.44
200109 ,-18.91 ,-16.00 ,-15.81 ,-11.27 ,-12.04 ,-21.90 ,-16.06 ,-14.67 ,-14.59 ,-14.28 ,-13.89 ,-13.62 ,-12.03 ,-10.28 ,-14.26 ,-17.11 ,-14.04 ,-10.94 ,-10.31 ,-11.35  ,-6.07  ,-8.08 ,-11.51  ,-7.32  ,-9.36
200110   ,9.47  ,10.24   ,6.29   ,8.09   ,4.19  ,11.52   ,9.76   ,8.13   ,5.69   ,3.58  ,15.03  ,10.10   ,6.68   ,3.86   ,3.85   ,7.81   ,8.98   ,3.35   ,2.03  ,-0.35   ,4.29   ,2.39  ,-0.15  ,-0.75  ,-3.75
200111   ,6.90   ,9.19   ,9.66   ,5.75   ,6.29   ,9.81   ,9.40   ,7.14   ,8.05   ,9.24   ,8.69   ,8.62   ,7.22   ,6.32  ,10.56  ,13.08   ,9.84   ,6.01   ,5.89   ,6.85   ,8.02   ,7.17   ,9.53   ,6.41   ,9.45
200112   ,8.31   ,9.36   ,6.62   ,7.20   ,6.64   ,4.52   ,8.59   ,5.31   ,7.22   ,6.71   ,2.52   ,6.74   ,5.61   ,6.65   ,5.79   ,4.03   ,4.72   ,5.00   ,4.50   ,4.04  ,-0.44   ,0.95   ,2.47   ,1.63   ,0.86
200201  ,-5.72  ,-7.35  ,-0.81   ,0.08   ,3.66  ,-7.17  ,-3.90  ,-3.94   ,0.53   ,2.13  ,-5.41  ,-3.64  ,-0.80  ,-0.21   ,1.11  ,-4.13  ,-2.63  ,-1.79   ,1.54  ,-0.81  ,-1.01  ,-1.17  ,-1.28  ,-1.64  ,-5.48
200202  ,-8.91  ,-9.56  ,-4.92  ,-4.57  ,-1.02  ,-8.50  ,-6.71  ,-4.74  ,-2.27   ,1.53  ,-6.65  ,-4.11   ,0.67   ,1.49  ,-0.55  ,-6.54  ,-2.76   ,1.72   ,1.26  ,-0.39  ,-2.35  ,-2.84  ,-0.84   ,0.03  ,-3.40
200203   ,3.06   ,7.12   ,8.93   ,8.07   ,8.62   ,8.25   ,7.20  ,10.09   ,7.15   ,8.96   ,6.66   ,8.28   ,6.33   ,6.17   ,7.17   ,6.33   ,6.86   ,6.30   ,5.99   ,5.04   ,1.42   ,4.89   ,5.32   ,4.73   ,4.33
200204  ,-6.94  ,-6.68  ,-0.57   ,0.90   ,4.72 ,-11.37  ,-1.37   ,1.48   ,1.10   ,2.70  ,-5.84  ,-3.51   ,0.36   ,1.16  ,-0.66  ,-7.69  ,-0.15  ,-0.29  ,-0.15   ,0.00  ,-8.39  ,-7.85  ,-2.82  ,-0.12  ,-6.28
200205  ,-5.64  ,-7.12  ,-3.87  ,-2.97   ,0.68  ,-9.55  ,-4.78  ,-2.51  ,-4.38  ,-3.04  ,-2.49  ,-4.88  ,-0.93  ,-2.36  ,-1.80  ,-3.56  ,-0.68   ,1.41   ,0.11   ,0.25  ,-2.39   ,0.33  ,-0.60  ,-0.60   ,0.68
200206 ,-10.42  ,-7.64  ,-7.03  ,-3.41  ,-0.55  ,-7.58  ,-6.22  ,-6.62  ,-4.72  ,-4.30 ,-10.56  ,-8.48  ,-7.02  ,-6.53  ,-5.65 ,-10.61  ,-7.81  ,-5.49  ,-7.08  ,-6.63  ,-7.21  ,-7.94  ,-5.88  ,-6.15  ,-9.65
200207 ,-18.70 ,-16.20 ,-16.62 ,-15.22 ,-12.26 ,-14.04 ,-14.71 ,-15.03 ,-13.58 ,-15.45 ,-11.49  ,-8.76 ,-10.44 ,-11.37 ,-12.73  ,-9.60 ,-10.93  ,-8.30  ,-9.10 ,-14.28  ,-4.39  ,-8.32  ,-9.09  ,-7.10 ,-11.74
200208   ,1.44   ,0.33  ,-0.63  ,-2.15  ,-0.82   ,2.88   ,0.57   ,0.13  ,-0.27   ,0.85   ,0.24   ,0.78   ,0.53   ,1.74   ,1.23  ,-1.28  ,-0.20   ,0.00   ,1.52   ,2.63   ,0.20  ,-0.23   ,0.86   ,2.03   ,5.74
200209  ,-9.85 ,-10.32  ,-8.34  ,-7.68  ,-6.77  ,-7.00  ,-7.13  ,-7.01  ,-5.98  ,-7.50  ,-8.93  ,-6.76 ,-10.04  ,-8.73  ,-7.55 ,-11.45  ,-7.05  ,-7.08 ,-12.74 ,-13.32  ,-9.67 ,-12.42 ,-11.22  ,-8.30  ,-8.09
200210   ,6.82   ,2.65   ,5.70   ,3.31   ,1.24  ,12.80   ,6.15   ,3.36   ,4.09   ,0.55   ,9.21   ,2.78   ,3.94   ,5.44   ,2.30  ,10.59   ,5.02   ,4.66   ,4.35   ,3.54  ,10.36  ,10.17   ,4.83   ,3.28   ,9.14
200211  ,17.79  ,13.29  ,12.23   ,8.67   ,7.17   ,9.18  ,14.50   ,9.31   ,7.88   ,6.24  ,11.99   ,6.86   ,9.26   ,6.37   ,6.10  ,10.47   ,8.89   ,6.26   ,8.55  ,10.45   ,4.41   ,6.30   ,4.90   ,4.45   ,6.02
200212  ,-9.41  ,-8.04  ,-5.37  ,-3.26  ,-1.09  ,-9.80  ,-8.47  ,-6.51  ,-3.33  ,-2.28  ,-7.35  ,-5.69  ,-4.72  ,-2.31  ,-3.37  ,-8.69  ,-4.89  ,-4.19  ,-3.46  ,-2.95  ,-6.68  ,-5.60  ,-4.87  ,-2.20  ,-5.76
200301  ,-1.64   ,0.50  ,-1.19  ,-1.13   ,0.56  ,-2.51  ,-2.60  ,-2.04  ,-2.96  ,-1.51  ,-1.74  ,-1.06  ,-3.22  ,-2.33  ,-2.88  ,-2.00  ,-0.60  ,-2.79  ,-0.73  ,-1.99  ,-2.78  ,-2.99  ,-1.57  ,-0.86  ,-4.94
200302  ,-5.66  ,-4.66  ,-2.24  ,-2.09  ,-1.10  ,-4.03  ,-1.33  ,-0.79  ,-2.83  ,-2.57  ,-2.70  ,-4.54  ,-1.00  ,-0.99  ,-3.78  ,-1.55  ,-2.71  ,-1.06  ,-1.26  ,-2.21   ,0.06  ,-2.90  ,-1.81  ,-1.65  ,-3.42
200303   ,2.21   ,1.59   ,0.10  ,-0.22  ,-0.05   ,4.16   ,1.36  ,-0.46   ,0.34   ,0.07   ,2.34   ,2.21   ,0.46  ,-0.81   ,0.84   ,1.62   ,0.46   ,0.39  ,-0.83   ,0.10   ,3.30  ,-0.87  ,-0.62   ,0.35  ,-0.88
200304  ,15.28   ,9.27  ,10.85   ,7.36   ,7.83  ,11.18   ,8.65  ,11.00   ,9.17   ,9.87  ,10.05   ,7.88   ,7.28  ,10.06   ,9.88   ,8.10   ,8.79   ,6.41   ,8.93   ,8.41   ,6.71   ,9.28   ,8.27   ,9.16   ,9.46
200305  ,19.02  ,18.11  ,15.41  ,10.78  ,10.07  ,12.67  ,10.66   ,9.78  ,10.16  ,10.41  ,11.30   ,8.25   ,8.59  ,10.19   ,8.41  ,11.23   ,9.32  ,10.98   ,8.71   ,9.51   ,2.31   ,7.51   ,7.16   ,6.59   ,7.24
200306   ,4.36   ,6.33   ,4.28   ,5.59   ,4.79   ,1.63   ,2.42   ,0.24   ,1.25   ,2.98   ,3.97   ,2.45   ,1.38   ,0.95   ,2.43  ,-0.07   ,1.42   ,0.27   ,0.53   ,1.39   ,1.30   ,1.47   ,1.58   ,2.18   ,0.79
200307  ,10.33   ,5.76   ,6.21   ,7.85   ,7.60   ,7.85   ,8.60   ,4.31   ,5.23   ,5.11   ,8.30   ,3.17   ,4.29   ,1.15   ,4.34   ,4.00   ,2.78   ,2.31   ,2.47   ,2.90   ,0.09   ,2.83   ,4.50   ,1.11   ,0.20
200308   ,5.87   ,4.34   ,6.15   ,3.71   ,5.86   ,4.26   ,3.87   ,3.94   ,5.14   ,5.55   ,5.10   ,5.41   ,4.43   ,4.82   ,7.69   ,3.48   ,4.24   ,5.74   ,4.37   ,6.51   ,0.61   ,3.90   ,0.12   ,2.07   ,2.28
200309   ,2.64   ,2.58   ,0.52   ,1.09   ,3.12  ,-0.46  ,-2.97  ,-1.47  ,-2.30  ,-1.72  ,-1.64  ,-2.34  ,-2.06  ,-1.74  ,-0.57  ,-0.91  ,-2.40  ,-3.18  ,-1.54   ,0.04  ,-0.03  ,-2.34   ,0.19  ,-1.06  ,-2.90
200310   ,8.33   ,7.51   ,8.97   ,7.56  ,10.96   ,7.36   ,8.82   ,8.54   ,6.96   ,9.29   ,7.58  ,10.24   ,6.27   ,6.03  ,11.54   ,7.83   ,7.50   ,7.54   ,8.02   ,7.99   ,2.86   ,6.62   ,7.34   ,7.20   ,5.70
200311   ,5.63   ,4.13   ,3.93   ,4.32   ,5.09   ,2.06   ,2.70   ,4.13   ,3.61   ,3.07   ,3.37   ,4.17   ,2.83   ,3.32   ,4.58   ,2.35   ,1.63   ,3.46   ,4.08   ,2.57   ,0.67   ,1.04   ,0.25   ,2.33   ,0.76
200312   ,1.50   ,1.93   ,2.99   ,3.22   ,3.51   ,1.89   ,1.60   ,2.47   ,3.11   ,3.48   ,0.71   ,0.76   ,2.53   ,4.34   ,5.77  ,-0.49   ,2.68   ,4.08   ,3.38   ,5.39   ,4.47   ,5.96   ,5.83   ,4.15   ,6.26
200401   ,3.87   ,5.26   ,4.84   ,4.48   ,6.71   ,3.23   ,4.60   ,2.93   ,2.24   ,4.58   ,2.44   ,1.74   ,1.94   ,1.28   ,4.72   ,3.39   ,2.32   ,0.72   ,2.51   ,3.07   ,1.12   ,1.48   ,1.77   ,3.42   ,2.87
200402   ,1.73   ,1.50   ,1.60   ,0.38   ,1.32  ,-0.06   ,2.03   ,1.36   ,1.51   ,0.76   ,2.95   ,1.28   ,2.48   ,3.65   ,2.11   ,2.35   ,1.30   ,2.54   ,2.61   ,3.69   ,1.56  ,-0.40   ,2.38   ,2.78   ,1.88
200403   ,0.25  ,-1.09   ,1.00  ,-0.53   ,0.41   ,2.48   ,1.53   ,1.85   ,0.08   ,1.39   ,1.50   ,2.36   ,0.37   ,0.09   ,0.21  ,-0.46   ,0.56  ,-0.84   ,0.89  ,-0.24  ,-1.85  ,-2.36  ,-0.84  ,-1.23  ,-0.95
200404  ,-6.56  ,-4.48  ,-5.65  ,-3.99  ,-5.65  ,-4.94  ,-4.98  ,-4.13  ,-2.38  ,-5.59  ,-1.31  ,-2.86  ,-2.82  ,-3.60  ,-7.28  ,-2.00  ,-2.58  ,-3.96  ,-4.99  ,-4.33   ,1.38  ,-1.78  ,-4.25  ,-4.03  ,-1.97
200405   ,0.69  ,-1.39   ,0.00   ,0.23   ,0.19   ,0.74   ,1.99   ,2.65   ,1.19   ,1.51   ,0.22   ,3.10   ,1.82   ,1.66   ,3.82   ,1.63   ,2.05   ,1.53   ,2.87   ,2.68   ,0.46   ,2.07   ,1.23   ,1.54   ,0.11
200406   ,0.70   ,2.71   ,4.65   ,4.75   ,4.00   ,2.31   ,3.56   ,4.57   ,5.15   ,5.43   ,2.22   ,2.92   ,5.25   ,3.05   ,2.69  ,-0.04   ,2.88   ,3.45   ,2.32   ,4.30   ,1.39   ,2.12   ,1.59   ,0.72   ,2.79
200407 ,-12.09  ,-9.76  ,-5.25  ,-5.46  ,-3.80  ,-9.74  ,-8.97  ,-6.90  ,-5.47  ,-3.75  ,-8.79  ,-6.37  ,-5.59  ,-3.46  ,-3.31  ,-7.43  ,-6.27  ,-4.07  ,-3.76  ,-3.66  ,-6.07  ,-3.12  ,-0.28  ,-1.85  ,-1.89
200408  ,-1.62  ,-0.35  ,-0.84  ,-0.29  ,-1.18  ,-2.53  ,-3.50  ,-0.56   ,0.08   ,0.66  ,-2.48  ,-0.95  ,-1.59   ,0.69  ,-0.68  ,-1.16  ,-2.13   ,0.21   ,0.25   ,0.20  ,-0.71   ,0.11   ,1.62   ,1.44   ,0.25
200409   ,5.55   ,6.45   ,4.83   ,5.52   ,5.06   ,9.46   ,7.00   ,5.92   ,6.08   ,5.11   ,6.01   ,4.83   ,5.23   ,3.98   ,3.64   ,4.66   ,2.76   ,4.33   ,5.31   ,3.56   ,0.10   ,1.56   ,1.29   ,2.53   ,2.97
200410   ,0.95   ,1.63   ,2.61   ,3.37   ,1.62   ,1.25   ,5.52   ,1.38   ,2.02   ,2.33   ,2.00   ,3.08   ,3.82   ,1.64   ,1.07   ,3.93   ,3.54   ,2.75   ,2.56   ,1.78   ,1.45   ,0.75   ,1.52   ,2.91   ,1.65
200411  ,11.38   ,8.23   ,9.43   ,8.81   ,8.42   ,8.83   ,8.50   ,8.05   ,8.76   ,9.34   ,8.96   ,5.47   ,7.90   ,7.54   ,7.98   ,5.75   ,5.21   ,7.82   ,7.12   ,7.17   ,2.14   ,4.74   ,3.92   ,4.91   ,4.95
200412   ,5.81   ,3.51   ,3.47   ,3.45   ,5.08   ,2.49   ,2.62   ,4.03   ,2.63   ,3.06   ,5.04   ,3.69   ,3.29   ,1.66   ,2.52   ,4.33   ,4.09   ,4.08   ,3.75   ,3.34   ,4.75   ,2.22   ,2.51   ,3.56   ,3.79
200501  ,-5.30  ,-3.94  ,-3.14  ,-3.76  ,-2.08  ,-6.69  ,-5.42  ,-2.34  ,-3.50  ,-2.24  ,-3.56  ,-3.36  ,-3.58  ,-2.48  ,-1.52  ,-2.76  ,-2.74  ,-3.52  ,-2.00  ,-2.58  ,-3.14  ,-2.59  ,-2.47  ,-0.92  ,-1.21
200502   ,0.08   ,1.38   ,1.90   ,0.27   ,3.97   ,3.92   ,1.07   ,2.20   ,2.34   ,4.06   ,2.32   ,1.70   ,2.89   ,3.05   ,3.38   ,1.90   ,1.75   ,3.65   ,4.88   ,2.56   ,0.98   ,1.80   ,4.22   ,1.24   ,3.09
200503  ,-6.93  ,-3.85  ,-3.26  ,-2.34  ,-2.82  ,-4.21  ,-3.50  ,-1.35  ,-2.80  ,-0.56  ,-1.59  ,-2.05  ,-1.84  ,-2.48  ,-1.23  ,-2.48  ,-0.94  ,-0.19  ,-0.52  ,-0.75  ,-0.82  ,-0.89  ,-3.72  ,-0.12  ,-0.27
200504  ,-5.25  ,-5.04  ,-6.66  ,-6.28  ,-6.73  ,-7.80  ,-7.85  ,-6.53  ,-6.28  ,-5.77  ,-6.71  ,-4.91  ,-3.84  ,-5.99  ,-5.02  ,-4.68  ,-4.31  ,-4.57  ,-5.14  ,-2.77  ,-1.20  ,-1.23  ,-2.35  ,-2.63  ,-2.52
200505   ,5.30   ,5.88   ,4.96   ,4.49   ,3.66   ,6.91   ,9.13   ,7.04   ,6.66   ,5.61   ,5.72   ,6.41   ,5.60   ,4.66   ,5.45   ,8.02   ,4.40   ,5.90   ,4.50   ,5.70   ,3.72   ,3.57   ,2.34   ,1.54   ,3.67
200506   ,4.18   ,4.64   ,4.87   ,4.10   ,5.16   ,2.03   ,4.50   ,2.74   ,4.66   ,4.46   ,2.03   ,1.97   ,2.66   ,4.25   ,3.41   ,0.77   ,1.81   ,2.96   ,4.42   ,3.25  ,-1.18  ,-1.17   ,1.55   ,2.11   ,3.09
200507   ,7.56   ,7.42   ,6.59   ,7.39   ,5.98   ,9.17   ,6.87   ,6.31   ,6.68   ,5.78   ,4.26   ,6.34   ,6.84   ,5.08   ,4.58   ,7.08   ,5.76   ,5.00   ,5.37   ,4.88   ,3.99   ,4.75   ,3.50   ,1.97   ,4.00
200508  ,-2.42   ,0.28  ,-1.21   ,0.71  ,-0.11  ,-3.42   ,0.48  ,-0.74  ,-0.38  ,-0.60  ,-1.24  ,-0.95  ,-0.58  ,-1.38   ,0.22  ,-1.37  ,-0.89   ,0.98   ,2.38  ,-1.25  ,-2.10   ,0.49  ,-0.83  ,-0.08   ,1.03
200509   ,2.18   ,3.92   ,2.13   ,1.89   ,1.20   ,0.89   ,1.66   ,2.30   ,1.18   ,0.64  ,-0.05  ,-0.34   ,1.97   ,1.49   ,1.19   ,2.21   ,0.85   ,2.61   ,1.81   ,1.76  ,-0.31   ,1.36   ,0.87   ,2.02   ,2.03
200510  ,-4.73  ,-5.34  ,-3.63  ,-3.60  ,-3.44  ,-4.58  ,-4.63  ,-3.00  ,-3.43  ,-3.36  ,-3.97  ,-4.59  ,-4.11  ,-2.80  ,-4.64  ,-2.28  ,-1.44  ,-3.92  ,-2.96  ,-4.56   ,0.48  ,-3.18  ,-3.68  ,-1.24  ,-1.71
200511   ,4.36   ,5.61   ,4.22   ,4.73   ,3.90   ,6.12   ,4.97   ,4.90   ,5.04   ,4.74   ,8.04   ,5.80   ,5.57   ,4.84   ,4.63   ,5.40   ,4.64   ,5.14   ,4.21   ,4.60   ,2.71   ,5.14   ,4.02   ,4.20   ,3.08
200512   ,1.91   ,1.76   ,2.02   ,1.15   ,2.18   ,0.73   ,1.57   ,0.17   ,0.27  ,-0.03   ,1.02   ,1.43  ,-0.11   ,0.55   ,0.46   ,1.00   ,0.56   ,1.55   ,2.52   ,1.19  ,-0.79  ,-0.35   ,1.57   ,1.25   ,0.26
200601  ,11.36  ,10.06  ,10.04  ,10.10   ,8.07   ,7.80  ,10.79   ,7.93   ,8.95  ,10.06   ,7.14   ,7.21   ,8.94   ,8.77   ,6.51   ,5.76   ,5.23   ,5.51   ,4.30   ,3.67   ,1.24   ,2.52   ,3.38   ,3.68   ,4.43
200602  ,-1.27  ,-0.33   ,0.99   ,0.04   ,0.43  ,-1.53  ,-1.63   ,0.49  ,-1.00  ,-0.28  ,-0.76  ,-1.51  ,-1.48  ,-0.88  ,-0.63   ,0.06  ,-0.14   ,0.01  ,-1.36   ,0.24  ,-0.08  ,-1.02   ,0.97   ,0.68  ,-0.95
200603   ,3.89   ,3.88   ,5.20   ,3.90   ,5.24   ,2.34   ,5.70   ,4.77   ,4.28   ,4.79   ,4.76   ,4.33   ,4.82   ,3.63   ,2.58   ,3.71   ,3.59   ,1.81   ,1.26   ,1.31   ,1.44   ,1.36   ,0.83   ,0.96   ,1.14
200604  ,-0.40  ,-0.44   ,1.08   ,2.77   ,3.04  ,-0.14   ,3.02   ,2.20   ,2.52   ,1.93   ,0.75  ,-0.12   ,0.41   ,3.66   ,2.12   ,0.67   ,1.08   ,1.80   ,2.10   ,3.20  ,-0.61   ,1.27   ,1.77   ,2.78   ,3.49
200605  ,-7.90  ,-7.47  ,-5.14  ,-3.89  ,-3.94  ,-7.89  ,-5.70  ,-4.89  ,-3.01  ,-3.91  ,-5.69  ,-6.70  ,-5.03  ,-3.44  ,-2.86  ,-5.31  ,-3.99  ,-3.36  ,-1.40  ,-3.48  ,-2.03  ,-3.57  ,-2.90  ,-2.24  ,-1.19
200606  ,-3.17  ,-2.15  ,-1.39  ,-1.88  ,-1.16  ,-0.70  ,-1.17   ,0.88  ,-0.60  ,-1.51  ,-1.31  ,-1.11  ,-0.77   ,0.19   ,0.36   ,0.07  ,-0.61  ,-2.16  ,-0.16  ,-0.69  ,-0.12  ,-0.20  ,-0.15   ,0.28   ,0.64
200607  ,-4.09  ,-4.01  ,-1.42  ,-3.07  ,-1.66  ,-5.85  ,-3.07  ,-4.38  ,-1.84  ,-1.93  ,-5.14  ,-4.70  ,-3.99  ,-1.97  ,-0.78  ,-5.69  ,-1.71  ,-3.04  ,-2.74  ,-2.17  ,-1.65  ,-0.25   ,1.93   ,1.90   ,1.60
200608   ,5.12   ,3.24   ,2.33   ,2.08   ,2.51   ,3.01   ,3.54   ,2.35   ,3.64   ,3.20   ,1.78   ,2.21   ,2.33   ,3.56   ,2.58   ,2.14   ,2.45   ,2.04   ,2.27   ,3.23   ,3.65   ,2.87   ,3.12   ,1.57   ,0.72
200609  ,-2.60  ,-0.89  ,-1.11  ,-0.91   ,0.26  ,-0.78   ,0.30   ,1.15  ,-0.24   ,0.76   ,1.18  ,-1.17  ,-0.87   ,0.73   ,0.29   ,1.88   ,1.27   ,0.58   ,0.85   ,0.82   ,2.92   ,1.66   ,1.29   ,2.27   ,2.62
200610   ,6.78   ,6.03   ,5.70   ,5.41   ,4.20   ,7.23   ,5.30   ,6.76   ,4.43   ,5.65   ,6.75   ,6.15   ,4.70   ,4.80   ,3.97   ,5.19   ,3.37   ,5.01   ,2.73   ,3.26   ,3.48   ,2.90   ,2.79   ,3.36   ,4.41
200611   ,1.74   ,1.36   ,2.87   ,1.70   ,1.58   ,3.73   ,1.85   ,0.72   ,2.17   ,1.48   ,1.80   ,4.59   ,2.88   ,3.31   ,3.55   ,2.67   ,3.82   ,2.00   ,3.20   ,3.22   ,2.93   ,0.34   ,3.19   ,2.05   ,1.10
200612   ,0.53   ,0.03   ,0.51   ,1.49   ,2.54  ,-1.86  ,-1.10   ,0.53   ,0.56   ,1.46  ,-0.21  ,-1.71  ,-0.95   ,0.94   ,0.70  ,-0.71  ,-0.51   ,0.07   ,0.36   ,1.49  ,-0.53   ,1.32   ,0.42   ,2.33   ,3.43
200701   ,0.49   ,0.36   ,0.78   ,0.55   ,1.89   ,1.63   ,0.84   ,1.82  ,-0.02   ,2.21   ,3.02   ,3.69   ,1.23   ,1.89   ,1.66   ,4.38   ,3.31   ,2.54   ,2.24   ,1.75   ,1.99   ,1.70   ,0.96   ,1.17   ,1.25
200702   ,0.68  ,-0.57  ,-0.65  ,-0.60   ,0.81   ,0.25   ,0.36   ,0.07  ,-0.10   ,0.02  ,-0.19   ,0.34   ,0.38   ,1.00  ,-0.34  ,-1.05   ,0.24   ,0.67   ,0.97   ,1.58  ,-2.15  ,-1.91  ,-0.87  ,-2.85  ,-1.48
200703   ,1.57   ,0.50   ,0.50   ,1.13   ,1.35  ,-0.28   ,0.54   ,2.72   ,1.08   ,1.39   ,2.25   ,1.36   ,1.87   ,2.12   ,0.69   ,1.47   ,0.49   ,2.45   ,0.83   ,1.99   ,1.69  ,-0.10   ,1.91   ,2.22   ,0.71
200704   ,2.49   ,5.59   ,3.09   ,2.14   ,3.05   ,2.53   ,2.79   ,3.26   ,2.21   ,2.31   ,3.96   ,4.06   ,2.61   ,4.01   ,2.53   ,4.89   ,3.93   ,5.15   ,5.01   ,3.86   ,4.86   ,5.32   ,4.40   ,3.77   ,3.55
200705   ,1.41   ,4.88   ,3.40   ,2.75   ,3.96   ,3.59   ,5.39   ,3.96   ,4.63   ,3.01   ,6.95   ,4.70   ,5.68   ,5.59   ,4.01   ,4.70   ,4.76   ,5.36   ,5.19   ,4.46   ,3.93   ,2.79   ,4.69   ,4.43   ,3.39
200706  ,-0.89   ,0.29  ,-0.28  ,-0.51  ,-0.11  ,-0.88  ,-0.98  ,-1.11  ,-1.86  ,-0.60  ,-1.38  ,-0.92  ,-0.65  ,-1.08  ,-1.95  ,-1.75  ,-2.26  ,-0.54  ,-1.05  ,-1.39  ,-1.16  ,-0.19  ,-1.39  ,-2.31  ,-2.18
200707  ,-4.04  ,-5.91  ,-4.41  ,-5.98  ,-5.18  ,-4.60  ,-3.79  ,-5.82  ,-4.96  ,-7.47  ,-2.75  ,-5.01  ,-3.26  ,-4.73  ,-6.95  ,-2.88  ,-2.90  ,-2.97  ,-4.47  ,-6.38   ,0.18  ,-2.02  ,-3.26  ,-4.06  ,-4.59
200708  ,-2.84  ,-0.33  ,-1.08  ,-0.37  ,-3.52   ,2.88  ,-1.85   ,1.68   ,0.74  ,-0.62   ,1.58  ,-0.72   ,1.65   ,1.28  ,-0.69  ,-0.73   ,0.54   ,1.37  ,-1.15  ,-1.33   ,2.24   ,1.13   ,2.79   ,1.36   ,0.39
200709   ,4.30   ,3.82   ,3.31   ,2.19   ,2.48   ,4.92   ,4.96   ,1.13   ,2.40   ,0.97   ,4.28   ,4.85   ,3.09   ,2.12   ,2.88   ,4.81   ,4.38   ,4.27   ,2.78   ,2.27   ,5.30   ,5.10   ,4.00   ,3.35   ,3.56
200710   ,6.40   ,6.47   ,2.11   ,1.10   ,1.51   ,4.73   ,6.61   ,3.48   ,1.54   ,2.40   ,5.19   ,7.48   ,3.09   ,2.86   ,1.05   ,6.56   ,2.11   ,4.80   ,4.35   ,0.41   ,4.94   ,1.33   ,5.27  ,-0.56   ,1.03
200711 ,-10.85 ,-10.91  ,-9.93  ,-8.60 ,-10.11  ,-7.07  ,-8.50  ,-8.54  ,-8.20 ,-10.05  ,-4.35 ,-10.84  ,-5.86  ,-6.69  ,-7.92  ,-4.64  ,-5.25  ,-6.22  ,-8.15  ,-6.30  ,-4.59  ,-1.79  ,-6.12  ,-6.06  ,-4.62
200712   ,0.59   ,1.14   ,0.80   ,0.00  ,-0.21  ,-0.25  ,-1.28   ,0.56   ,0.27  ,-0.27   ,1.04  ,-1.74  ,-0.10  ,-0.83  ,-1.29   ,0.34  ,-0.04   ,0.96  ,-1.29  ,-1.04  ,-0.00   ,0.14  ,-1.18  ,-0.95   ,0.50
200801 ,-12.06  ,-9.33  ,-7.75  ,-5.42  ,-5.38 ,-11.70  ,-9.14  ,-7.82  ,-7.04  ,-3.13  ,-5.57  ,-7.33  ,-6.87  ,-6.07  ,-3.47  ,-8.29  ,-6.55  ,-6.65  ,-4.75  ,-2.49  ,-9.49  ,-5.61  ,-4.99  ,-4.99  ,-3.73
200802  ,-1.37  ,-2.11  ,-2.11  ,-1.85  ,-0.22  ,-3.60  ,-1.66  ,-0.27  ,-0.23  ,-1.79  ,-3.82   ,1.00  ,-0.11  ,-2.16  ,-2.14  ,-0.45   ,0.61   ,1.67  ,-1.87  ,-3.43  ,-2.65  ,-0.67  ,-2.04  ,-3.45  ,-4.09
200803  ,-5.29  ,-5.09  ,-1.96  ,-0.74  ,-2.07  ,-3.59  ,-1.03  ,-0.13  ,-0.10   ,0.88  ,-2.95  ,-3.92   ,0.43  ,-1.53  ,-0.85  ,-2.36  ,-1.60  ,-2.49  ,-4.32  ,-1.04   ,0.28   ,1.07  ,-1.89  ,-4.00  ,-1.03
200804   ,1.56   ,3.01   ,2.75   ,0.72   ,1.89   ,2.15   ,3.69   ,2.65   ,3.83   ,1.90   ,6.05   ,4.60   ,5.10   ,4.71   ,4.25   ,6.21   ,6.10   ,7.62   ,8.32   ,4.16   ,4.95   ,3.25   ,4.63   ,6.69   ,5.51
200805   ,4.83   ,5.48   ,4.04   ,4.06   ,4.92   ,6.01   ,4.99   ,7.00   ,5.50   ,3.58   ,5.72   ,6.00   ,3.36   ,5.84   ,3.71   ,5.36   ,5.23   ,5.25   ,4.43   ,3.77   ,3.45   ,1.64   ,2.14   ,0.16   ,1.66
200806  ,-5.92  ,-4.59  ,-7.21  ,-8.05  ,-7.18  ,-6.87  ,-9.12  ,-6.28  ,-7.40  ,-9.40  ,-6.42  ,-6.22  ,-6.37  ,-7.01  ,-6.98  ,-4.89  ,-7.29  ,-4.61  ,-6.57 ,-10.01  ,-6.86  ,-6.19  ,-8.12  ,-9.97 ,-10.31
200807   ,1.91  ,-0.87   ,0.63   ,1.40   ,2.27   ,0.74   ,1.06   ,2.14   ,2.35   ,3.04  ,-2.18  ,-0.93  ,-0.57  ,-0.78   ,1.11  ,-0.50  ,-3.71   ,0.02  ,-7.13  ,-2.87  ,-2.51  ,-0.68  ,-3.85  ,-2.27   ,4.21
200808   ,0.23  ,-2.01   ,1.45   ,0.90   ,2.99   ,1.35   ,3.33   ,3.56   ,2.03   ,6.95   ,0.32   ,1.54   ,3.28   ,3.49   ,3.16   ,0.22   ,0.79   ,2.40   ,1.41   ,3.66   ,0.77   ,1.10   ,0.82   ,0.85  ,-1.16
200809 ,-15.35 ,-12.96 ,-11.59  ,-9.68  ,-7.57  ,-9.07 ,-10.97 ,-10.77  ,-8.99  ,-7.81 ,-13.66 ,-16.79 ,-11.84  ,-9.21  ,-8.38 ,-14.98 ,-14.80 ,-13.25 ,-14.05  ,-9.72 ,-11.97  ,-8.39  ,-9.70  ,-7.48  ,-6.83
200810 ,-27.37 ,-24.26 ,-22.08 ,-21.39 ,-20.70 ,-24.82 ,-23.57 ,-21.80 ,-19.50 ,-21.78 ,-24.10 ,-23.37 ,-19.78 ,-19.10 ,-20.99 ,-21.68 ,-21.94 ,-21.31 ,-24.14 ,-20.49 ,-16.46 ,-14.62 ,-18.68 ,-17.04 ,-23.57
200811 ,-12.88 ,-11.68 ,-12.08 ,-12.35 ,-14.08 ,-11.40 ,-10.03 ,-11.93 ,-10.77 ,-13.23 ,-14.11  ,-9.63  ,-9.37 ,-11.29  ,-7.08  ,-9.43  ,-7.21  ,-9.87  ,-7.46 ,-11.47  ,-9.21  ,-3.27  ,-4.63  ,-7.50 ,-15.55
200812   ,5.14   ,4.34   ,6.30   ,5.52   ,3.68   ,8.19   ,6.45   ,4.39   ,5.15   ,6.38   ,7.58   ,6.02   ,3.57   ,2.53   ,6.84   ,3.82   ,4.52   ,5.73   ,2.04   ,2.47   ,0.25   ,1.57  ,-0.74   ,1.03  ,-0.07
200901  ,-5.56  ,-4.80  ,-7.46  ,-6.12 ,-13.10  ,-5.10  ,-6.05  ,-4.36 ,-10.93 ,-14.86  ,-7.69  ,-5.57  ,-7.38  ,-8.44 ,-10.39  ,-3.71  ,-5.14  ,-7.34  ,-5.86 ,-11.53  ,-3.30  ,-5.38  ,-7.83 ,-10.10 ,-17.16
200902 ,-10.07 ,-10.57  ,-9.65 ,-11.05 ,-13.52  ,-9.64  ,-7.31  ,-9.63 ,-12.94 ,-15.92  ,-7.10  ,-8.50 ,-10.30  ,-9.14 ,-11.33  ,-4.81  ,-8.26  ,-9.37 ,-11.20 ,-12.40  ,-6.09  ,-8.45 ,-11.61 ,-11.94 ,-17.61
200903  ,10.41   ,8.98  ,12.51   ,9.39   ,8.31  ,10.10   ,7.33  ,10.27   ,8.77   ,8.67   ,9.44   ,9.93   ,8.58   ,7.93   ,9.60   ,9.03   ,8.97   ,9.86   ,6.71   ,9.67   ,9.18   ,6.87   ,8.93   ,9.93  ,12.92
200904  ,19.12  ,14.82  ,15.28  ,16.62  ,16.44  ,14.88  ,15.26  ,18.17  ,15.12  ,17.26  ,13.15  ,16.51  ,15.38  ,16.16  ,12.65  ,10.25  ,13.21  ,16.15  ,15.70  ,15.95  ,10.47   ,4.87  ,10.01  ,11.13  ,16.75
200905   ,8.52   ,8.88   ,7.92   ,7.24   ,6.33   ,4.21   ,6.39   ,4.20   ,4.52   ,5.44   ,7.65   ,5.42   ,3.16   ,4.77   ,3.54   ,5.35   ,5.32   ,3.48   ,7.68   ,5.63   ,6.79   ,4.81   ,8.01   ,9.62   ,7.93
200906   ,3.30   ,5.46   ,2.31   ,1.09   ,1.05   ,5.26   ,0.86   ,2.52  ,-0.23  ,-1.45   ,2.51  ,-1.22  ,-0.55  ,-0.78   ,0.20   ,1.20   ,1.96   ,0.47  ,-1.62   ,0.17   ,1.32  ,-0.20  ,-1.54  ,-1.52  ,-1.47
200907   ,6.29  ,10.22   ,8.07   ,9.49  ,12.50   ,5.56   ,6.91   ,8.70  ,11.46  ,14.00   ,7.58   ,7.65   ,9.11   ,9.29  ,12.99   ,7.51   ,8.50   ,9.06   ,8.81  ,13.44   ,4.63   ,8.51   ,9.51   ,9.44   ,9.33
200908   ,1.68   ,0.37   ,0.66   ,2.66   ,6.55  ,-1.54   ,2.86   ,1.98   ,4.09   ,5.85   ,2.88   ,1.50   ,2.16   ,3.17   ,7.53   ,3.41   ,2.42   ,4.84   ,3.65   ,9.31   ,0.70   ,1.96   ,3.05   ,2.57   ,7.75
200909   ,6.12   ,8.48   ,7.40   ,7.31   ,9.75   ,6.34   ,7.60   ,5.83   ,6.24   ,9.17   ,6.58   ,5.98   ,4.85   ,8.65   ,9.19   ,6.48   ,5.77   ,7.31   ,4.78   ,7.22   ,2.78   ,3.96   ,4.87   ,3.89   ,3.99
200910  ,-8.93  ,-7.03  ,-5.17  ,-6.52  ,-6.60  ,-7.96  ,-5.63  ,-4.30  ,-4.39  ,-8.82  ,-6.58  ,-2.85  ,-3.75  ,-4.81  ,-6.32  ,-4.48  ,-4.65  ,-3.00  ,-4.94  ,-5.99   ,0.99  ,-1.70  ,-2.81  ,-3.22  ,-6.15
200911   ,0.15   ,3.22   ,1.31   ,2.96   ,3.58   ,4.08   ,2.73   ,2.63   ,3.67   ,5.56   ,4.49   ,3.70   ,5.13   ,3.78   ,7.54   ,5.73   ,3.83   ,4.57   ,4.91   ,5.60   ,6.91   ,7.19   ,5.82   ,3.76   ,4.89
200912   ,7.16   ,6.21   ,7.76   ,7.92   ,9.19   ,8.08   ,9.31   ,8.81   ,7.78   ,7.48   ,7.22   ,6.84   ,6.50   ,5.63   ,5.91   ,6.14   ,6.65   ,4.67   ,6.96   ,5.23   ,0.97   ,2.41   ,2.06   ,3.56   ,0.03
201001  ,-2.49  ,-5.32  ,-4.43  ,-2.36  ,-1.83  ,-2.34  ,-5.06  ,-3.06  ,-2.62  ,-3.70  ,-2.16  ,-3.12  ,-3.93  ,-3.24  ,-2.72  ,-4.87  ,-3.88  ,-3.48  ,-3.38  ,-2.11  ,-4.12  ,-4.79  ,-3.80  ,-1.69  ,-3.91
201002   ,3.56   ,4.46   ,3.99   ,4.39   ,6.30   ,3.37   ,4.58   ,3.22   ,3.95   ,7.09   ,5.34   ,5.25   ,4.70   ,5.09   ,7.40   ,3.93   ,5.60   ,6.18   ,4.50   ,5.92   ,2.14   ,4.11   ,2.54   ,3.67   ,4.84
201003   ,8.61   ,5.10   ,7.06   ,7.26   ,9.78   ,6.48   ,6.70   ,7.88   ,7.70   ,8.65   ,9.51   ,6.37   ,7.28   ,9.17   ,6.66   ,7.86   ,7.53   ,7.48   ,5.91   ,8.16   ,4.10   ,5.83   ,6.47   ,6.76   ,7.38
201004   ,5.18   ,6.17   ,5.46   ,6.18   ,8.95   ,2.71   ,2.35   ,5.59   ,5.02   ,7.69   ,2.99   ,2.80   ,3.98   ,2.03   ,4.35   ,5.04   ,2.40   ,3.74   ,3.73   ,5.08  ,-0.35   ,1.73   ,2.94   ,0.92  ,-0.79
201005  ,-7.78  ,-5.03  ,-7.12  ,-7.87 ,-10.01  ,-4.07  ,-5.18  ,-5.93  ,-7.29 ,-10.07  ,-6.44  ,-5.88  ,-5.78  ,-8.83  ,-9.41  ,-6.82  ,-5.47  ,-6.69  ,-8.03  ,-8.02  ,-8.01  ,-7.65  ,-7.86  ,-8.42  ,-8.43
201006  ,-5.86  ,-4.85  ,-6.63  ,-7.19  ,-9.27  ,-5.52  ,-3.77  ,-5.35  ,-7.18 ,-10.76  ,-5.75  ,-3.68  ,-6.11  ,-6.98  ,-7.68  ,-4.98  ,-5.10  ,-6.20  ,-5.89  ,-7.71  ,-3.88  ,-4.63  ,-6.11  ,-3.41  ,-9.06
201007   ,5.53   ,4.99   ,5.96   ,6.15   ,7.16   ,6.21   ,6.36   ,8.53   ,6.75   ,8.08   ,5.43   ,6.40   ,7.42   ,7.07   ,7.89   ,7.93   ,6.72   ,6.85   ,8.89   ,7.61   ,7.11   ,5.70   ,6.40   ,9.03   ,5.64
201008  ,-6.63  ,-6.27  ,-5.24  ,-7.81  ,-7.94  ,-3.50  ,-6.02  ,-7.65  ,-5.34  ,-6.70  ,-4.00  ,-3.84  ,-5.74  ,-6.98  ,-5.76  ,-3.84  ,-3.65  ,-4.14  ,-5.16  ,-3.84  ,-3.36  ,-4.19  ,-3.42  ,-3.68  ,-6.82
201009  ,13.12  ,11.65  ,14.33  ,12.75  ,11.83  ,14.40  ,13.03  ,14.02  ,12.12  ,10.95  ,14.11  ,12.35  ,12.37  ,12.72  ,10.89  ,13.28  ,11.76  ,10.53   ,9.87   ,9.49  ,10.10   ,8.38   ,9.10   ,8.19   ,7.07
201010   ,5.63   ,5.13   ,5.90   ,5.38   ,4.70   ,3.51   ,4.98   ,4.59   ,4.00   ,3.57   ,3.05   ,5.35   ,4.61   ,3.72   ,4.90   ,2.70   ,3.85   ,5.10   ,3.63   ,2.46   ,5.47   ,3.93   ,3.44   ,3.58   ,0.87
201011   ,2.22   ,3.63   ,5.53   ,4.45   ,4.24   ,5.08   ,3.78   ,3.78   ,3.72   ,1.91   ,3.48   ,5.48   ,4.21   ,3.38   ,3.75   ,4.03   ,4.03   ,2.12   ,2.42   ,0.40  ,-0.59   ,1.00   ,0.26  ,-0.18  ,-1.08
201012   ,9.39  ,11.21   ,8.68   ,9.72   ,8.91   ,7.53   ,7.62   ,8.37   ,7.86   ,9.76   ,7.17   ,6.69   ,6.73   ,9.09   ,8.38   ,6.00   ,5.63   ,8.22   ,8.21   ,7.60   ,4.89   ,4.39   ,6.85   ,8.37  ,10.84
201101  ,-2.57  ,-4.01  ,-1.52  ,-0.12   ,0.09   ,0.18   ,0.13  ,-0.31   ,1.21   ,1.18   ,1.68   ,1.80   ,1.23   ,1.53   ,1.33   ,1.62   ,3.29   ,2.55   ,1.92   ,1.61   ,1.20   ,2.98   ,1.39   ,3.24   ,2.72
201102   ,2.73   ,6.33   ,6.25   ,4.87   ,6.04   ,5.61   ,8.41   ,6.14   ,6.46   ,5.26   ,6.22   ,6.41   ,5.09   ,4.80   ,4.85   ,4.60   ,3.51   ,4.70   ,4.07   ,3.43   ,3.05   ,2.46   ,4.63   ,5.27   ,4.19
201103   ,2.26   ,1.76   ,3.35   ,1.04   ,0.84   ,4.17  ,-0.09   ,2.37   ,2.32   ,1.04   ,4.42   ,2.90   ,3.10   ,2.37   ,1.13   ,2.65   ,1.90   ,2.33   ,2.39   ,1.11   ,0.60  ,-1.60   ,1.21   ,0.68  ,-2.11
201104   ,3.46   ,2.14   ,1.27   ,0.88   ,1.33   ,3.46   ,3.75   ,2.81   ,2.30   ,1.18   ,3.64   ,4.02   ,3.02   ,3.21   ,2.09   ,4.43   ,1.74   ,2.20   ,2.22   ,2.24   ,3.06   ,4.29   ,3.37   ,1.64   ,1.23
201105  ,-0.86  ,-3.33  ,-1.65  ,-3.44  ,-3.61  ,-2.79  ,-2.42  ,-1.58  ,-2.12  ,-3.28  ,-0.16  ,-2.63  ,-1.40  ,-2.36  ,-2.63   ,0.18  ,-0.43  ,-0.83  ,-1.85  ,-1.22  ,-0.12  ,-1.73  ,-2.07  ,-1.72  ,-2.83
201106  ,-6.02  ,-2.82  ,-3.85  ,-3.13  ,-3.11  ,-2.10  ,-2.76  ,-2.32  ,-2.02  ,-1.76  ,-0.97  ,-2.41  ,-2.16  ,-1.56  ,-2.34  ,-0.44  ,-2.43  ,-2.13  ,-2.92  ,-2.95  ,-0.85  ,-2.21  ,-1.54  ,-2.21  ,-2.25
201107  ,-2.95  ,-2.44  ,-1.93  ,-2.18  ,-1.25  ,-1.80  ,-3.31  ,-3.80  ,-3.17  ,-3.30  ,-3.31  ,-3.09  ,-3.10  ,-3.11  ,-4.20  ,-4.03  ,-3.49  ,-2.94  ,-1.65  ,-2.88   ,1.13  ,-1.81  ,-3.08  ,-3.00  ,-4.26
201108 ,-11.36 ,-10.57 ,-10.84 ,-10.10 ,-10.28  ,-6.83  ,-6.57 ,-10.28  ,-7.33  ,-9.60  ,-6.62  ,-7.58  ,-8.71  ,-8.01  ,-8.72  ,-7.85  ,-7.78  ,-7.55  ,-7.04  ,-7.34  ,-2.96  ,-4.05  ,-6.02  ,-5.41  ,-8.28
201109 ,-14.34 ,-13.25 ,-14.97 ,-12.45 ,-11.18 ,-12.02 ,-11.26 ,-12.60 ,-13.08 ,-11.24 ,-11.75 ,-11.56 ,-13.35 ,-13.80 ,-10.57  ,-9.48 ,-11.47 ,-10.88 ,-11.70  ,-9.70  ,-6.15  ,-7.09  ,-7.57  ,-7.88 ,-10.51
201110  ,11.60  ,14.10  ,15.30  ,15.19  ,12.21  ,15.33  ,16.32  ,16.01  ,14.60  ,13.56  ,14.44  ,15.33  ,17.27  ,16.24  ,13.64  ,13.67  ,14.37  ,14.49  ,13.67  ,12.83   ,8.80  ,10.19  ,12.23  ,10.81  ,12.68
201111  ,-4.11  ,-1.75  ,-2.43  ,-1.89  ,-1.10   ,0.60  ,-2.15  ,-0.97   ,0.00   ,0.32  ,-1.90   ,0.25  ,-0.18  ,-0.33  ,-0.39   ,0.74  ,-1.41  ,-0.46   ,0.25   ,0.41  ,-0.57   ,0.47   ,0.79   ,0.22  ,-3.24
201112  ,-2.24  ,-0.99   ,1.19   ,0.97   ,0.83  ,-2.68   ,0.07  ,-0.10   ,0.36   ,1.27  ,-2.71  ,-2.59  ,-0.05   ,0.31   ,2.07  ,-3.41  ,-1.81   ,0.16   ,0.27   ,0.59  ,-0.41   ,0.01   ,0.46   ,2.38   ,0.99
201201  ,12.73   ,9.14   ,9.73   ,8.56   ,7.06   ,9.40   ,7.49   ,7.48   ,7.74   ,4.75   ,8.38   ,5.61   ,5.29   ,7.25   ,4.26   ,9.19   ,6.87   ,6.23   ,4.13   ,2.92   ,6.90   ,3.36   ,4.75   ,2.75   ,6.24
201202   ,2.67   ,1.67   ,1.36   ,2.83   ,2.61   ,3.41   ,4.00   ,2.19   ,3.98   ,3.56   ,3.70   ,3.42   ,4.47   ,4.29   ,3.19   ,5.39   ,4.07   ,5.18   ,4.30   ,5.07   ,5.62   ,3.25   ,2.56   ,4.02   ,6.11
201203  ,-1.11   ,3.22   ,0.21   ,1.59   ,3.04  ,-0.64   ,1.18   ,0.36   ,1.82   ,2.82   ,0.32  ,-0.51   ,0.80   ,1.47   ,0.58   ,3.49   ,0.64  ,-0.64  ,-0.44   ,2.05   ,4.43   ,2.05   ,0.74   ,1.22   ,5.22
201204  ,-4.21  ,-2.13  ,-2.20  ,-2.69  ,-1.11   ,0.27  ,-2.52  ,-1.49  ,-1.94  ,-1.28  ,-4.07  ,-0.12  ,-0.63  ,-1.36  ,-0.01   ,0.68  ,-0.88   ,0.43   ,0.25  ,-0.80   ,0.11  ,-1.04   ,0.32   ,0.14  ,-2.85
201205  ,-8.41 ,-10.47  ,-6.85  ,-8.50  ,-6.05  ,-7.30  ,-6.39  ,-7.46  ,-7.76  ,-6.25  ,-8.22  ,-7.30  ,-7.57  ,-8.47  ,-5.97  ,-6.66  ,-9.36  ,-8.72  ,-8.58  ,-5.53  ,-6.37  ,-4.43  ,-8.09  ,-5.00  ,-8.36
201206   ,8.52   ,3.53   ,5.73   ,3.90   ,4.37   ,6.20   ,3.08   ,4.67   ,2.49   ,4.48   ,4.62   ,4.86   ,3.67   ,2.12   ,3.65  ,-0.65   ,2.46   ,2.50   ,2.94   ,3.35   ,3.27   ,2.97   ,3.83   ,4.98   ,5.17
201207  ,-3.27  ,-0.69   ,0.39  ,-0.64  ,-0.80  ,-3.26  ,-2.36   ,0.64   ,0.53  ,-0.59  ,-3.21   ,0.46   ,0.77   ,0.24  ,-0.96  ,-1.58  ,-0.68   ,0.42   ,0.76  ,-0.08   ,1.24   ,2.68   ,1.91   ,1.31   ,0.06
201208   ,2.38   ,3.41   ,3.41   ,3.57   ,3.01   ,0.84   ,3.33   ,3.70   ,3.73   ,4.02   ,5.38   ,3.31   ,4.16   ,3.98   ,3.77   ,4.42   ,2.79   ,3.98   ,2.79   ,5.37   ,2.76   ,2.03   ,2.38   ,1.68   ,3.95
201209   ,6.00   ,6.22   ,5.54   ,3.22   ,4.96   ,4.24   ,3.56   ,3.97   ,2.93   ,3.50   ,2.44   ,1.91   ,3.30   ,2.74   ,3.06   ,2.83   ,1.63   ,2.66   ,2.26   ,2.49   ,2.20   ,1.72   ,2.70   ,3.42   ,4.43
201210  ,-5.56  ,-3.48  ,-4.00  ,-3.50  ,-1.91  ,-5.57  ,-2.37  ,-3.33  ,-0.47  ,-0.28  ,-1.69  ,-0.71   ,0.49  ,-0.10   ,0.56  ,-0.97  ,-0.99  ,-0.36  ,-0.46   ,0.71  ,-4.47  ,-1.71  ,-0.88  ,-2.34   ,1.72
201211   ,0.57  ,-1.70  ,-0.78   ,0.32   ,0.42  ,-1.71   ,1.31  ,-0.03   ,0.69  ,-0.32   ,2.01   ,3.59   ,1.50   ,2.42   ,0.91   ,1.92   ,2.60   ,0.86  ,-0.07   ,0.43   ,1.50   ,1.08   ,0.12  ,-0.67  ,-0.29
201212   ,1.66   ,1.81   ,3.02   ,3.86   ,4.64   ,1.99   ,2.64   ,3.72   ,3.20   ,3.77   ,1.39   ,2.24   ,2.55   ,2.74   ,3.64   ,1.79   ,2.76   ,1.47   ,2.73   ,3.28  ,-1.63   ,0.38   ,0.81   ,1.55   ,4.83
201301   ,5.78   ,5.64   ,4.30   ,5.16   ,5.40   ,5.55   ,5.59   ,4.92   ,6.50   ,5.45   ,6.44   ,5.96   ,5.05   ,6.95   ,7.69   ,7.07   ,6.65   ,4.04   ,6.68   ,8.76   ,2.57   ,5.80   ,5.08   ,5.04   ,6.75
201302  ,-1.65  ,-3.25  ,-1.22  ,-0.46   ,0.34   ,0.09   ,0.03  ,-0.79  ,-0.40   ,0.22   ,0.69   ,1.22   ,0.55   ,0.66   ,2.12   ,0.63   ,0.70   ,0.63  ,-0.17   ,1.49   ,0.98   ,2.05   ,0.27   ,1.79   ,0.36
201303   ,6.86   ,5.91   ,4.12   ,3.77   ,3.94   ,4.75   ,4.07   ,4.28   ,3.45   ,4.22   ,2.54   ,5.45   ,4.75   ,4.32   ,5.57   ,2.37   ,4.75   ,3.61   ,3.89   ,5.35   ,3.80   ,3.64   ,2.93   ,3.53   ,3.18
201304  ,-0.81  ,-3.80  ,-2.07  ,-1.58  ,-0.39  ,-1.52  ,-2.46  ,-1.25  ,-0.66  ,-1.12  ,-0.39  ,-0.46  ,-0.98  ,-0.48  ,-0.83   ,1.95   ,0.61   ,0.61   ,0.42   ,1.21   ,1.97   ,2.36   ,0.75   ,1.13   ,2.18
201305   ,5.75   ,5.33   ,4.59   ,2.88   ,5.01   ,4.03   ,3.88   ,4.21   ,3.48   ,2.99   ,2.83   ,4.54   ,4.48   ,3.37   ,3.56   ,3.95   ,2.46   ,1.65   ,1.80   ,3.26   ,0.72   ,1.85   ,2.27   ,0.84   ,6.66
201306  ,-0.37  ,-0.85  ,-1.22   ,0.61  ,-0.48   ,1.26  ,-0.92  ,-0.90  ,-0.77  ,-1.80  ,-2.23  ,-1.49  ,-1.51  ,-2.61   ,0.58  ,-1.73  ,-1.91  ,-2.45  ,-1.61  ,-1.60  ,-3.02  ,-1.32  ,-0.95  ,-0.18  ,-2.09
201307   ,8.88   ,6.49   ,7.62   ,7.79   ,7.45   ,6.95   ,6.02   ,7.38   ,7.14   ,7.44   ,8.95   ,7.79   ,8.06   ,5.79   ,7.30   ,8.10   ,4.90   ,5.35   ,6.75   ,4.85   ,5.61   ,4.38   ,5.49   ,5.64   ,6.11
201308  ,-2.92  ,-1.71  ,-1.38  ,-1.12  ,-2.65   ,0.14  ,-1.71  ,-2.97  ,-3.42  ,-4.21  ,-0.85  ,-1.81  ,-2.46  ,-3.10  ,-3.48  ,-1.55  ,-1.55  ,-1.91  ,-3.15  ,-2.03  ,-2.43  ,-1.31  ,-2.91  ,-2.69  ,-4.17
201309   ,5.89   ,5.60   ,5.86   ,5.06   ,5.74   ,6.79   ,6.54   ,5.85   ,5.77   ,4.67   ,5.94   ,6.37   ,6.22   ,5.02   ,4.94   ,5.50   ,5.42   ,4.34   ,4.67   ,3.59   ,5.50   ,2.40   ,3.03   ,3.72   ,1.86
201310  ,-1.38   ,2.04   ,1.68   ,2.56   ,3.25   ,0.42   ,1.64   ,1.92   ,2.45   ,3.64   ,2.49   ,3.63   ,3.44   ,4.04   ,4.70   ,1.10   ,3.66   ,3.54   ,2.81   ,4.75   ,4.17   ,5.78   ,3.36   ,5.01   ,3.51
201311   ,7.30   ,4.36   ,3.22   ,3.98   ,3.87   ,4.37   ,3.70   ,4.43   ,3.39   ,3.63   ,3.28   ,2.71   ,2.70   ,0.94   ,2.48   ,1.12   ,1.58   ,2.40  ,-0.55   ,1.84   ,3.01   ,3.78   ,1.81   ,1.94   ,4.09
201312   ,1.67   ,2.06   ,3.52   ,1.88   ,1.81   ,2.03   ,2.27   ,1.84   ,3.38   ,1.32   ,2.20   ,3.42   ,3.37   ,2.96   ,2.21   ,2.75   ,3.83   ,3.60   ,2.48   ,2.42   ,2.89   ,1.63   ,3.58   ,3.35   ,1.95
201401   ,2.27  ,-0.59  ,-2.96  ,-1.70  ,-3.36   ,1.44  ,-2.72  ,-4.85  ,-3.53  ,-4.34   ,0.59  ,-3.92  ,-2.76  ,-2.60  ,-3.33  ,-2.52  ,-2.81  ,-2.26  ,-1.93  ,-4.46  ,-3.10  ,-3.32  ,-3.53  ,-5.03  ,-3.67
201402   ,7.34   ,3.60   ,3.41   ,6.03   ,5.09   ,4.08   ,3.14   ,4.06   ,4.52   ,5.03   ,6.22   ,6.67   ,4.91   ,5.10   ,4.69   ,6.29   ,5.31   ,5.82   ,4.99   ,5.83   ,4.93   ,4.49   ,5.54   ,4.19   ,3.00
201403  ,-4.10  ,-0.06   ,0.08  ,-0.04   ,1.37  ,-6.12  ,-2.51   ,1.78   ,1.45   ,2.07  ,-5.00  ,-1.06  ,-0.12   ,1.07   ,2.03  ,-3.03   ,0.25   ,0.51   ,0.63   ,2.83  ,-2.37   ,0.82   ,1.22   ,1.43   ,4.17
201404  ,-8.82  ,-4.71  ,-3.44  ,-3.47  ,-1.52  ,-6.67  ,-3.85  ,-2.55  ,-1.26  ,-1.77  ,-6.57  ,-1.45  ,-0.44  ,-0.08  ,-1.36  ,-3.49  ,-0.70   ,0.23   ,0.96  ,-0.46   ,0.57   ,0.95   ,1.18   ,1.73  ,-0.08
201405  ,-0.79  ,-3.25   ,0.39  ,-0.53  ,-0.52   ,0.12  ,-0.25   ,0.10   ,1.66   ,0.23   ,1.11  ,-0.45   ,1.06   ,2.22   ,0.49   ,2.83   ,2.18   ,2.55   ,1.87   ,1.71   ,2.54   ,2.84   ,1.46   ,2.25   ,1.17
201406   ,6.53   ,6.71  ,10.22   ,6.07   ,5.01   ,7.93   ,6.70   ,5.07   ,5.74   ,5.78   ,6.06   ,5.78   ,4.57   ,4.65   ,4.89   ,4.61   ,4.10   ,3.82   ,4.02   ,3.63   ,1.10   ,1.17   ,2.54   ,3.58   ,3.24
201407  ,-9.18  ,-7.50  ,-6.39  ,-4.78  ,-4.90  ,-3.65  ,-5.29  ,-6.42  ,-6.45  ,-6.29  ,-5.14  ,-4.57  ,-5.49  ,-5.59  ,-5.01  ,-2.16  ,-3.85  ,-3.89  ,-2.93  ,-3.33  ,-0.80  ,-1.19  ,-2.40   ,0.19  ,-1.85
201408   ,3.69   ,3.89   ,5.62   ,3.44   ,3.22   ,4.12   ,5.44   ,3.32   ,4.89   ,4.54   ,6.35   ,4.92   ,3.85   ,5.29   ,4.87   ,6.12   ,5.33   ,4.67   ,4.34   ,4.06   ,5.20   ,4.48   ,3.25   ,2.48   ,3.82
201409  ,-5.89  ,-4.64  ,-5.17  ,-6.73  ,-8.31  ,-4.01  ,-5.47  ,-4.79  ,-6.09  ,-9.47  ,-4.15  ,-2.74  ,-5.81  ,-6.45  ,-6.86  ,-2.66  ,-3.94  ,-3.19  ,-5.64  ,-4.92  ,-0.45  ,-0.91  ,-1.64  ,-3.06  ,-2.06
201410   ,5.79   ,6.12   ,4.32   ,5.18   ,1.54   ,7.64   ,7.85   ,4.95   ,3.73   ,0.56   ,5.28   ,3.05   ,2.79   ,3.16   ,1.32   ,3.49   ,2.68   ,0.45   ,2.19  ,-1.31   ,2.64   ,2.67   ,1.84   ,0.82   ,0.72
201411   ,1.52   ,0.37  ,-0.43  ,-1.08  ,-2.34   ,2.24   ,0.07   ,0.09  ,-1.01  ,-1.28   ,2.79   ,1.10   ,0.20  ,-0.13  ,-0.33   ,2.95   ,2.53   ,2.36   ,2.87  ,-1.97   ,3.48   ,4.46   ,1.37   ,2.91   ,0.43
201412   ,4.00   ,5.58   ,5.95   ,4.05   ,1.94   ,0.90   ,0.04   ,0.45   ,1.98   ,0.75   ,0.64   ,0.76   ,0.54  ,-0.04   ,0.37   ,0.22  ,-0.24  ,-0.15   ,0.43   ,0.69  ,-1.15  ,-1.45  ,-0.27  ,-0.88   ,1.59
201501  ,-3.42  ,-4.21  ,-6.05  ,-5.30  ,-5.68  ,-2.62  ,-2.64  ,-5.79  ,-4.75  ,-5.91  ,-1.23  ,-1.75  ,-3.21  ,-5.03  ,-5.91  ,-0.89  ,-3.07  ,-2.28  ,-0.58  ,-3.35  ,-0.10  ,-2.83  ,-3.43  ,-5.17  ,-6.91
201502   ,6.93   ,6.09   ,6.64   ,5.39   ,5.25   ,7.41   ,8.20   ,8.19   ,7.29   ,5.07   ,7.55   ,8.02   ,6.74   ,7.99   ,5.50   ,7.84   ,6.96   ,7.11   ,6.75   ,5.38   ,6.50   ,6.30   ,5.35   ,6.27   ,5.30
201503   ,1.13   ,0.99   ,1.56   ,1.26   ,0.09   ,2.10   ,1.11   ,1.80   ,1.48  ,-0.22  ,-0.70   ,2.52   ,0.79   ,0.77   ,0.44   ,1.60   ,0.13   ,1.13  ,-0.20  ,-1.18  ,-0.91  ,-2.20  ,-1.64  ,-2.63  ,-1.41
201504  ,-2.55  ,-3.34  ,-1.45  ,-0.95   ,1.27  ,-2.88  ,-1.77  ,-1.62  ,-1.51   ,2.18  ,-1.82  ,-2.78   ,0.18   ,0.38   ,0.78  ,-1.34  ,-0.15   ,0.48  ,-0.54   ,2.27   ,0.88   ,0.62   ,1.25   ,3.35   ,2.18
201505   ,2.81   ,3.12   ,4.14  ,-0.13   ,0.02   ,2.85   ,2.98   ,2.18   ,2.42  ,-0.47   ,2.00   ,4.33   ,2.18   ,0.71   ,0.73   ,1.50   ,1.28   ,2.19   ,1.23  ,-0.17   ,1.85   ,0.52   ,0.43   ,0.99   ,0.40
201506   ,3.10   ,3.19   ,0.71   ,1.59   ,0.83   ,0.63   ,1.85   ,0.95  ,-1.67  ,-1.40   ,0.25  ,-0.11  ,-0.06  ,-1.17  ,-1.32  ,-1.67  ,-0.81  ,-1.13  ,-3.04  ,-1.42  ,-0.02  ,-3.56  ,-2.13  ,-2.33  ,-1.55
201507  ,-5.34  ,-2.17  ,-2.51  ,-4.88  ,-7.28  ,-0.34   ,0.94  ,-2.91  ,-2.14  ,-6.24   ,3.18  ,-0.34  ,-2.02  ,-4.15  ,-4.96   ,1.91   ,1.17   ,0.03  ,-0.88  ,-3.25   ,4.96   ,1.86   ,2.37   ,0.24  ,-0.50
201508  ,-9.32  ,-7.65  ,-6.91  ,-4.09  ,-2.72 ,-10.11  ,-8.31  ,-4.77  ,-4.38  ,-4.22  ,-8.53  ,-5.79  ,-4.46  ,-4.21  ,-3.52  ,-7.54  ,-4.99  ,-5.63  ,-3.63  ,-5.30  ,-5.70  ,-6.46  ,-6.89  ,-5.16  ,-6.21
201509 ,-10.78  ,-8.00  ,-7.26  ,-5.01  ,-5.43  ,-7.94  ,-6.59  ,-4.81  ,-5.16  ,-4.82  ,-5.73  ,-4.55  ,-4.79  ,-5.39  ,-5.82  ,-5.75  ,-4.12  ,-3.53  ,-4.62  ,-5.19  ,-2.17  ,-1.93  ,-3.30  ,-2.49  ,-4.00
201510   ,6.63   ,4.41   ,7.67   ,5.45   ,5.24   ,4.83   ,5.35   ,7.46   ,6.08   ,6.26   ,5.71   ,3.68   ,6.66   ,6.47   ,6.24   ,4.90   ,7.18   ,7.58   ,6.30   ,4.79   ,7.69   ,9.26   ,7.94   ,7.68   ,7.15
201511   ,4.83   ,3.59   ,2.91   ,2.03   ,1.41   ,7.21   ,4.46   ,1.28   ,3.53   ,2.88   ,2.19   ,2.08   ,0.93  ,-0.57   ,1.21  ,-0.65   ,1.55   ,1.48  ,-0.21   ,0.66   ,0.07   ,0.53  ,-0.26  ,-0.13   ,0.80
201512  ,-3.36  ,-4.41  ,-5.16  ,-4.88  ,-5.45  ,-2.20  ,-5.32  ,-5.27  ,-4.60  ,-7.01  ,-3.34  ,-3.46  ,-6.04  ,-6.24  ,-6.27  ,-2.90  ,-2.57  ,-2.25  ,-4.56  ,-6.50   ,0.16  ,-2.69  ,-1.58  ,-2.16  ,-3.35
201601 ,-16.53 ,-13.63  ,-9.24  ,-8.05  ,-7.06 ,-16.56 ,-10.34  ,-6.83  ,-7.07  ,-6.88 ,-13.44  ,-7.19  ,-6.25  ,-5.76  ,-6.70  ,-9.39  ,-7.30  ,-8.04  ,-4.69  ,-7.00  ,-6.46  ,-3.72  ,-4.49  ,-3.75  ,-7.71
201602  ,-1.72   ,0.26   ,2.10   ,1.10   ,2.00  ,-2.13  ,-1.97   ,0.97   ,2.32   ,2.48   ,0.06   ,0.58   ,1.64   ,3.60   ,2.08   ,1.44   ,2.34   ,2.67   ,1.31   ,0.37  ,-0.41   ,0.02   ,0.49   ,0.66  ,-1.83
201603   ,4.88   ,8.71   ,7.24   ,7.84   ,7.53   ,9.57   ,8.08   ,8.16   ,7.55   ,9.98   ,6.75   ,6.46   ,9.40   ,9.05   ,9.99   ,8.08   ,7.06   ,7.78   ,9.38  ,10.18   ,5.54   ,7.40   ,5.53   ,6.64   ,8.27
201604   ,6.44   ,3.33   ,3.51   ,3.22   ,7.93   ,3.95   ,1.87   ,0.81   ,1.19   ,5.44   ,1.33   ,1.21  ,-0.57   ,1.65   ,5.09   ,2.41  ,-0.04   ,0.88   ,2.83   ,4.54   ,0.16  ,-1.70   ,0.59   ,1.18   ,5.16
201605   ,0.39   ,1.45   ,2.66  ,-0.27  ,-1.49   ,4.67   ,0.89   ,0.39   ,1.50  ,-0.01   ,3.42   ,3.44   ,0.00   ,0.34   ,0.04   ,1.33   ,2.15   ,3.16   ,1.63   ,0.71   ,1.41   ,2.08   ,2.21   ,0.89   ,0.08
201606  ,-2.44   ,0.18  ,-0.38  ,-0.68   ,2.93   ,0.23   ,0.39   ,0.16  ,-0.37   ,0.57  ,-0.97  ,-2.16  ,-1.31  ,-0.97  ,-1.06  ,-0.91  ,-1.32  ,-1.64   ,0.90  ,-1.19   ,0.32  ,-0.43   ,0.17   ,1.45  ,-1.73
201607   ,9.62   ,5.63   ,5.39   ,5.58   ,4.49   ,6.99   ,7.76   ,5.99   ,4.62   ,5.49   ,6.86   ,4.71   ,4.24   ,3.98   ,4.25   ,5.78   ,6.10   ,2.98   ,3.89   ,3.93   ,3.73   ,6.66   ,2.90   ,1.74   ,2.75
201608   ,0.02   ,2.15   ,1.55   ,2.45   ,2.44   ,1.35   ,0.05   ,2.20   ,3.33   ,1.51   ,1.15  ,-0.01   ,0.28   ,1.53  ,-0.23   ,0.51   ,1.25   ,1.79  ,-0.49   ,2.50  ,-0.89   ,0.04  ,-0.03   ,0.06   ,3.18
201609  ,11.40   ,4.55   ,2.39   ,2.49   ,2.23   ,3.85  ,-0.64   ,1.57   ,0.69   ,1.18   ,0.31  ,-0.06   ,0.16   ,1.39   ,1.01   ,0.73  ,-0.86   ,0.69   ,0.37   ,0.71   ,0.23   ,1.14   ,0.65  ,-1.00  ,-0.22
201610 ,-12.12  ,-7.63  ,-7.34  ,-4.94  ,-3.00  ,-7.14  ,-6.03  ,-5.76  ,-4.60  ,-4.12  ,-4.94  ,-4.58  ,-3.52  ,-1.18  ,-2.59  ,-3.89  ,-2.69  ,-2.50  ,-2.47  ,-1.88  ,-2.78  ,-1.13  ,-2.28  ,-1.63   ,1.69
201611   ,5.00   ,8.85   ,8.27  ,11.39  ,11.26   ,7.52   ,7.98   ,9.26  ,12.59  ,12.94   ,5.46   ,5.86   ,7.69   ,8.82  ,10.68   ,3.41   ,3.68   ,4.72   ,4.91   ,9.67   ,0.73   ,1.61   ,4.05   ,4.49  ,10.58
201612  ,-2.74   ,2.24   ,1.80   ,3.00   ,5.73  ,-1.74  ,-0.41   ,2.50   ,2.64   ,2.76   ,0.63   ,2.00  ,-0.76   ,2.52   ,1.41  ,-0.90   ,0.05  ,-0.54   ,1.69   ,1.46   ,1.35   ,2.11   ,0.45   ,3.19   ,3.72
201701   ,1.55   ,0.63  ,-0.03  ,-0.39   ,1.00   ,4.55   ,1.74   ,1.01   ,0.14   ,1.43   ,2.66   ,2.69   ,2.72   ,1.44   ,1.77   ,4.14   ,3.12   ,2.68   ,1.30   ,2.44   ,3.33   ,3.22   ,1.68   ,1.37   ,0.48
201702   ,6.14   ,2.28   ,0.09   ,1.48  ,-0.32   ,6.43   ,0.85   ,0.34   ,1.33   ,0.08   ,5.31   ,3.57   ,2.73   ,1.24   ,0.57   ,2.83   ,4.20   ,0.78   ,2.31   ,0.89   ,4.02   ,4.85   ,2.97   ,2.21   ,3.38
201703   ,3.39   ,3.25   ,2.33   ,0.21  ,-1.10   ,3.99   ,0.62   ,0.22   ,0.68  ,-0.68   ,1.59   ,0.25  ,-0.80   ,0.06  ,-1.29  ,-0.23   ,0.93   ,1.24   ,0.35  ,-1.22   ,1.23   ,1.79   ,0.04  ,-0.99  ,-1.98
201704   ,4.10   ,0.91   ,1.78   ,0.85  ,-0.96   ,0.78   ,1.63   ,0.99   ,0.33  ,-1.02   ,4.21   ,1.57  ,-0.50   ,0.80  ,-1.86   ,1.46   ,1.43   ,0.66   ,1.86  ,-1.60   ,2.25   ,2.13   ,1.08  ,-0.41  ,-0.82
201705   ,1.17  ,-1.44  ,-2.77  ,-1.66  ,-3.68   ,0.76  ,-1.45  ,-1.11  ,-1.79  ,-3.77   ,2.27   ,2.26  ,-0.79  ,-1.74  ,-2.78   ,2.62   ,0.78  ,-0.31   ,0.57  ,-2.13   ,2.70   ,3.85   ,1.20  ,-0.80  ,-1.33
201706   ,5.75   ,9.33   ,5.58   ,4.91   ,3.99   ,3.57   ,2.27   ,2.91   ,2.14   ,3.43   ,1.74   ,2.43   ,2.51   ,1.33   ,3.18   ,0.99   ,0.38   ,1.67   ,1.70   ,2.23  ,-0.28  ,-1.01   ,0.24   ,1.83   ,4.26
201707  ,-0.49  ,-0.36   ,0.40   ,0.50   ,1.02   ,1.50   ,0.88   ,1.72   ,1.68   ,1.20   ,0.68   ,1.22   ,0.55   ,2.13   ,2.87   ,1.46   ,0.70   ,1.56   ,1.82   ,3.40   ,2.50   ,3.40   ,1.23   ,1.69   ,2.21
201708  ,-2.54   ,0.66  ,-0.15  ,-2.06  ,-1.52   ,1.94  ,-1.04  ,-2.54  ,-2.95  ,-1.75   ,1.37  ,-0.42  ,-0.89   ,0.65  ,-2.46   ,0.12   ,0.03  ,-0.64  ,-0.63  ,-1.14   ,0.72   ,2.25  ,-0.16  ,-0.57  ,-1.24
201709   ,6.69   ,5.34   ,5.69   ,9.33   ,6.93   ,4.40   ,3.50   ,7.46   ,7.80   ,6.04   ,1.79   ,3.77   ,4.48   ,4.62   ,4.19   ,2.86   ,3.33   ,3.76   ,3.30   ,3.04   ,1.75   ,0.51   ,2.12   ,2.48   ,4.41
201710  ,-1.95  ,-0.98   ,0.37   ,1.19   ,0.07   ,2.94   ,0.21   ,0.02  ,-1.08  ,-0.29   ,1.92   ,2.73   ,2.56   ,0.20   ,0.51   ,2.47   ,2.94   ,2.47   ,0.26   ,2.10   ,3.47   ,4.05   ,0.48  ,-0.10   ,2.53
201711   ,5.63   ,2.31   ,1.55   ,1.57   ,1.93   ,2.46   ,1.99   ,3.62   ,1.77   ,1.82   ,4.28   ,3.33   ,2.89   ,4.62   ,1.66   ,4.53   ,4.97   ,3.64   ,4.25   ,2.73   ,3.38   ,2.62   ,2.68   ,2.16   ,2.79
201712   ,7.15   ,1.17   ,0.79  ,-0.57   ,1.74  ,-0.14   ,0.96   ,0.89  ,-1.31   ,0.83   ,0.83   ,1.26   ,0.56  ,-0.26   ,1.29   ,0.70   ,0.92   ,1.21   ,1.69   ,2.05   ,1.25   ,0.80   ,1.88   ,0.76   ,1.83
201801   ,2.10   ,2.64   ,2.99   ,0.86   ,1.76   ,3.70   ,3.22   ,3.19   ,2.69   ,0.34   ,6.03   ,2.82   ,4.58   ,2.02   ,2.49   ,7.55   ,5.07   ,4.85   ,2.88   ,2.75  ,10.06   ,4.85   ,5.22   ,3.48   ,5.52
201802  ,-4.99  ,-3.46  ,-3.42  ,-4.62  ,-4.43  ,-2.63  ,-2.73  ,-4.18  ,-5.39  ,-5.92  ,-1.66  ,-3.67  ,-2.89  ,-6.48  ,-4.46  ,-2.43  ,-3.96  ,-3.91  ,-4.57  ,-5.19  ,-1.91  ,-2.81  ,-5.37  ,-5.49  ,-4.45
201803   ,2.75  ,-0.14   ,0.37   ,1.66   ,1.21   ,1.10   ,1.07   ,0.86   ,0.45   ,0.51   ,2.07  ,-1.09  ,-0.30   ,0.40   ,1.24  ,-0.09   ,0.53  ,-0.58  ,-0.28   ,1.46  ,-2.57  ,-3.55  ,-2.85  ,-1.04  ,-3.70
201804  ,-0.15   ,1.29   ,1.37   ,0.67   ,2.39   ,2.08   ,1.16   ,1.38   ,1.19   ,3.68  ,-0.87  ,-1.05  ,-0.46  ,-0.93   ,0.42  ,-0.01   ,0.31  ,-1.78   ,0.92   ,0.64   ,0.74   ,0.52   ,0.24   ,0.87   ,0.69
201805   ,9.93   ,8.66   ,7.26   ,6.33   ,4.13   ,8.56   ,7.22   ,5.98   ,6.41   ,5.53   ,3.88   ,4.32   ,3.43   ,1.97   ,2.64   ,5.73   ,1.90   ,3.28   ,0.89   ,1.29   ,3.56   ,4.77   ,1.27   ,0.77  ,-0.74
201806   ,0.96   ,3.19  ,-0.13   ,0.33   ,0.38   ,1.82   ,2.49   ,2.29  ,-0.59   ,0.52  ,-1.58   ,1.12  ,-0.71   ,0.02  ,-1.64   ,1.15   ,1.82   ,1.55  ,-0.14  ,-0.48   ,1.59   ,0.85  ,-0.27   ,0.41  ,-1.24
201807  ,-0.47   ,1.38   ,1.29   ,1.90   ,0.19  ,-0.63   ,1.32   ,4.51   ,1.24   ,1.44   ,1.35   ,0.75   ,1.73   ,1.52   ,1.48   ,2.76   ,2.02   ,2.41   ,2.51   ,2.63   ,3.31   ,3.73   ,3.88   ,3.29   ,4.68
201808   ,6.75   ,8.20   ,4.24   ,2.71   ,0.87   ,7.36   ,5.30   ,4.28   ,2.46   ,1.02   ,8.50   ,6.46   ,4.01   ,1.60   ,1.63   ,9.00   ,3.43   ,2.31  ,-1.02  ,-1.30   ,5.72   ,5.23   ,2.22   ,0.85   ,0.45
201809   ,0.31  ,-2.53  ,-1.06  ,-4.20  ,-1.79  ,-1.29  ,-1.43  ,-1.52  ,-2.17  ,-2.67  ,-1.00  ,-0.88  ,-0.76  ,-2.06  ,-2.19   ,0.03  ,-0.24  ,-1.01  ,-0.98  ,-0.00   ,1.44  ,-0.29   ,2.97   ,0.58  ,-1.57
201810 ,-14.74 ,-11.83 ,-12.22 ,-11.91  ,-8.95 ,-15.53 ,-13.67 ,-10.30 ,-10.79  ,-9.37 ,-13.98 ,-11.16 ,-10.44  ,-8.12  ,-9.75 ,-11.42  ,-9.30  ,-9.01  ,-6.95  ,-8.18 ,-10.07  ,-4.98  ,-5.97  ,-6.49  ,-5.78
201811  ,-2.41   ,1.71  ,-1.00  ,-0.32  ,-1.61   ,2.55   ,0.76   ,2.42   ,2.10   ,0.13   ,1.13   ,2.26   ,1.52   ,2.52   ,1.83   ,3.78   ,2.84   ,2.50   ,1.29   ,1.03   ,3.83  ,-1.49   ,4.00   ,1.55   ,2.22
201812 ,-13.13 ,-11.52 ,-10.54 ,-11.38 ,-10.13  ,-8.69 ,-12.85 ,-11.95 ,-11.00 ,-11.71 ,-11.76 ,-11.05 ,-11.79  ,-9.78 ,-12.13  ,-9.98 ,-10.27 ,-10.43  ,-8.63 ,-11.11  ,-7.86  ,-8.52  ,-8.03 ,-10.18 ,-10.68
201901  ,15.08  ,10.02  ,11.81  ,10.08  ,10.11  ,13.98  ,12.21  ,10.21  ,11.60  ,10.49  ,15.04  ,12.70  ,12.45  ,10.68  ,12.46  ,13.60   ,8.15  ,10.85   ,9.45  ,10.62   ,7.96   ,7.75   ,6.50  ,10.20   ,8.55
201902   ,7.04   ,4.18   ,5.65   ,5.78   ,4.14   ,6.29   ,7.09   ,4.66   ,4.22   ,3.01  ,10.23   ,6.58   ,5.96   ,3.81   ,2.84   ,7.11   ,4.80   ,5.09   ,2.39   ,1.93   ,4.28   ,2.45   ,4.40   ,3.48   ,1.21
201903  ,-1.10  ,-0.52  ,-1.24  ,-3.30  ,-4.47   ,0.86  ,-1.19  ,-1.41  ,-3.18  ,-3.22   ,0.17  ,-1.32  ,-0.36  ,-1.05  ,-2.91   ,2.16   ,2.18  ,-0.26   ,0.22  ,-1.19   ,3.08   ,3.21   ,1.58  ,-0.15  ,-1.30
201904  ,-0.72   ,0.46   ,2.94   ,2.64   ,2.57   ,1.71   ,1.16   ,3.12   ,4.98   ,2.82   ,2.95   ,4.14   ,3.79   ,3.95   ,5.34   ,4.10   ,3.09   ,4.22   ,2.78   ,4.84   ,4.27   ,3.34   ,4.55   ,3.15   ,6.52
201905  ,-6.76  ,-4.45  ,-4.45  ,-7.64  ,-7.74  ,-7.65  ,-9.48  ,-8.46  ,-8.02  ,-9.82  ,-5.97  ,-7.32  ,-7.73  ,-4.66  ,-9.47  ,-4.73  ,-6.01  ,-6.03  ,-6.14  ,-7.39  ,-5.65  ,-6.96  ,-7.32  ,-5.52  ,-7.99
201906   ,9.30   ,5.43   ,7.11   ,6.08   ,6.44   ,6.87   ,9.89   ,7.64   ,8.84   ,7.45   ,6.61   ,8.68   ,8.90   ,5.41   ,7.21   ,7.94   ,8.60   ,8.89   ,6.84   ,7.28   ,6.38   ,7.23   ,7.69   ,6.45   ,7.77
201907  ,-4.89  ,-3.22  ,-0.33  ,-0.39  ,-0.26   ,1.91  ,-2.07   ,1.96   ,0.98  ,-0.81   ,3.71   ,0.65   ,1.67   ,1.22   ,1.56   ,2.27   ,1.23   ,0.87   ,1.03  ,-0.61   ,1.70   ,2.13   ,1.16   ,0.31   ,1.14
201908  ,-4.39  ,-5.92  ,-6.80  ,-5.15  ,-6.37   ,0.25  ,-5.61  ,-5.29  ,-4.21  ,-7.42  ,-4.22  ,-3.62  ,-6.47  ,-5.13  ,-7.18  ,-1.47  ,-1.52  ,-3.21  ,-3.58  ,-5.04   ,0.10  ,-2.18  ,-0.87  ,-2.54  ,-4.37
201909  ,-2.92  ,-0.97   ,0.17   ,2.89   ,4.19  ,-4.79  ,-2.07   ,2.93   ,2.90   ,4.64  ,-2.90   ,0.36   ,2.01   ,3.77   ,6.34  ,-3.88  ,-0.28   ,2.79   ,4.02   ,4.52   ,0.51   ,0.39   ,1.70   ,2.99   ,5.46
201910   ,0.86   ,3.17   ,1.80   ,1.27   ,0.93   ,6.57   ,3.49   ,2.74   ,2.16   ,0.43  ,-1.58   ,2.37   ,0.05   ,0.05   ,1.52   ,4.08   ,1.94   ,1.56  ,-0.12  ,-1.60   ,3.08   ,3.18   ,0.23   ,1.47   ,2.25
201911   ,7.89   ,7.27   ,5.58   ,3.23   ,2.78   ,7.74   ,5.59   ,3.64   ,2.25   ,3.66   ,6.44   ,2.90   ,5.62   ,2.95   ,3.79   ,7.88   ,5.37   ,4.02   ,2.69   ,2.97   ,4.89   ,2.96   ,4.98   ,2.45   ,3.46
201912   ,8.30   ,5.38   ,5.47   ,5.42   ,6.09  ,-0.70   ,2.49   ,2.68   ,4.84   ,4.46  ,-0.17   ,2.29   ,2.73   ,3.52   ,3.56   ,0.34   ,0.60   ,3.16   ,3.33   ,4.42   ,4.35   ,2.27   ,1.40   ,2.13   ,3.39
202001  ,-3.06  ,-3.02  ,-2.45  ,-4.32  ,-7.41  ,-1.37  ,-0.29  ,-2.89  ,-4.13  ,-6.30   ,1.51  ,-1.25  ,-2.26  ,-2.70  ,-4.84   ,1.35  ,-2.20   ,0.15  ,-1.54  ,-3.26   ,3.81   ,0.70  ,-0.19  ,-1.47  ,-4.84
202002  ,-8.36  ,-6.64  ,-7.76  ,-8.88  ,-9.20  ,-4.97  ,-6.80  ,-7.71 ,-11.30 ,-10.24  ,-9.26  ,-6.47  ,-7.72 ,-10.73  ,-9.70  ,-6.40  ,-8.21  ,-8.85  ,-9.04 ,-10.52  ,-6.76  ,-7.40  ,-8.83  ,-9.26 ,-10.21
202003 ,-21.13 ,-21.53 ,-19.53 ,-22.76 ,-30.41 ,-20.68 ,-19.39 ,-20.70 ,-20.14 ,-27.49 ,-17.90 ,-17.96 ,-21.60 ,-21.48 ,-29.42  ,-9.18 ,-13.54 ,-16.89 ,-21.08 ,-31.10  ,-7.57  ,-9.02 ,-10.94 ,-16.27 ,-22.47
202004  ,24.66  ,20.00  ,14.93  ,13.99  ,17.03  ,20.56  ,20.66  ,13.59  ,14.90  ,17.34  ,17.15  ,15.21  ,15.78  ,13.20  ,17.86  ,14.95  ,15.87  ,13.80  ,12.25  ,14.44  ,15.19  ,13.07  ,10.84  ,10.03   ,9.69
202005   ,8.77   ,7.86   ,6.55   ,4.87   ,4.97  ,10.93  ,14.26   ,9.33   ,5.18   ,3.59   ,9.43   ,9.76   ,7.87   ,5.21   ,2.79  ,13.03   ,8.33   ,7.40   ,5.68   ,3.41   ,5.62   ,5.68   ,4.58   ,3.27   ,2.06
202006   ,9.76   ,7.07   ,2.26   ,6.80   ,5.20   ,3.50   ,4.00   ,1.88   ,1.65   ,3.52   ,3.05   ,2.00   ,2.37   ,0.30   ,3.13   ,4.13   ,1.68   ,1.63   ,0.81   ,1.77   ,7.89  ,-0.57  ,-1.73   ,0.19  ,-0.61
202007   ,1.44   ,1.95   ,3.39   ,4.23   ,2.93   ,2.81   ,3.19   ,5.23   ,3.47   ,4.22   ,5.63   ,5.17   ,4.55   ,4.92   ,2.33   ,5.80   ,8.62   ,5.12   ,6.33   ,3.76   ,8.07   ,6.68   ,4.82   ,5.16   ,1.95
202008  ,13.41   ,5.26   ,6.49   ,6.07   ,6.38   ,9.94   ,6.60   ,4.48   ,3.15   ,4.71   ,4.78   ,6.14   ,4.40   ,5.13   ,5.27   ,4.59   ,1.04   ,3.41   ,4.25   ,2.95  ,13.02   ,6.29   ,6.27   ,4.45   ,3.72
202009  ,-0.69  ,-1.68  ,-2.88  ,-6.17  ,-5.63   ,0.55  ,-2.21  ,-3.02  ,-4.34  ,-5.37   ,4.58   ,0.14  ,-3.51  ,-3.85  ,-4.03  ,-0.56  ,-0.87  ,-0.04  ,-1.82  ,-4.21  ,-5.83  ,-2.53  ,-2.93  ,-1.72  ,-5.36
202010   ,1.33  ,-2.34   ,1.02   ,3.23   ,2.94  ,-0.91   ,3.28   ,3.07   ,2.69   ,4.34   ,4.42   ,3.94   ,0.67   ,1.58   ,3.27   ,0.22   ,0.24   ,0.66  ,-0.04   ,0.35  ,-5.11  ,-3.55   ,0.09  ,-2.87  ,-1.29
202011  ,15.67  ,23.88  ,19.00  ,17.96  ,20.66  ,25.29  ,18.46  ,17.89  ,14.38  ,18.69  ,12.11  ,12.35  ,14.32  ,15.69  ,18.18  ,17.09  ,10.71  ,11.22  ,11.11  ,16.93  ,10.49  ,11.23   ,8.96  ,14.23  ,17.36
202012  ,11.35  ,12.72  ,10.52   ,9.41   ,8.76  ,12.78  ,11.15   ,9.30   ,7.55   ,8.02   ,9.32   ,7.66   ,5.20   ,5.99   ,6.75   ,7.53   ,4.24   ,4.17   ,3.32   ,4.77   ,6.29   ,2.05   ,0.86   ,4.76   ,4.36
202101  ,18.09   ,8.84   ,8.10   ,4.39  ,10.47   ,4.68   ,4.95   ,0.45   ,3.26   ,2.97  ,-0.63   ,0.82   ,1.55  ,-1.08   ,3.20  ,-2.29   ,0.52  ,-2.01   ,0.21   ,0.38  ,-1.02  ,-2.54   ,1.45  ,-4.25   ,0.74
202102   ,2.58   ,7.35   ,9.00   ,8.83   ,9.76  ,-1.30  ,-0.40   ,8.01   ,8.10  ,10.42   ,3.48   ,3.32   ,4.36   ,7.68  ,10.39   ,4.51   ,0.91   ,4.51   ,7.46  ,10.34  ,-0.92   ,0.69   ,3.33   ,5.00   ,9.59
202103  ,-4.29  ,-4.49  ,-1.65   ,2.16   ,5.57  ,-5.86  ,-3.97   ,1.47   ,3.20   ,5.88  ,-5.42  ,-0.65   ,3.16   ,5.61   ,5.65  ,-4.73   ,2.02   ,6.54   ,4.61   ,7.32   ,0.83   ,5.82   ,4.15   ,5.31   ,6.50
202104   ,0.36   ,1.75   ,0.83   ,2.81   ,1.68   ,3.80   ,1.68   ,3.68   ,4.68   ,2.87   ,6.91   ,2.11   ,4.19   ,5.12   ,5.43   ,7.67   ,4.28   ,5.37   ,4.09   ,4.34   ,6.76   ,4.47   ,6.09   ,3.39   ,4.50
202105  ,-1.36  ,-1.49   ,0.07   ,1.45   ,5.44  ,-0.48  ,-1.41   ,0.92   ,1.07   ,3.50  ,-4.21  ,-3.69  ,-0.61   ,1.58   ,3.98  ,-1.18  ,-0.89   ,0.97   ,3.16   ,4.82  ,-2.30   ,1.38   ,1.03   ,1.93   ,5.15
202106   ,5.75   ,5.94   ,3.28   ,2.11   ,0.70   ,4.83   ,4.89   ,0.87  ,-2.23  ,-2.72   ,6.91   ,3.81  ,-0.81  ,-2.50  ,-3.00   ,7.24   ,3.73  ,-0.48  ,-2.13  ,-3.61   ,7.32   ,2.78   ,1.52  ,-0.81  ,-2.85
202107  ,-6.52  ,-8.18  ,-4.60  ,-3.80  ,-3.99  ,-6.31  ,-4.35  ,-2.37  ,-1.79  ,-3.82  ,-4.69  ,-2.57  ,-0.44  ,-1.15  ,-1.59  ,-1.18  ,-0.19   ,3.17  ,-1.14  ,-2.26   ,3.17   ,3.44   ,3.90   ,0.71  ,-2.27
202108   ,0.52   ,0.75   ,3.81   ,0.81   ,1.76  ,-0.48   ,2.85   ,1.03   ,1.04   ,2.11   ,0.98   ,1.91   ,1.73   ,0.96   ,2.63   ,3.79   ,3.59   ,1.58   ,2.40   ,3.68   ,4.04   ,2.18   ,3.88   ,0.48   ,2.20
202109  ,-6.64  ,-5.18  ,-4.26  ,-3.41   ,0.95  ,-6.12  ,-4.65  ,-3.00  ,-3.57  ,-0.34  ,-3.10  ,-2.14  ,-3.97  ,-2.96  ,-1.07  ,-4.79  ,-4.70  ,-5.91  ,-3.33   ,0.11  ,-5.54  ,-6.03  ,-5.74  ,-4.22   ,0.00
202110  ,-0.26   ,2.43   ,1.62   ,3.62   ,4.76   ,3.75   ,5.09   ,3.85   ,4.18   ,3.38   ,4.69   ,5.30   ,3.86   ,3.62   ,4.68   ,6.09   ,5.38   ,7.07   ,4.52   ,5.30   ,9.92   ,4.60   ,7.06   ,2.48   ,6.62
202111 ,-10.41  ,-9.50  ,-6.63  ,-3.58  ,-4.58  ,-5.72  ,-6.46  ,-2.28  ,-1.45  ,-3.22 ,-10.77  ,-9.22  ,-1.98  ,-3.12  ,-3.72  ,-5.07  ,-3.72  ,-2.69  ,-4.80  ,-3.11   ,2.70  ,-2.84  ,-2.92  ,-3.81  ,-5.21
202112  ,-3.16  ,-4.23   ,0.08   ,3.73   ,3.12   ,0.46   ,0.79   ,2.06   ,4.56   ,4.89  ,-1.66  ,-0.78   ,5.57   ,4.82   ,5.05  ,-1.99   ,2.30   ,5.87   ,5.71   ,5.49   ,0.45   ,7.29   ,5.35   ,6.23   ,4.83
202201 ,-14.03 ,-14.98 ,-13.31  ,-8.63  ,-1.59  ,-9.16 ,-12.38 ,-10.13  ,-8.39  ,-0.57 ,-15.57 ,-14.54  ,-8.83  ,-3.89  ,-0.64 ,-14.34 ,-10.31  ,-6.49  ,-3.25   ,1.99  ,-8.59  ,-6.34  ,-6.23  ,-1.43   ,4.84
202202  ,-1.23  ,-1.08   ,0.41   ,2.80   ,3.00  ,-2.23  ,-1.17  ,-0.16   ,1.07   ,2.62   ,1.53  ,-0.32  ,-0.11   ,1.51   ,2.82  ,-0.31  ,-1.85  ,-0.37   ,0.88   ,1.60  ,-3.55  ,-7.29  ,-1.37  ,-1.11   ,0.51
202203   ,2.23   ,2.34   ,2.91   ,1.82   ,3.27   ,3.16  ,-0.06   ,1.21   ,0.66   ,1.50   ,3.22   ,0.92   ,0.05   ,0.94   ,2.67  ,-0.66   ,1.92   ,3.97   ,3.35   ,3.34   ,4.82   ,4.70   ,3.89   ,2.77   ,1.91
202204 ,-11.93 ,-17.35 ,-13.81  ,-8.32  ,-5.11 ,-12.92 ,-13.53  ,-9.32  ,-7.85  ,-6.43 ,-12.60 ,-12.17  ,-6.79  ,-6.18  ,-6.13 ,-11.36  ,-9.98  ,-7.26  ,-5.05  ,-4.98 ,-13.24  ,-5.58  ,-8.96  ,-7.48  ,-6.11
202205  ,-3.25  ,-4.59  ,-3.41  ,-0.39   ,3.17  ,-2.95  ,-5.78   ,0.41   ,1.61   ,4.18  ,-3.65  ,-4.26   ,1.23   ,3.35   ,3.55  ,-3.33  ,-3.59   ,0.97   ,2.07   ,5.61  ,-3.24  ,-2.06  ,-0.31   ,3.39   ,5.95
202206  ,-4.60  ,-7.27  ,-4.26  ,-7.51 ,-11.03  ,-7.06  ,-3.91  ,-7.69  ,-7.94 ,-11.62  ,-5.37  ,-6.94  ,-9.00 ,-10.26 ,-11.41  ,-7.44  ,-7.83  ,-9.27 ,-10.11 ,-12.63  ,-8.41  ,-7.17  ,-4.39  ,-9.75 ,-12.23
202207  ,11.82  ,11.17  ,11.66   ,9.87   ,6.11  ,10.42  ,14.15   ,9.05   ,9.53   ,8.48  ,10.76  ,13.41  ,10.33   ,9.45   ,7.86  ,11.71  ,12.34  ,10.12   ,5.55   ,5.98  ,14.78   ,6.52   ,5.02   ,3.58   ,6.75
202208   ,0.44   ,2.15  ,-0.98  ,-2.45  ,-1.66  ,-1.09  ,-2.46  ,-4.84  ,-1.95  ,-2.61  ,-1.65  ,-3.02  ,-3.39  ,-2.24  ,-1.72   ,0.31  ,-4.86  ,-3.91  ,-2.94  ,-0.99  ,-5.76  ,-3.80  ,-2.84  ,-2.35  ,-2.00
202209 ,-10.78 ,-10.18  ,-9.07 ,-10.12  ,-9.94  ,-8.68  ,-9.95 ,-10.30 ,-11.50  ,-8.85  ,-7.99  ,-8.35 ,-10.20 ,-10.64  ,-7.98  ,-8.17  ,-9.59  ,-9.90  ,-9.72  ,-9.47 ,-10.19  ,-8.34  ,-5.28 ,-10.29  ,-8.75
202210   ,2.16   ,6.74   ,7.35   ,8.99  ,10.26   ,3.86   ,6.46   ,9.57  ,12.03  ,13.84   ,2.36   ,6.29  ,11.43  ,10.76  ,10.25   ,6.43   ,6.97   ,6.39   ,8.71  ,11.17   ,4.66   ,5.41  ,11.19   ,9.47  ,15.40
202211  ,-1.28  ,-2.77   ,0.46   ,1.30   ,2.33   ,1.42   ,3.51   ,4.80   ,5.37   ,4.26   ,4.55   ,3.60   ,5.55   ,6.33   ,4.14   ,4.51   ,6.52   ,7.35   ,7.31   ,5.71   ,3.66   ,6.88   ,5.76   ,4.59   ,5.26
202212  ,-8.47  ,-1.91  ,-6.24  ,-5.98  ,-4.61  ,-4.55  ,-8.99  ,-6.06  ,-7.28  ,-5.00  ,-4.85  ,-5.25  ,-5.48  ,-5.86  ,-6.37  ,-4.93  ,-5.96  ,-5.44  ,-3.37  ,-4.91  ,-9.41  ,-4.88  ,-3.67  ,-4.57  ,-4.65
202301  ,14.46  ,13.60  ,12.08  ,12.24   ,7.48  ,11.01  ,12.94  ,12.48   ,9.60   ,8.20  ,10.52  ,12.54  ,12.16   ,9.63   ,9.35   ,9.41   ,7.23   ,8.60   ,6.65   ,7.35  ,10.45   ,3.74   ,1.44   ,6.39   ,5.49
202302  ,-4.19  ,-3.49  ,-3.20  ,-2.95  ,-1.74  ,-2.10  ,-1.97  ,-2.57  ,-0.29  ,-1.78  ,-1.18  ,-1.23  ,-1.73  ,-2.98  ,-2.49  ,-0.42  ,-2.89  ,-2.11  ,-4.48  ,-3.05  ,-0.03  ,-3.24  ,-3.22  ,-4.91  ,-3.48
202303  ,-8.80  ,-4.12  ,-4.25  ,-6.15  ,-6.05  ,-2.83  ,-2.08  ,-1.01  ,-2.41  ,-6.93  ,-0.18   ,0.87  ,-0.80  ,-3.80  ,-5.81   ,2.69   ,1.21  ,-0.71  ,-2.13  ,-6.11   ,9.11   ,5.93   ,1.76   ,1.56  ,-5.15
202304  ,-1.10   ,0.01  ,-0.80  ,-2.28  ,-3.13  ,-1.97  ,-2.26  ,-1.47  ,-2.67  ,-0.24   ,0.35  ,-1.13  ,-2.01  ,-0.24  ,-0.34  ,-3.30  ,-0.93  ,-1.83   ,0.28   ,2.08   ,0.99   ,1.76   ,1.46   ,1.83   ,3.06
202305   ,2.14   ,0.70   ,3.22   ,0.74  ,-2.52  ,-3.03  ,-0.45  ,-1.02   ,0.94  ,-5.33   ,0.69  ,-0.09  ,-2.96  ,-3.21  ,-4.04   ,0.50   ,0.44  ,-2.33  ,-4.93  ,-6.71   ,7.13   ,1.29  ,-3.31  ,-5.81  ,-6.65
202306   ,6.12   ,1.97   ,6.65   ,7.71   ,6.70   ,5.13   ,9.41   ,8.94   ,9.66   ,7.39   ,7.29   ,8.99  ,11.16   ,9.65   ,7.16   ,7.79   ,9.43   ,7.87   ,8.07   ,7.31   ,8.07   ,4.80   ,3.89   ,6.01   ,5.94
202307   ,1.75   ,3.61   ,4.73   ,5.08   ,8.13   ,4.46   ,5.16   ,4.12   ,5.30   ,8.55   ,0.05   ,2.00   ,4.14   ,4.60   ,6.61   ,2.19   ,1.17   ,3.62   ,2.05   ,8.58   ,2.35   ,2.37   ,6.13   ,3.90   ,5.56
202308 ,-10.78  ,-6.26  ,-8.26  ,-5.08  ,-4.48  ,-6.83  ,-1.63  ,-4.39  ,-5.79  ,-5.02  ,-0.72  ,-4.78  ,-0.59  ,-3.01  ,-3.46  ,-5.41  ,-3.29  ,-3.74  ,-2.82  ,-4.44  ,-0.70  ,-0.26  ,-0.48  ,-2.50  ,-4.77
202309  ,-6.84  ,-8.19  ,-5.79  ,-5.68  ,-4.98  ,-5.91  ,-6.47  ,-5.41  ,-5.33  ,-5.48  ,-5.59  ,-5.52  ,-5.10  ,-5.82  ,-4.50  ,-5.60  ,-4.97  ,-5.29  ,-4.03  ,-4.00  ,-5.73  ,-5.06  ,-4.15  ,-1.20  ,-1.86
202310  ,-9.82  ,-8.80  ,-8.64  ,-7.26  ,-5.77  ,-7.64  ,-7.83  ,-7.10  ,-5.92  ,-5.38  ,-6.26  ,-5.29  ,-7.13  ,-5.93  ,-5.82  ,-4.72  ,-6.19  ,-6.75  ,-3.04  ,-5.70  ,-0.96  ,-0.60  ,-4.26  ,-2.88  ,-3.41
202311   ,6.61   ,7.57  ,10.44   ,7.65   ,8.17  ,11.64   ,8.40   ,7.90   ,7.35  ,11.05   ,7.10   ,9.56   ,9.79   ,8.50   ,7.36  ,13.85  ,11.67   ,7.83   ,7.50   ,8.40  ,11.05   ,7.92   ,6.79   ,7.48  ,10.88
202312  ,11.31  ,13.23  ,12.66  ,11.10  ,11.76  ,12.41   ,9.36  ,10.90   ,9.76  ,12.03  ,11.44   ,8.84   ,8.73   ,7.69   ,9.79   ,7.34   ,6.93   ,8.29   ,4.62   ,7.28   ,2.67   ,5.30   ,4.47   ,5.08   ,7.50
202401  ,-3.27  ,-1.39  ,-3.23  ,-2.80  ,-3.37  ,-3.25  ,-3.79  ,-3.80  ,-3.82  ,-4.15  ,-1.96  ,-0.96  ,-1.02  ,-1.98  ,-2.88  ,-1.23  ,-0.58  ,-0.95  ,-0.19  ,-3.44   ,2.54   ,2.33  ,-0.29   ,4.17   ,1.20
202402   ,4.73  ,10.30   ,5.73   ,6.32   ,2.85   ,3.55   ,3.99   ,5.74   ,3.13   ,1.41   ,8.04   ,8.19   ,8.18   ,3.88   ,3.23   ,6.64   ,6.45   ,7.68   ,5.36   ,1.91   ,5.55   ,6.47   ,1.30   ,7.48   ,4.13
202403   ,2.17   ,0.03   ,1.54   ,3.53   ,4.54   ,2.92   ,1.83   ,1.84   ,3.03   ,5.74   ,3.55   ,2.47   ,4.90   ,5.42   ,6.94  ,-0.54   ,3.18   ,4.59   ,5.09   ,7.86   ,0.98   ,2.43   ,6.32   ,3.51   ,6.86
202404  ,-4.34  ,-8.39  ,-7.36  ,-6.98  ,-4.35  ,-6.06  ,-5.90  ,-6.86  ,-5.13  ,-6.31  ,-6.82  ,-7.27  ,-5.34  ,-5.39  ,-5.91  ,-4.90  ,-3.63  ,-5.26  ,-3.58  ,-4.36  ,-4.02  ,-4.44   ,1.87  ,-4.75  ,-5.26
202405   ,9.64   ,5.63   ,3.70   ,4.03   ,4.65   ,6.09   ,4.78   ,5.45   ,4.07   ,5.31   ,0.84   ,1.74   ,4.70   ,3.77   ,5.27   ,1.06   ,1.18   ,0.68   ,3.74   ,3.97   ,8.26   ,2.33   ,4.44   ,3.56   ,3.59
202406   ,1.37  ,-3.52  ,-3.07  ,-2.61  ,-2.25   ,4.07  ,-0.02  ,-0.89  ,-1.60  ,-2.57   ,0.36   ,0.22  ,-2.77  ,-1.08  ,-2.70   ,0.90   ,0.54  ,-2.48  ,-2.24  ,-2.05   ,7.19   ,4.86   ,1.32   ,0.39  ,-1.07
202407  ,10.26   ,6.64   ,8.53   ,9.48  ,11.16   ,8.87   ,6.25   ,6.61   ,7.99   ,9.35   ,1.20   ,4.13   ,5.84   ,6.28   ,6.99   ,1.79   ,2.01   ,6.84   ,4.35   ,6.39  ,-0.91  ,-1.29   ,3.75   ,3.85   ,5.39
202408  ,-4.10   ,0.82  ,-1.17  ,-3.04  ,-2.13   ,2.10  ,-0.23  ,-1.58  ,-1.02  ,-0.90  ,-1.56   ,1.78   ,1.04   ,0.99   ,0.53   ,2.60   ,2.68   ,1.31   ,2.56   ,2.44   ,3.23   ,1.46   ,3.59   ,0.13   ,3.58
202409   ,2.72   ,1.01   ,1.83   ,0.66  ,-0.20   ,4.02   ,3.16   ,2.22   ,1.06   ,0.84   ,1.18   ,3.08   ,2.29   ,0.64   ,1.17   ,3.54   ,2.83   ,3.52   ,2.02   ,1.32   ,2.32   ,3.04   ,2.80   ,0.07  ,-0.64
202410   ,1.37   ,1.08  ,-1.28  ,-2.45  ,-0.63  ,-4.74   ,0.63  ,-2.97  ,-0.73  ,-1.11  ,-0.70  ,-0.31  ,-1.80  ,-0.55  ,-0.36   ,1.32  ,-1.24   ,0.35  ,-1.20  ,-0.01  ,-0.65  ,-1.12  ,-1.72  ,-2.17   ,1.68
202411  ,10.84  ,19.60  ,10.74   ,8.69   ,9.13   ,9.24  ,10.74   ,9.90   ,9.55   ,8.83  ,10.49   ,9.23   ,6.60   ,7.41   ,8.54  ,12.89   ,7.94   ,7.29   ,5.32   ,7.07   ,6.83   ,4.85   ,6.09   ,3.59  ,10.03
202412  ,-2.94  ,-3.22  ,-7.66  ,-7.73  ,-6.11  ,-8.73  ,-6.91  ,-8.24  ,-7.21  ,-7.64  ,-4.79  ,-8.47  ,-6.91  ,-5.81  ,-6.86  ,-5.32  ,-6.43  ,-8.42  ,-7.72  ,-6.80  ,-0.46   ,1.80  ,-5.81  ,-7.90  ,-6.05
202501   ,0.16  ,-0.21   ,1.93   ,2.47   ,1.62   ,4.87   ,3.92   ,2.81   ,3.16   ,2.83   ,3.04   ,3.39   ,4.67   ,5.26   ,4.57   ,7.03   ,4.07   ,3.61   ,3.10   ,3.41  ,-1.18   ,6.82   ,6.03   ,2.30   ,6.49
202502  ,-6.42  ,-9.49  ,-7.91  ,-7.13  ,-4.20  ,-5.71  ,-5.87  ,-3.49  ,-4.87  ,-2.25  ,-4.90  ,-5.31  ,-6.57  ,-2.47  ,-2.90  ,-5.09  ,-3.28  ,-4.11  ,-1.19   ,0.64  ,-0.46  ,-6.28  ,-0.98   ,3.33   ,2.78
202503  ,-7.62 ,-10.05  ,-6.78  ,-7.63  ,-5.02  ,-6.59  ,-8.92  ,-6.22  ,-5.03  ,-3.94  ,-5.54  ,-7.20  ,-6.73  ,-3.40  ,-2.54  ,-8.85  ,-6.24  ,-2.05  ,-2.27  ,-1.43  ,-8.17  ,-7.63  ,-3.36   ,0.23  ,-3.47
202504  ,-0.45   ,2.44   ,0.14  ,-0.77  ,-2.61   ,2.66  ,-1.76  ,-0.98  ,-2.25  ,-3.77  ,-1.58  ,-0.50   ,0.12  ,-0.63  ,-4.65   ,1.47  ,-0.92   ,1.37  ,-1.62  ,-2.79   ,2.40  ,-0.13  ,-3.80  ,-6.70  ,-0.91
202505  ,11.82   ,7.27   ,4.95   ,6.16   ,6.14   ,0.11   ,9.17   ,6.30   ,4.76   ,4.86   ,6.13   ,5.16   ,6.70   ,4.98   ,5.79  ,11.78   ,7.56   ,5.18   ,2.85   ,4.63   ,8.11   ,7.96   ,3.42   ,1.68   ,4.20
202506   ,4.11   ,6.92   ,5.76   ,7.58   ,5.55   ,5.80   ,5.67   ,4.46   ,4.94   ,4.28   ,0.19   ,3.53   ,4.05   ,4.27   ,4.60   ,1.88   ,6.78   ,4.78   ,2.06   ,4.51   ,6.03   ,5.79   ,4.44   ,4.78   ,4.81
202507  ,-0.19   ,0.79   ,2.96   ,2.19   ,1.44   ,0.23   ,1.27   ,1.86   ,2.56   ,1.89   ,7.08   ,4.76   ,1.89  ,-0.56  ,-1.16   ,1.67   ,2.54   ,2.51   ,2.82   ,1.53   ,4.06   ,2.66   ,0.05   ,0.07  ,-0.16
202508   ,8.09   ,9.93   ,5.31   ,7.51   ,9.37   ,3.88   ,4.72   ,4.14   ,5.44   ,8.07   ,3.73   ,1.30   ,2.20   ,2.07   ,4.63   ,1.34   ,1.36   ,1.95   ,1.72   ,5.64   ,1.42   ,0.62   ,1.91   ,3.07   ,6.14
202509   ,6.10   ,1.92   ,2.71   ,4.02   ,1.86   ,3.25   ,2.83   ,1.09   ,1.57   ,1.89  ,-0.69   ,0.24   ,2.28   ,1.82   ,0.94  ,-0.02  ,-0.87  ,-0.14   ,1.25   ,2.51   ,7.37   ,2.64   ,0.73   ,3.31   ,1.71
202510   ,0.32   ,3.79   ,6.09   ,2.50   ,0.02   ,3.82   ,0.56   ,0.82  ,-1.28  ,-1.07   ,0.84   ,1.79   ,2.82  ,-1.01  ,-1.86   ,2.10  ,-1.07  ,-2.70  ,-1.29  ,-0.32   ,3.52   ,4.91   ,0.71   ,0.86  ,-1.11
