Date,SMALL LoPRIOR,ME1 PRIOR2,ME1 PRIOR3,ME1 PRIOR4,SMALL HiPRIOR,ME2 PRIOR1,ME2 PRIOR2,ME2 PRIOR3,ME2 PRIOR4,ME2 PRIOR5,ME3 PRIOR1,ME3 PRIOR2,ME3 PRIOR3,ME3 PRIOR4,ME3 PRIOR5,ME4 PRIOR1,ME4 PRIOR2,ME4 PRIOR3,ME4 PRIOR4,ME4 PRIOR5,BIG LoPRIOR,ME5 PRIOR2,ME5 PRIOR3,ME5 PRIOR4,BIG HiPRIOR
199011   ,4.51   ,2.52   ,3.45   ,4.57   ,5.82  ,10.38   ,6.99   ,4.57   ,4.97   ,7.94   ,9.06   ,9.89   ,6.38   ,6.19   ,7.64  ,12.69  ,11.68   ,9.39   ,4.59   ,6.18  ,13.46   ,5.38   ,6.72   ,4.82   ,5.22
199012  ,-1.68   ,2.97   ,1.08   ,3.00   ,3.32   ,3.55   ,4.65   ,3.71   ,5.21   ,5.56   ,6.53   ,4.93   ,3.72   ,5.96   ,5.19   ,5.61   ,6.00   ,6.19   ,2.69  ,-0.02   ,4.74   ,5.61   ,2.93   ,2.39   ,1.61
199101   ,9.48   ,6.66   ,5.32   ,4.17   ,7.53   ,8.11   ,6.24   ,4.79   ,2.13   ,9.45   ,7.48   ,4.65   ,6.45   ,5.72   ,9.84   ,9.20   ,3.88   ,3.70   ,2.77   ,7.19  ,12.11   ,5.42   ,4.83   ,0.14   ,4.90
199102  ,16.10  ,10.06  ,10.00   ,9.78  ,14.29  ,12.26  ,13.12   ,8.69   ,9.04   ,8.84  ,15.62  ,10.86   ,8.57   ,7.49  ,10.44  ,11.17   ,9.34   ,9.17   ,7.46   ,7.96   ,7.78   ,5.82   ,6.67   ,5.54   ,8.21
199103   ,6.44   ,4.93   ,5.62   ,7.95  ,12.60   ,4.45   ,5.43   ,4.60   ,7.30  ,10.84   ,2.51   ,2.49   ,2.60   ,4.01   ,8.72   ,1.43   ,1.93   ,2.16   ,3.86   ,7.35   ,2.05   ,0.94   ,1.61   ,2.90   ,3.38
199104   ,0.51   ,0.86   ,2.89   ,0.55   ,1.93  ,-1.54   ,1.45   ,1.34   ,1.49  ,-1.28   ,2.09   ,1.45   ,0.53   ,1.44  ,-0.16   ,2.75  ,-0.08   ,1.46   ,1.64  ,-3.53   ,3.76   ,0.25   ,0.65  ,-0.30  ,-0.78
199105   ,1.29   ,3.01   ,2.14   ,5.64   ,5.22   ,2.28   ,4.41   ,4.54   ,2.77   ,5.78   ,4.68   ,3.80   ,3.17   ,3.06   ,5.98   ,5.51   ,3.48   ,3.46   ,3.69   ,4.82   ,7.05   ,3.66   ,3.60   ,3.16   ,4.39
199106  ,-3.94  ,-2.82  ,-2.24  ,-2.52  ,-3.78  ,-3.57  ,-1.08  ,-3.25  ,-3.61  ,-6.14  ,-3.59  ,-3.85  ,-1.43  ,-2.31  ,-5.02  ,-3.27  ,-4.18  ,-3.55  ,-3.63  ,-4.75  ,-6.39  ,-4.59  ,-4.78  ,-3.50  ,-3.98
199107   ,1.44   ,1.57   ,3.23   ,2.59   ,6.17   ,0.90   ,2.23   ,2.21   ,4.72   ,5.55   ,2.49   ,3.16   ,2.22   ,3.59   ,9.12   ,3.65   ,2.82   ,1.94   ,4.98   ,6.91   ,3.11   ,3.07   ,2.91   ,6.46   ,7.68
199108   ,1.13   ,2.25   ,2.39   ,3.71   ,4.05   ,0.68   ,1.44   ,3.19   ,3.80   ,6.35   ,3.15   ,3.30   ,2.70   ,2.51   ,6.60   ,2.77   ,1.53   ,1.47   ,2.10   ,3.01   ,2.76   ,1.32   ,1.49   ,2.95   ,4.55
199109  ,-1.17   ,1.68  ,-0.73   ,0.32   ,3.47  ,-1.83  ,-0.73  ,-0.28   ,1.41   ,2.90  ,-3.02  ,-0.36  ,-0.54  ,-0.55   ,1.91  ,-2.73  ,-0.89  ,-0.96  ,-1.06  ,-0.69  ,-1.48  ,-1.33  ,-1.18  ,-2.38  ,-0.55
199110   ,0.87   ,1.84   ,3.34   ,3.04   ,7.59   ,1.44   ,1.96   ,0.47   ,2.33   ,4.04   ,1.07   ,2.84   ,3.11   ,1.81   ,4.89   ,1.73   ,1.74   ,1.60   ,3.89   ,3.61   ,0.42   ,1.37   ,2.18   ,2.72   ,2.38
199111  ,-3.91  ,-2.08  ,-1.59  ,-2.87  ,-2.79  ,-5.43  ,-3.44  ,-3.10  ,-3.36  ,-5.58  ,-5.74  ,-2.93  ,-3.45  ,-3.20  ,-7.75  ,-5.22  ,-2.50  ,-3.52  ,-4.03  ,-3.16  ,-5.79  ,-3.24  ,-2.43  ,-2.56  ,-5.40
199112  ,-1.26   ,1.36   ,2.83   ,4.97   ,8.18   ,2.80   ,5.23   ,7.45   ,5.55  ,12.86   ,4.73   ,7.91   ,5.78   ,8.00  ,13.55   ,3.69   ,7.20   ,9.26   ,8.58  ,17.06   ,6.63   ,8.60  ,10.89  ,15.42  ,17.56
199201  ,13.44  ,10.58   ,8.94  ,10.17  ,13.51   ,7.29   ,7.27   ,5.59   ,8.18   ,9.81   ,5.55   ,4.79   ,6.18   ,7.96   ,5.01   ,2.54   ,0.48   ,0.34   ,3.20   ,2.62   ,1.28  ,-0.48  ,-3.21  ,-3.74  ,-3.85
199202   ,4.21   ,5.17   ,5.41   ,5.87   ,4.81   ,2.67   ,1.96   ,3.11   ,2.11   ,1.26   ,1.09   ,2.13   ,3.34   ,2.13   ,3.56   ,2.92   ,1.89   ,1.96   ,2.13   ,1.49   ,1.19   ,0.91   ,0.59   ,1.73   ,0.45
199203  ,-2.82  ,-0.70   ,0.39  ,-0.49  ,-2.58  ,-4.90  ,-2.05  ,-0.97  ,-2.60  ,-6.03  ,-4.30  ,-2.86   ,0.23  ,-3.42  ,-4.09  ,-2.31  ,-3.21  ,-2.20  ,-1.00  ,-2.39  ,-3.05  ,-2.50  ,-0.58  ,-2.84  ,-3.68
199204  ,-4.57  ,-1.34  ,-3.11  ,-3.39  ,-4.26  ,-3.63  ,-3.58  ,-3.23  ,-3.54  ,-5.49  ,-3.05  ,-1.92  ,-0.95  ,-1.25  ,-4.14  ,-0.07  ,-0.80   ,0.48  ,-1.84  ,-2.93   ,5.05   ,3.92   ,2.24   ,0.91  ,-1.40
199205  ,-0.13   ,1.51   ,0.05   ,1.53   ,1.81   ,1.72  ,-0.91  ,-0.21   ,1.13  ,-1.17   ,2.92  ,-0.29   ,0.19   ,1.18   ,1.07   ,1.67   ,0.59   ,1.23   ,0.07  ,-0.08   ,0.68  ,-0.16   ,0.19   ,0.97   ,2.71
199206  ,-5.46  ,-2.38  ,-3.86  ,-3.30  ,-3.75  ,-6.46  ,-3.54  ,-2.44  ,-0.88  ,-4.36  ,-2.68  ,-1.74  ,-1.07  ,-3.43  ,-3.86  ,-2.22  ,-2.53  ,-1.99  ,-3.54  ,-2.92  ,-0.83  ,-0.52  ,-1.33  ,-1.58  ,-5.17
199207   ,0.64   ,0.72   ,3.04   ,3.95   ,3.60   ,2.58   ,2.97   ,3.51   ,2.61   ,4.83   ,2.07   ,2.29   ,4.55   ,3.29   ,6.02   ,3.80   ,2.34   ,5.62   ,5.55   ,3.72   ,4.89   ,3.33   ,4.71   ,3.86   ,3.91
199208  ,-3.15  ,-2.36  ,-0.77  ,-1.75  ,-2.91  ,-1.59  ,-1.29  ,-1.84  ,-1.72  ,-3.16  ,-2.99  ,-2.21  ,-3.04  ,-1.85  ,-4.53  ,-1.98  ,-0.91  ,-1.08  ,-2.98  ,-3.96  ,-2.62  ,-0.70  ,-1.98  ,-2.27  ,-3.13
199209  ,-1.06   ,1.11   ,1.96   ,0.41   ,1.87  ,-0.66  ,-0.22   ,1.98   ,2.86   ,4.15  ,-0.78   ,0.10   ,1.12   ,2.19   ,2.78   ,0.20  ,-0.92   ,1.35   ,0.95   ,2.95  ,-0.04   ,1.34   ,0.82   ,0.47   ,2.98
199210   ,0.95   ,1.52   ,2.67   ,3.14   ,3.71   ,1.66   ,0.67   ,2.16   ,2.48   ,3.18   ,0.58   ,2.16   ,1.35   ,4.34   ,3.71   ,2.62   ,1.88   ,3.29   ,2.83   ,4.28  ,-1.09   ,0.66  ,-0.27   ,1.70   ,3.37
199211   ,8.22   ,5.39   ,6.00   ,5.97   ,8.48   ,6.77   ,5.28   ,4.24   ,5.75   ,8.26   ,5.23   ,3.87   ,5.74   ,3.91   ,8.46   ,2.30   ,3.33   ,3.64   ,3.77   ,6.93   ,1.12   ,3.04   ,3.04   ,3.96   ,4.73
199212   ,2.55   ,3.08   ,4.46   ,4.99   ,7.21   ,0.78   ,3.31   ,4.65   ,4.51   ,4.93   ,1.88   ,1.99   ,2.98   ,6.87   ,5.59   ,1.92   ,2.29   ,2.67   ,4.24   ,5.30  ,-2.44   ,1.74   ,2.07   ,1.10   ,3.85
199301   ,3.36   ,5.60   ,6.66   ,6.38   ,9.00   ,0.92   ,1.88   ,1.61   ,5.08   ,4.99  ,-1.39   ,0.86   ,2.74   ,2.58   ,3.78  ,-1.24   ,1.02   ,1.19   ,3.32   ,3.42  ,-3.53  ,-0.29   ,1.19   ,1.83   ,6.30
199302  ,-2.34   ,0.83   ,0.65   ,1.00   ,1.33  ,-3.53  ,-1.50  ,-1.59  ,-1.13  ,-0.40  ,-0.59  ,-1.36   ,0.55  ,-0.56  ,-1.43   ,0.07  ,-0.98   ,0.05   ,1.02  ,-0.29  ,-0.95  ,-1.84   ,3.05   ,1.81   ,2.04
199303   ,1.64   ,2.14   ,5.46   ,6.02   ,5.72   ,0.60   ,2.24   ,2.45   ,3.85   ,4.52   ,2.78   ,2.08   ,2.67   ,3.32   ,6.89   ,2.11   ,4.46   ,3.16   ,2.87   ,7.63   ,0.39   ,1.75   ,2.20   ,3.27   ,3.98
199304  ,-3.25  ,-1.81  ,-0.26  ,-2.03   ,0.18  ,-3.07  ,-1.47  ,-1.64  ,-2.39  ,-1.00  ,-2.33  ,-1.24  ,-0.31  ,-1.15  ,-4.24  ,-1.22  ,-1.14  ,-4.29  ,-2.38  ,-2.46  ,-2.50  ,-1.34  ,-2.99  ,-2.03  ,-3.77
199305   ,5.22   ,3.04   ,3.51   ,3.37   ,3.50   ,4.12   ,3.84   ,3.60   ,6.09   ,5.93   ,7.09   ,4.03   ,4.19   ,3.24   ,5.01   ,5.30   ,2.83   ,3.47   ,2.00   ,4.17   ,2.76   ,1.74   ,1.43   ,3.54   ,6.29
199306  ,-1.53   ,1.02   ,1.21   ,2.43   ,4.56  ,-0.61   ,0.57  ,-1.23   ,1.80   ,2.77  ,-1.69  ,-1.04   ,1.02   ,3.46   ,3.08  ,-0.61  ,-0.61   ,2.16   ,2.02   ,3.31  ,-3.38  ,-1.29   ,0.91   ,3.06   ,4.26
199307  ,-0.16   ,1.48   ,1.96   ,3.63   ,0.72  ,-0.25   ,0.71   ,2.75   ,0.93   ,1.95  ,-0.29  ,-0.53   ,1.94   ,1.40  ,-0.01  ,-1.83  ,-0.54   ,0.29  ,-0.81   ,2.46  ,-3.33  ,-0.31  ,-0.00   ,1.50   ,0.82
199308   ,2.26   ,2.63   ,4.98   ,3.94   ,4.42   ,3.82   ,2.03   ,3.25   ,3.24   ,6.79   ,2.60   ,3.18   ,2.87   ,3.63   ,6.46   ,3.33   ,2.67   ,3.41   ,3.55   ,6.64   ,3.99   ,2.54   ,3.91   ,3.63   ,5.56
199309   ,0.80   ,1.72   ,1.60   ,2.97   ,1.71   ,0.74   ,1.18   ,0.89   ,3.26   ,4.38   ,0.32   ,2.05   ,1.72   ,3.31   ,3.74  ,-2.69  ,-0.94   ,0.13   ,1.50   ,4.04  ,-2.58  ,-1.11  ,-0.07  ,-0.53   ,2.88
199310   ,5.62   ,5.02   ,5.69   ,4.38   ,5.02   ,4.74   ,3.73   ,2.46   ,3.58   ,5.64   ,3.07   ,4.04  ,-0.24   ,3.12   ,1.61   ,3.68   ,0.70   ,1.50   ,1.87  ,-0.81   ,5.55   ,0.98  ,-0.35   ,0.96   ,1.60
199311  ,-1.38  ,-1.74  ,-2.02  ,-1.82  ,-4.39  ,-1.26  ,-1.00  ,-2.19  ,-3.03  ,-6.30   ,0.73  ,-1.31  ,-2.93  ,-3.82  ,-4.73   ,1.00  ,-1.47  ,-3.31  ,-3.10  ,-5.36   ,2.85  ,-0.99  ,-2.32  ,-3.71  ,-4.10
199312  ,-1.44   ,2.37   ,2.07   ,2.61   ,3.10   ,2.75   ,3.16   ,0.67   ,2.71   ,2.65   ,2.66   ,2.08   ,5.02   ,4.68   ,5.47   ,3.23   ,4.14   ,3.88   ,4.51   ,4.15  ,-0.50   ,2.39   ,1.39   ,2.82   ,1.54
199401   ,4.47   ,4.51   ,5.78   ,4.72   ,6.19   ,3.05   ,2.78   ,1.97   ,4.16   ,5.47   ,2.50   ,2.91   ,1.86   ,1.91   ,1.84   ,6.19   ,2.43   ,2.90   ,1.47   ,2.71   ,3.33   ,2.02   ,2.85   ,3.81   ,4.91
199402  ,-0.78  ,-1.21   ,0.68  ,-2.28  ,-1.46  ,-1.09  ,-0.59  ,-0.43  ,-1.31  ,-2.24   ,0.11  ,-0.11  ,-1.60   ,0.49  ,-1.29   ,0.19  ,-2.36  ,-1.23  ,-2.37  ,-0.69  ,-2.65  ,-2.84  ,-2.74  ,-2.92  ,-2.87
199403  ,-4.31  ,-2.60  ,-4.83  ,-3.29  ,-4.40  ,-4.95  ,-5.00  ,-6.09  ,-5.36  ,-6.41  ,-3.68  ,-3.79  ,-4.24  ,-4.40  ,-7.52  ,-4.31  ,-4.34  ,-4.73  ,-4.02  ,-5.82  ,-4.65  ,-3.37  ,-4.34  ,-5.23  ,-4.55
199404  ,-3.82  ,-1.18   ,0.45   ,0.89  ,-0.91  ,-0.89  ,-1.01   ,0.73  ,-0.39  ,-1.24  ,-0.39   ,1.28   ,0.08   ,0.08  ,-0.00  ,-0.23   ,0.80  ,-0.05   ,0.57   ,1.57   ,1.64   ,2.24   ,2.15  ,-0.75  ,-1.46
199405  ,-0.35   ,0.06   ,0.25   ,0.23  ,-0.10   ,1.44   ,0.95  ,-0.96  ,-1.47  ,-3.59   ,0.13   ,0.06  ,-0.28  ,-2.13  ,-3.07   ,0.58  ,-0.69  ,-0.94  ,-1.22  ,-1.55   ,1.84   ,1.80   ,1.06   ,2.31  ,-0.02
199406  ,-4.74  ,-1.77  ,-2.30  ,-0.64  ,-2.46  ,-3.72  ,-1.48  ,-2.50  ,-3.39  ,-5.85  ,-3.04  ,-0.51  ,-3.00  ,-3.08  ,-4.46  ,-1.93  ,-1.39  ,-3.36  ,-3.22  ,-5.70  ,-1.89  ,-3.49  ,-3.11  ,-0.98  ,-5.73
199407   ,0.59   ,1.22   ,0.23   ,0.73   ,1.56   ,0.86   ,1.49  ,-0.53   ,2.33   ,2.39   ,1.84   ,1.99   ,2.11   ,2.87   ,2.94   ,3.65   ,2.16   ,4.07   ,3.13   ,3.75   ,3.34   ,2.70   ,4.74   ,2.56   ,2.38
199408   ,3.05   ,3.41   ,3.65   ,2.62   ,2.73   ,4.89   ,2.96   ,3.98   ,4.92   ,5.07   ,7.33   ,6.29   ,5.18   ,5.19   ,8.24   ,6.18   ,4.21   ,5.50   ,4.09   ,6.85   ,3.96   ,2.27   ,4.12   ,4.73   ,6.88
199409   ,1.29   ,0.62   ,1.72   ,1.33   ,2.82   ,1.22   ,1.69   ,0.52   ,0.45   ,0.82  ,-2.89  ,-1.38  ,-2.06   ,0.25   ,3.09  ,-2.04  ,-1.37  ,-1.05  ,-0.96   ,1.59  ,-2.70  ,-2.30  ,-1.92  ,-2.53  ,-1.83
199410  ,-1.44  ,-0.84   ,0.97   ,0.15   ,1.77  ,-1.94  ,-0.05  ,-0.95  ,-0.78   ,2.37  ,-0.31  ,-1.67  ,-1.39  ,-0.98   ,1.76  ,-0.17   ,0.82  ,-0.08   ,0.37   ,1.36   ,1.95   ,2.88   ,2.08   ,0.50   ,2.60
199411  ,-5.21  ,-3.38  ,-3.26  ,-3.73  ,-4.22  ,-5.11  ,-4.63  ,-4.47  ,-3.08  ,-4.40  ,-5.01  ,-4.74  ,-3.29  ,-3.23  ,-4.10  ,-4.55  ,-4.64  ,-4.55  ,-6.04  ,-5.68  ,-1.97  ,-3.87  ,-3.42  ,-2.94  ,-4.84
199412  ,-4.93  ,-0.85  ,-0.67  ,-0.41   ,0.75  ,-0.40   ,1.80   ,2.34   ,1.88   ,4.15  ,-1.68   ,2.65   ,2.65   ,3.19   ,5.23   ,2.79   ,0.84   ,1.76   ,1.37   ,3.26  ,-0.19   ,0.86   ,2.16   ,1.19   ,1.16
199501   ,3.19   ,2.81   ,2.35   ,0.93   ,1.67  ,-0.84  ,-0.91  ,-2.29  ,-1.21   ,0.07  ,-1.60  ,-1.30  ,-1.88   ,0.47  ,-3.23   ,2.09   ,1.26  ,-0.02   ,0.09  ,-3.16   ,2.96   ,3.00   ,2.75   ,2.75   ,0.66
199502   ,2.99   ,2.58   ,2.92   ,3.51   ,2.86   ,2.37   ,2.97   ,3.39   ,3.17   ,3.14   ,4.32   ,4.92   ,1.75   ,2.74   ,5.53   ,5.92   ,4.83   ,4.11   ,5.37   ,6.40   ,4.75   ,4.46   ,4.03   ,3.31   ,3.20
199503   ,0.72   ,1.80   ,1.35   ,3.99   ,2.70   ,2.62   ,1.70   ,1.85   ,2.51   ,3.18   ,2.80   ,2.18   ,0.48   ,1.79   ,4.03   ,2.80   ,2.75   ,1.89   ,2.38   ,5.42   ,3.77   ,2.82   ,2.39   ,2.30   ,3.01
199504   ,2.67   ,2.63   ,3.42   ,3.41   ,5.18   ,2.44   ,2.26   ,3.12   ,3.21   ,5.44   ,2.17   ,2.35   ,3.25   ,1.29   ,0.92   ,2.31   ,2.73   ,1.32   ,0.82   ,2.66  ,-0.22   ,1.65   ,2.54   ,3.21   ,4.47
199505   ,1.82   ,2.00   ,2.03   ,3.15   ,2.27   ,1.38   ,2.17   ,2.62   ,0.59   ,3.00   ,1.44   ,2.41   ,1.10   ,1.16   ,1.41   ,3.84   ,4.03   ,2.42   ,0.97   ,1.63   ,4.83   ,3.25   ,4.32   ,3.80   ,3.39
199506   ,3.23   ,3.90   ,4.04   ,4.93   ,9.12   ,4.38   ,2.93   ,3.89   ,5.06  ,10.36   ,2.42   ,2.10   ,3.96   ,5.05   ,9.24   ,3.49   ,2.42   ,2.50   ,3.70   ,8.34   ,3.11   ,1.20   ,0.85   ,1.71   ,6.15
199507   ,4.89   ,4.72   ,3.30   ,5.50   ,6.91   ,3.46   ,4.32   ,5.90   ,5.83   ,8.58   ,3.61   ,3.50   ,5.09   ,6.20  ,11.26   ,4.23   ,3.77   ,3.97   ,5.75  ,10.49   ,3.15   ,3.36   ,3.39   ,2.66   ,4.91
199508   ,3.03   ,4.36   ,3.65   ,5.03   ,6.54   ,0.68   ,2.89   ,2.82   ,3.84   ,3.09   ,0.41   ,3.96   ,1.70   ,2.08   ,1.39   ,0.48   ,2.20   ,1.12   ,1.70  ,-0.19   ,1.13   ,0.78   ,1.36   ,0.55  ,-0.16
199509   ,0.31   ,2.57   ,2.69   ,2.41   ,3.38   ,0.96   ,1.62   ,2.31   ,1.49   ,3.72  ,-0.35   ,2.25   ,2.04   ,1.71   ,3.37  ,-1.04   ,1.84   ,1.84   ,2.50   ,4.10   ,5.47   ,1.98   ,4.31   ,5.47   ,3.62
199510  ,-7.40  ,-1.29  ,-2.42  ,-4.21  ,-4.37  ,-7.88  ,-3.11  ,-5.28  ,-3.90  ,-4.65  ,-7.90  ,-3.71  ,-2.55  ,-3.46  ,-3.83  ,-4.39  ,-1.28  ,-1.63  ,-1.36  ,-0.44  ,-3.28  ,-2.53   ,0.24   ,0.80   ,0.88
199511   ,0.02   ,0.52   ,2.70   ,1.76   ,2.69   ,2.90   ,2.36   ,5.12   ,3.82   ,5.96   ,2.64   ,5.24   ,4.48   ,4.58   ,4.75   ,6.50   ,3.01   ,4.37   ,5.36   ,3.90   ,7.06   ,6.01   ,3.92   ,4.28   ,2.12
199512  ,-1.04   ,2.19   ,1.73   ,2.59   ,3.78   ,1.43   ,3.59   ,3.63   ,4.93   ,4.06   ,1.54   ,2.54   ,3.04   ,1.93   ,2.53  ,-0.16   ,1.87   ,1.80   ,1.00   ,0.41  ,-0.07   ,2.53   ,1.66   ,2.44  ,-0.88
199601   ,2.13   ,1.79   ,3.41   ,2.57   ,2.13   ,1.00   ,1.16   ,1.43   ,0.65   ,0.91   ,0.39  ,-0.39  ,-0.33  ,-0.23  ,-0.11   ,2.50   ,1.86   ,0.88  ,-0.25  ,-0.23   ,1.39   ,1.90   ,3.70   ,3.82   ,4.62
199602   ,2.88   ,3.00   ,3.25   ,2.88   ,6.10   ,2.49   ,2.38   ,3.57   ,3.94   ,3.66   ,4.08   ,3.74   ,1.89   ,3.14   ,5.95   ,1.78   ,1.98   ,1.35   ,2.64   ,4.20   ,1.24  ,-0.08   ,0.67   ,1.64   ,3.17
199603   ,3.17   ,3.56   ,1.94   ,2.03   ,4.07   ,2.57   ,1.64   ,1.98   ,4.05   ,3.15   ,2.24   ,2.51   ,0.73   ,2.97   ,2.01   ,1.91   ,1.25   ,1.42   ,2.94   ,4.79   ,4.12   ,1.58   ,1.25   ,0.78  ,-1.40
199604   ,7.31   ,5.05   ,3.58   ,6.33  ,10.40   ,5.66   ,4.32   ,5.67   ,5.52  ,10.78   ,5.85   ,2.36   ,2.19   ,2.92   ,9.84   ,5.40   ,2.21   ,1.88   ,2.68   ,6.91   ,5.03   ,2.47   ,0.25   ,0.94   ,2.28
199605   ,6.39   ,4.92   ,7.16   ,5.38   ,8.17   ,4.85   ,3.01   ,4.16   ,5.77   ,8.03   ,1.44   ,3.14   ,3.17   ,3.01   ,5.45   ,0.03   ,0.74   ,0.85   ,2.92   ,3.49   ,2.46   ,2.31   ,1.19   ,3.36   ,3.75
199606  ,-6.42  ,-1.78  ,-2.54  ,-3.98  ,-7.69  ,-2.89  ,-1.99  ,-2.34  ,-3.85  ,-5.57  ,-4.66  ,-2.03  ,-2.59  ,-2.76  ,-6.79  ,-3.37  ,-0.17   ,0.16  ,-1.90  ,-4.78  ,-1.58  ,-0.73   ,0.52   ,1.59  ,-3.39
199607  ,-7.06  ,-4.33  ,-4.69  ,-5.18 ,-10.47  ,-9.23  ,-6.51  ,-8.05  ,-6.05 ,-11.81  ,-7.78  ,-5.25  ,-5.34  ,-6.90 ,-11.41  ,-7.75  ,-4.13  ,-5.16  ,-4.69  ,-7.81  ,-7.70  ,-4.30  ,-3.58  ,-3.81  ,-8.48
199608   ,3.92   ,3.84   ,3.86   ,4.39   ,7.25   ,4.29   ,5.41   ,3.98   ,5.72   ,8.70   ,5.77   ,5.56   ,5.65   ,5.78   ,8.85   ,5.76   ,4.90   ,4.71   ,5.73   ,6.34   ,4.27   ,3.54   ,2.57   ,1.89   ,1.67
199609   ,1.34   ,2.20   ,3.03   ,2.40   ,4.18   ,2.08   ,3.94   ,4.53   ,2.76   ,5.84   ,2.80   ,3.48   ,2.89   ,2.75   ,7.33   ,3.48   ,3.68   ,3.06   ,3.66   ,8.08   ,4.77   ,4.13   ,5.02   ,5.95   ,7.38
199610  ,-3.13   ,1.28   ,0.60   ,0.49   ,0.30  ,-2.13  ,-0.56   ,1.30   ,0.68  ,-1.33  ,-3.28   ,1.23   ,1.96  ,-0.79  ,-3.03  ,-0.71   ,1.34   ,3.61   ,0.55  ,-1.07  ,-4.31   ,2.57   ,3.81   ,4.12   ,0.87
199611   ,1.59   ,3.49   ,1.95   ,3.09   ,2.72   ,5.60   ,5.45   ,3.00   ,3.00   ,1.13   ,6.38   ,2.14   ,5.68   ,4.79   ,1.35   ,5.99   ,4.97   ,5.91   ,6.34   ,2.52   ,9.10   ,7.50   ,7.32   ,7.82   ,4.54
199612  ,-1.93   ,1.49   ,2.66   ,3.18   ,2.92  ,-1.23   ,4.21   ,2.43   ,4.72   ,2.30   ,0.47   ,2.03   ,2.04   ,2.40   ,1.37  ,-0.39   ,0.11   ,0.68   ,0.52  ,-0.33  ,-0.47  ,-0.43  ,-1.60  ,-3.53  ,-1.43
199701   ,6.35   ,6.41   ,3.14   ,5.41   ,6.77   ,3.78   ,3.17   ,4.31   ,0.46   ,4.41   ,3.76   ,2.97   ,1.73   ,3.15   ,3.43   ,1.73   ,2.10   ,2.88   ,2.38   ,2.40   ,3.31   ,3.30   ,5.21   ,7.77   ,9.73
199702  ,-2.51   ,1.09   ,1.17   ,0.41  ,-0.93  ,-2.81   ,0.17   ,0.73  ,-0.53  ,-4.57  ,-0.59  ,-1.15   ,0.58  ,-0.03  ,-7.55  ,-0.52   ,1.51   ,1.49   ,0.33  ,-6.12   ,0.66   ,1.18   ,2.08   ,0.95  ,-6.52
199703  ,-7.17  ,-3.24  ,-2.86  ,-4.05  ,-5.75  ,-7.60  ,-4.17  ,-3.77  ,-3.82  ,-4.59  ,-6.48  ,-4.04  ,-4.13  ,-4.10  ,-6.07  ,-5.78  ,-4.35  ,-3.82  ,-5.02  ,-3.78  ,-4.35  ,-3.97  ,-4.11  ,-4.24  ,-5.34
199704  ,-5.71  ,-3.16  ,-1.65  ,-1.96  ,-2.47  ,-4.67  ,-1.65   ,0.72  ,-1.45  ,-0.69  ,-0.18   ,2.54  ,-0.36  ,-0.45   ,0.16  ,-1.21   ,1.30   ,1.16   ,1.90   ,3.70   ,0.27   ,2.42   ,4.05   ,7.25   ,9.69
199705  ,11.44   ,7.66   ,8.10   ,7.84   ,8.51  ,18.51  ,10.19   ,9.47  ,11.21  ,12.37  ,15.86   ,9.87   ,8.42  ,11.75  ,10.14  ,11.02   ,6.05   ,7.21   ,7.06   ,8.41  ,11.18   ,7.09   ,5.89   ,6.60   ,4.74
199706   ,0.27   ,5.68   ,6.29   ,5.64   ,4.98   ,4.28   ,5.67   ,6.11   ,8.77   ,7.90   ,5.20   ,4.40   ,4.14   ,5.10   ,5.72   ,3.04   ,2.73   ,4.32   ,4.17   ,6.17   ,1.92   ,3.39   ,3.44   ,5.42   ,4.55
199707   ,4.71   ,4.17   ,5.52   ,5.76   ,8.30   ,3.08   ,3.53   ,5.03   ,5.13   ,7.60   ,2.39   ,5.67   ,5.38   ,7.72   ,9.36   ,5.11   ,5.59   ,5.87   ,8.96  ,10.67   ,5.28   ,6.67   ,6.87   ,6.42  ,14.74
199708   ,3.97   ,2.64   ,4.58   ,3.34   ,4.88   ,2.71   ,3.21   ,2.29   ,2.18   ,4.22   ,2.53   ,1.88   ,2.17   ,0.38   ,1.70   ,1.91  ,-0.46  ,-0.89  ,-1.09   ,0.72  ,-2.48  ,-3.83  ,-4.63  ,-7.55  ,-5.08
199709   ,9.20   ,9.22  ,10.04  ,10.16  ,10.90   ,7.12   ,7.12   ,7.86   ,7.75  ,11.31   ,6.57   ,6.53   ,7.46  ,10.42   ,7.91   ,3.68   ,4.03   ,5.07   ,9.38   ,9.44   ,5.28   ,4.46   ,5.43   ,4.83   ,6.77
199710  ,-5.13  ,-1.14  ,-1.29  ,-0.47  ,-1.79  ,-6.43  ,-2.22  ,-2.74  ,-0.91  ,-5.40  ,-5.17  ,-4.35  ,-3.39  ,-2.16  ,-7.13  ,-5.66  ,-4.17  ,-4.28  ,-2.64  ,-5.02  ,-5.17  ,-0.61  ,-3.46  ,-2.92  ,-4.53
199711  ,-7.52  ,-1.73  ,-1.40  ,-0.40  ,-1.33  ,-5.17  ,-1.65  ,-0.08  ,-0.09  ,-1.48  ,-3.35  ,-0.06  ,-1.69  ,-0.90  ,-4.05  ,-0.72   ,1.40   ,1.84   ,1.61  ,-2.58   ,2.38   ,5.95   ,5.56   ,3.39   ,1.52
199712  ,-6.51  ,-2.28   ,0.47   ,1.94   ,0.64  ,-3.29   ,2.23   ,2.49   ,2.79   ,1.16  ,-1.30   ,1.16   ,1.35   ,4.74   ,1.15  ,-1.54   ,1.44   ,3.85   ,4.58   ,4.48   ,1.24   ,2.67   ,1.23   ,4.72   ,0.14
199801   ,0.39  ,-0.93  ,-1.91  ,-1.95  ,-1.18  ,-0.75  ,-0.11  ,-2.28  ,-1.17  ,-1.76   ,0.14  ,-0.13  ,-1.78  ,-1.29  ,-1.95  ,-0.86  ,-1.46  ,-0.40  ,-2.48  ,-1.86  ,-0.14  ,-0.27   ,0.68   ,0.75   ,2.74
199802   ,6.67   ,4.58   ,5.87   ,5.58   ,6.19   ,8.40   ,7.39   ,6.83   ,6.46   ,8.36   ,7.99   ,7.76   ,9.95   ,8.02   ,7.76   ,8.60   ,8.06   ,7.06   ,7.08   ,9.37   ,7.41   ,8.11   ,7.50   ,6.21   ,7.56
199803   ,3.51   ,4.50   ,5.30   ,5.68   ,6.29   ,3.68   ,4.23   ,6.39   ,5.36   ,6.43   ,4.06   ,4.33   ,5.07   ,2.93   ,5.27   ,2.89   ,5.90   ,4.98   ,4.62   ,5.41   ,3.84   ,3.89   ,5.79   ,6.49   ,5.74
199804   ,2.58   ,2.69   ,1.26   ,2.37   ,2.95   ,1.96   ,0.63   ,2.32   ,0.64   ,1.27   ,0.77  ,-0.45   ,0.05   ,0.64   ,2.01   ,2.01   ,0.33  ,-1.00  ,-0.07   ,0.74  ,-0.09   ,1.15  ,-0.43   ,1.34   ,3.69
199805  ,-6.02  ,-3.55  ,-3.65  ,-3.50  ,-4.12  ,-7.53  ,-4.61  ,-5.32  ,-3.66  ,-5.97  ,-7.39  ,-4.82  ,-3.72  ,-4.20  ,-7.03  ,-6.00  ,-3.97  ,-3.62  ,-3.16  ,-4.73  ,-4.30  ,-1.61  ,-2.24  ,-1.31  ,-0.56
199806  ,-6.50  ,-3.80  ,-2.75  ,-1.59  ,-2.09  ,-5.55  ,-2.88   ,0.24  ,-0.74   ,4.67  ,-4.65  ,-1.70   ,2.04   ,0.67   ,5.51  ,-5.40  ,-1.36   ,1.16   ,3.13   ,5.15  ,-0.64   ,2.44   ,2.87   ,6.89   ,8.58
199807  ,-9.80  ,-5.80  ,-5.07  ,-4.44  ,-4.78 ,-10.59  ,-7.07  ,-6.80  ,-5.83  ,-5.54 ,-10.76  ,-8.20  ,-6.67  ,-6.53  ,-6.96  ,-8.47  ,-5.95  ,-7.28  ,-4.23  ,-3.66  ,-1.09  ,-2.76  ,-1.32  ,-1.30   ,2.24
199808 ,-24.33 ,-18.28 ,-17.78 ,-18.81 ,-22.69 ,-23.66 ,-18.12 ,-16.76 ,-16.72 ,-23.35 ,-22.37 ,-17.58 ,-17.00 ,-17.58 ,-22.31 ,-21.88 ,-18.37 ,-15.57 ,-16.18 ,-18.75 ,-13.39 ,-16.03 ,-15.13 ,-13.39 ,-15.80
199809   ,5.55   ,3.94   ,2.31   ,4.57   ,7.33   ,7.12   ,6.00   ,5.17   ,8.74  ,12.45   ,8.16   ,4.08   ,4.97   ,5.10   ,8.71  ,10.96   ,5.14   ,5.70   ,4.65   ,8.35  ,12.11   ,8.84   ,2.59   ,4.25   ,8.33
199810   ,3.90   ,2.22   ,1.50   ,2.30   ,2.50   ,8.85   ,5.92   ,4.24   ,4.05   ,3.40   ,9.60   ,7.44   ,2.66   ,3.14   ,1.54  ,12.27   ,8.02   ,7.22   ,7.61   ,2.54   ,9.76   ,7.59  ,10.01   ,9.39   ,4.66
199811   ,6.87   ,6.30   ,5.45   ,5.62  ,10.06   ,3.19   ,4.45   ,5.36   ,4.48   ,8.30   ,3.58   ,3.92   ,5.22   ,5.13   ,8.74   ,2.59   ,5.51   ,5.27   ,3.81   ,7.72   ,8.27   ,6.80   ,4.40   ,6.38   ,7.04
199812  ,-0.54   ,3.68   ,3.29   ,4.29   ,9.32   ,2.14   ,5.83   ,5.51   ,6.02  ,10.43   ,3.07   ,6.41   ,6.16   ,6.97  ,12.14  ,-1.07   ,3.27   ,3.17   ,8.23  ,10.06  ,-4.11  ,-0.94   ,3.43   ,5.80  ,13.18
199901   ,5.03   ,1.83   ,1.28   ,4.23   ,7.60  ,-0.71  ,-0.57  ,-2.12  ,-1.78   ,6.52  ,-2.49  ,-4.04  ,-2.89  ,-2.76   ,9.39  ,-2.77  ,-0.92  ,-3.06  ,-0.82   ,7.85   ,0.93   ,2.59   ,2.19   ,2.32   ,9.26
199902  ,-7.22  ,-3.88  ,-6.18  ,-5.96  ,-5.10  ,-8.38  ,-8.72  ,-8.92  ,-8.43  ,-6.81  ,-4.05  ,-6.08  ,-6.07  ,-6.62  ,-5.68  ,-2.01  ,-2.24  ,-3.41  ,-3.75  ,-7.52  ,-2.19  ,-0.69  ,-2.27  ,-3.66  ,-4.66
199903  ,-0.01  ,-3.96  ,-3.51  ,-4.10   ,4.67   ,1.06  ,-0.28  ,-0.54  ,-3.05   ,6.86   ,4.58  ,-1.91   ,1.16   ,1.19   ,9.83   ,4.80   ,1.89  ,-1.21   ,4.52   ,9.96   ,8.83   ,1.74   ,3.76   ,2.28   ,6.22
199904  ,12.50   ,6.65   ,7.02   ,9.54  ,13.62  ,11.10   ,6.40   ,6.25   ,2.41   ,9.00  ,14.09  ,12.33   ,6.56   ,4.67   ,3.36  ,15.48   ,9.73   ,7.70   ,2.79  ,10.08  ,11.77  ,10.20   ,9.02   ,2.22  ,-0.54
199905   ,3.98   ,2.17   ,2.76   ,3.61   ,2.35   ,4.42   ,3.74   ,2.31   ,3.62   ,0.40   ,1.83   ,1.08   ,1.13  ,-0.33  ,-1.09  ,-1.93   ,0.47   ,0.16   ,0.22   ,0.45   ,1.44  ,-1.82  ,-1.26  ,-3.55  ,-3.41
199906   ,2.98   ,4.69   ,7.57   ,6.43   ,5.75   ,5.35   ,4.71   ,6.06   ,8.40  ,11.58   ,3.47   ,3.68   ,5.06   ,7.31   ,9.91   ,3.15   ,1.47   ,3.20   ,4.74   ,8.19  ,-0.29   ,0.36   ,1.30   ,5.01   ,9.41
199907   ,0.12   ,0.23   ,2.07  ,-0.57   ,0.47  ,-2.49  ,-1.22  ,-1.49  ,-0.41  ,-0.92  ,-1.78  ,-0.44  ,-2.07   ,1.40   ,0.08  ,-5.67  ,-3.45  ,-3.34  ,-1.17  ,-0.23  ,-4.81  ,-3.90  ,-5.39  ,-1.89  ,-1.92
199908  ,-3.80  ,-2.52  ,-2.49   ,0.56  ,-0.82  ,-4.18  ,-2.43  ,-2.40  ,-1.51  ,-1.36  ,-5.64  ,-4.05  ,-3.90  ,-2.82   ,1.35  ,-6.01  ,-2.55  ,-3.42  ,-3.85   ,2.28  ,-1.10  ,-0.57  ,-1.54  ,-0.08   ,0.59
199909  ,-1.93  ,-1.80  ,-1.08  ,-0.28   ,2.20  ,-1.93   ,0.97  ,-1.33   ,1.49   ,2.80  ,-4.22  ,-4.04   ,0.38   ,0.47   ,4.36  ,-5.90  ,-5.71  ,-2.00  ,-4.72   ,0.06  ,-9.12  ,-6.57  ,-1.15  ,-1.22   ,1.70
199910  ,-4.81  ,-2.63  ,-1.42  ,-1.02   ,2.75  ,-2.85  ,-1.18  ,-0.71  ,-2.68   ,6.01  ,-0.59   ,0.74  ,-1.75  ,-0.10   ,7.57   ,1.88   ,1.91   ,1.99   ,2.67  ,13.14   ,3.33  ,10.47   ,5.11   ,9.12   ,5.29
199911   ,5.15   ,3.10   ,4.76   ,8.36  ,17.11   ,4.88   ,0.03   ,3.87   ,4.37  ,17.68   ,1.84  ,-1.21   ,0.28   ,2.88  ,14.25   ,0.25  ,-0.76  ,-0.05   ,2.05  ,15.87   ,0.87  ,-4.45   ,0.80   ,1.75  ,12.81
199912   ,4.65   ,5.01   ,6.52  ,10.76  ,22.55   ,6.57   ,2.25   ,6.09   ,8.72  ,27.77   ,2.71   ,2.55   ,6.92  ,10.17  ,19.66   ,0.01  ,-0.00   ,7.64  ,12.05  ,25.83  ,-3.34  ,-5.22  ,-1.73  ,10.73  ,24.03
200001   ,1.38   ,0.25   ,1.05   ,6.44   ,8.87  ,-6.43  ,-4.35  ,-3.65   ,1.14   ,3.13  ,-4.98  ,-5.02  ,-4.59  ,-2.16   ,1.44  ,-5.00  ,-5.63  ,-7.53  ,-6.33   ,0.96  ,-4.12  ,-1.65  ,-1.21  ,-8.08  ,-2.55
200002   ,6.36   ,4.55  ,12.42  ,27.68  ,32.70   ,1.40   ,2.67   ,5.85  ,11.66  ,40.32  ,-6.03  ,-3.85   ,1.21  ,12.72  ,36.50  ,-8.97  ,-5.59  ,-4.27   ,2.86  ,32.87  ,-8.73  ,-8.47  ,-5.96   ,0.10  ,27.36
200003  ,-0.68  ,-0.16  ,-0.79   ,1.65  ,-3.74   ,9.35   ,3.59   ,5.25  ,-0.16  ,-9.87  ,13.48  ,13.45  ,10.79   ,1.54 ,-14.51  ,11.78  ,12.23   ,9.53   ,5.03 ,-10.74  ,13.42  ,10.68  ,11.55   ,6.47  ,-2.33
200004  ,-5.60  ,-0.67  ,-2.84  ,-9.32 ,-22.11  ,-1.10   ,1.88   ,1.38  ,-4.90 ,-20.56  ,-3.20   ,0.36   ,0.13  ,-7.06 ,-11.92   ,1.98   ,3.19  ,-0.22  ,-9.51  ,-9.37   ,3.58  ,-1.31  ,-6.24  ,-4.01  ,-9.60
200005  ,-5.39  ,-2.01  ,-1.23  ,-5.47 ,-15.55  ,-0.23   ,1.12  ,-0.44  ,-2.19 ,-13.04   ,1.77   ,2.83   ,0.24  ,-2.64 ,-10.59   ,5.14   ,1.75   ,1.29  ,-1.18 ,-11.58   ,5.19   ,1.11  ,-0.41  ,-5.18 ,-12.23
200006   ,3.54   ,4.01   ,6.09  ,13.97  ,35.22   ,1.11   ,0.65   ,1.37   ,8.83  ,29.26  ,-3.58  ,-0.67  ,-1.14   ,2.82  ,23.36  ,-6.43  ,-4.21  ,-1.22   ,6.56  ,17.24  ,-5.10   ,2.28   ,0.19   ,3.60  ,15.02
200007  ,-1.17   ,0.08   ,0.60  ,-3.23  ,-6.78   ,1.21   ,1.49   ,1.00  ,-3.47 ,-13.38   ,0.89   ,0.71   ,2.80  ,-4.32 ,-12.18   ,0.84   ,3.24   ,0.66   ,0.52  ,-6.97  ,-4.82  ,-3.26   ,0.47   ,0.01  ,-2.24
200008   ,4.80   ,4.35   ,6.50  ,10.76  ,12.72   ,4.69   ,5.71   ,7.83   ,8.56  ,17.27   ,5.85   ,4.21   ,6.92  ,10.33  ,15.48   ,7.29   ,7.83   ,7.10   ,8.82  ,20.20   ,4.39   ,2.29   ,3.96   ,6.13  ,15.55
200009  ,-5.95  ,-0.91  ,-1.33  ,-1.91  ,-5.83  ,-7.62  ,-0.44  ,-2.70  ,-2.34  ,-5.32  ,-5.00   ,0.22  ,-0.61  ,-4.22  ,-5.76  ,-4.81   ,1.68   ,1.68  ,-4.49  ,-1.30  ,-4.81   ,0.27   ,0.19  ,-9.12 ,-10.96
200010  ,-7.16  ,-3.91  ,-4.05  ,-6.88 ,-12.18  ,-6.12   ,0.24  ,-1.87  ,-5.00 ,-10.02  ,-2.99   ,0.15  ,-1.32   ,0.49  ,-6.43   ,4.62   ,2.66  ,-2.43  ,-1.67  ,-9.02   ,6.07   ,1.00  ,-0.14  ,-1.58 ,-13.40
200011 ,-13.37  ,-4.47  ,-5.77  ,-7.35 ,-21.13 ,-12.03  ,-3.77  ,-6.21  ,-9.76 ,-18.61  ,-7.56  ,-1.30  ,-4.24  ,-5.81 ,-20.63  ,-5.73  ,-1.03  ,-8.23  ,-6.67 ,-24.30 ,-10.04  ,-4.26  ,-5.13  ,-8.47 ,-26.48
200012  ,-1.57   ,4.97   ,4.81   ,3.43   ,4.17   ,3.90   ,9.03   ,8.10   ,9.05  ,12.17   ,3.95   ,6.58   ,9.14  ,12.61  ,13.28   ,6.54   ,6.22   ,6.73   ,9.77   ,7.56  ,-1.31   ,3.62  ,-2.23   ,1.77   ,4.49
200101  ,32.50  ,11.15   ,8.07   ,9.05   ,9.53  ,23.57   ,7.41   ,3.13   ,0.50  ,-2.62  ,19.83   ,7.52   ,1.59  ,-4.44  ,-5.47  ,17.36   ,5.92   ,1.44  ,-1.96  ,-7.68  ,21.57   ,6.29  ,-2.30  ,-4.48  ,-6.38
200102 ,-13.56  ,-1.94  ,-1.14  ,-3.12  ,-5.80 ,-18.47  ,-3.53  ,-1.40  ,-1.39  ,-4.93 ,-17.18  ,-5.25  ,-3.21  ,-1.39  ,-3.30 ,-16.66  ,-6.76  ,-1.40  ,-6.19  ,-2.35 ,-20.12  ,-7.55 ,-10.83  ,-1.55  ,-4.59
200103 ,-11.30  ,-1.56   ,1.03  ,-1.58   ,0.75 ,-12.41  ,-2.65  ,-2.13  ,-3.61  ,-1.29 ,-16.78  ,-8.86  ,-3.80  ,-2.33  ,-5.41 ,-16.23  ,-5.38  ,-2.08  ,-3.27  ,-2.89 ,-12.60  ,-6.91  ,-5.68  ,-6.00  ,-1.53
200104   ,9.69   ,6.12   ,5.11   ,4.37  ,10.34  ,19.06   ,9.77   ,6.76   ,4.85   ,6.95  ,25.83  ,11.25   ,7.24   ,6.20   ,6.57  ,20.80   ,9.34   ,8.60   ,7.52   ,6.90  ,15.19   ,8.89   ,4.61   ,2.68   ,3.29
200105   ,8.31   ,8.57   ,8.57   ,8.81   ,9.46   ,3.65   ,1.33   ,2.85   ,2.57   ,4.80  ,-1.92   ,3.82   ,4.11   ,4.18   ,0.75  ,-5.54   ,4.07   ,2.20   ,4.12   ,2.98  ,-4.66   ,1.06   ,1.79   ,3.33   ,2.06
200106   ,2.61   ,4.62   ,4.73   ,4.35   ,3.31   ,3.43   ,4.24   ,3.41   ,5.33   ,5.39  ,-2.85  ,-0.10  ,-2.02   ,0.60  ,-1.64  ,-1.50  ,-0.72   ,0.36  ,-1.57   ,0.26  ,-2.29  ,-3.85  ,-0.92  ,-3.11  ,-2.75
200107  ,-8.63  ,-2.35  ,-1.53  ,-0.84   ,0.03 ,-11.53  ,-4.82  ,-2.02  ,-1.07  ,-3.36 ,-13.48  ,-3.90  ,-0.99   ,2.18  ,-0.77  ,-8.88  ,-3.99  ,-0.61  ,-0.04   ,1.90  ,-5.01  ,-1.08  ,-0.89   ,2.34  ,-1.59
200108  ,-8.79  ,-1.46  ,-1.80  ,-1.20  ,-1.10 ,-11.84  ,-2.46  ,-0.13  ,-2.69  ,-3.71 ,-10.34  ,-4.69  ,-1.36  ,-0.50  ,-3.08 ,-13.44  ,-5.80  ,-3.44  ,-0.56  ,-3.36 ,-11.75  ,-6.99  ,-3.44  ,-2.22  ,-4.16
200109 ,-21.87 ,-13.71 ,-10.95  ,-9.35  ,-7.34 ,-25.41 ,-18.01 ,-11.01  ,-9.43 ,-12.45 ,-25.01 ,-14.08  ,-9.35  ,-9.46  ,-6.92 ,-26.89 ,-14.80  ,-9.86  ,-8.62  ,-8.28 ,-19.64  ,-7.69  ,-2.99  ,-3.66  ,-3.66
200110  ,12.83   ,5.81   ,4.52   ,4.58   ,5.52  ,21.66   ,6.08   ,5.60   ,2.61   ,6.11  ,19.21   ,6.32   ,2.58   ,0.98   ,2.87  ,16.55   ,3.57   ,2.90   ,1.66  ,-0.70   ,5.73   ,1.49  ,-0.91  ,-0.43  ,-0.82
200111  ,15.90   ,5.97   ,7.01   ,6.39   ,5.42  ,18.39  ,10.11   ,6.54   ,4.37   ,5.96  ,15.38   ,7.90   ,8.25   ,6.57   ,4.63  ,17.61  ,10.31   ,8.44   ,5.56   ,3.60  ,15.80   ,7.55   ,4.89   ,4.72   ,5.37
200112  ,10.65   ,8.92   ,6.48   ,6.79   ,6.30   ,9.59   ,6.26   ,7.35   ,6.20   ,6.37   ,4.96   ,6.80   ,5.64   ,4.77   ,3.98   ,2.93   ,4.42   ,5.78   ,4.58   ,3.53  ,-1.64   ,0.49   ,1.75   ,2.09   ,1.93
200201  ,-3.61  ,-0.37   ,1.39   ,1.13   ,2.37  ,-7.08  ,-0.73  ,-0.92  ,-0.39   ,2.01  ,-9.51  ,-3.40   ,0.79   ,0.27   ,0.78  ,-3.82  ,-0.39   ,0.72  ,-0.83   ,0.15  ,-0.07  ,-2.94  ,-1.57  ,-1.19  ,-2.41
200202 ,-10.09  ,-1.88  ,-0.69  ,-0.89  ,-0.66 ,-11.58  ,-1.35   ,0.26  ,-0.55  ,-1.65  ,-7.64  ,-0.02   ,0.60   ,1.84  ,-0.48 ,-11.12   ,0.04  ,-0.26   ,1.64   ,1.66  ,-8.80  ,-0.51  ,-2.04   ,1.68   ,0.29
200203  ,10.72   ,8.59   ,6.90   ,8.47   ,9.02  ,10.52   ,9.49   ,8.09   ,7.91   ,8.49  ,13.62   ,6.02   ,8.80   ,5.50   ,5.44   ,9.60   ,8.03   ,6.13   ,5.24   ,5.45   ,2.68   ,3.03   ,4.33   ,3.11   ,4.72
200204  ,-4.68   ,1.12   ,3.49   ,4.51   ,2.57  ,-7.31  ,-0.70   ,1.73   ,0.22   ,0.91  ,-5.64  ,-1.73  ,-2.10   ,0.47   ,2.58  ,-8.94  ,-1.67  ,-0.87   ,0.57   ,0.93 ,-12.21  ,-7.65  ,-3.51  ,-1.64  ,-1.88
200205  ,-8.79  ,-2.77  ,-0.43  ,-1.01   ,1.73  ,-8.01  ,-3.16  ,-3.86  ,-1.58  ,-3.13  ,-8.13  ,-1.66  ,-1.89  ,-1.87  ,-2.50  ,-4.78  ,-0.84   ,0.27   ,0.38  ,-0.64  ,-1.29  ,-0.68  ,-0.26  ,-0.18  ,-0.26
200206 ,-12.56  ,-5.16  ,-2.61   ,0.95  ,-0.69 ,-12.57  ,-6.54  ,-2.22  ,-1.31  ,-1.89 ,-15.88  ,-7.94  ,-5.55  ,-8.35  ,-5.18 ,-20.80  ,-7.83  ,-6.64  ,-5.49  ,-4.95  ,-9.66  ,-5.64  ,-8.15  ,-3.75  ,-5.30
200207 ,-18.74 ,-14.34 ,-12.63 ,-11.08 ,-12.19 ,-18.99 ,-14.43 ,-14.38 ,-11.81 ,-14.05 ,-13.31 ,-13.01 ,-10.50  ,-7.67  ,-9.74 ,-14.03 ,-10.63  ,-9.98  ,-7.73  ,-9.77  ,-7.84  ,-7.40  ,-6.91  ,-5.28  ,-7.57
200208  ,-2.35  ,-1.81  ,-0.87   ,1.02   ,0.61  ,-1.79  ,-0.47   ,2.83   ,1.70   ,1.14  ,-0.19   ,0.47   ,1.12   ,3.03   ,1.43   ,1.46  ,-0.06  ,-0.48   ,0.71   ,0.84  ,-1.06   ,1.28   ,1.63   ,2.36   ,1.57
200209 ,-13.59  ,-9.17  ,-6.52  ,-4.29  ,-4.92 ,-14.08  ,-8.34  ,-3.82  ,-5.39  ,-3.53 ,-18.44  ,-8.41  ,-5.34  ,-6.08  ,-5.25 ,-20.97 ,-10.25  ,-7.39  ,-5.75  ,-4.91 ,-15.55 ,-11.56  ,-8.51  ,-7.95  ,-3.30
200210   ,7.09   ,2.05   ,1.77   ,3.01   ,3.45   ,9.16   ,2.54   ,1.40   ,2.56   ,4.14   ,9.20   ,3.96   ,3.26   ,2.99   ,4.61   ,9.64   ,4.00   ,5.67   ,4.23   ,3.71  ,13.75  ,10.01   ,2.85   ,5.17   ,3.75
200211  ,25.78  ,11.17   ,6.83   ,4.12   ,5.04  ,24.63   ,9.61   ,3.27   ,4.19   ,1.50  ,22.61   ,8.30   ,6.44   ,2.68   ,3.22  ,24.13  ,10.76   ,4.25   ,3.47   ,0.09  ,11.19   ,6.06   ,1.22   ,1.89  ,-4.26
200212 ,-10.28  ,-4.12  ,-1.81  ,-1.04   ,1.94 ,-13.31  ,-5.04  ,-1.92  ,-1.39   ,0.11 ,-10.89  ,-7.27  ,-2.46  ,-0.69  ,-2.29 ,-12.11  ,-4.33  ,-3.27  ,-0.42  ,-1.04 ,-11.55  ,-7.30  ,-2.34  ,-2.41   ,0.22
200301  ,-0.80  ,-0.92  ,-0.45   ,0.14   ,1.16  ,-3.43  ,-3.93  ,-1.93  ,-3.49  ,-0.44  ,-4.16  ,-2.76  ,-1.76  ,-0.37  ,-2.80   ,0.22  ,-3.26  ,-1.56  ,-1.78  ,-2.61  ,-2.53  ,-2.75  ,-2.79  ,-2.59   ,0.16
200302  ,-4.67  ,-2.81  ,-1.86  ,-0.48   ,0.15  ,-3.46  ,-5.95  ,-3.53  ,-0.63  ,-1.31  ,-3.91  ,-3.85  ,-1.64  ,-1.72  ,-1.07  ,-2.19  ,-2.70  ,-2.73  ,-0.28  ,-0.08   ,0.71  ,-2.54  ,-1.47  ,-2.12   ,0.11
200303  ,-0.04  ,-0.21   ,0.51   ,0.19   ,1.67   ,0.66  ,-1.75   ,1.64   ,1.75   ,1.18   ,1.60  ,-1.23   ,2.45   ,0.90   ,1.03   ,0.06  ,-0.69   ,1.25  ,-0.87   ,0.63  ,-0.52   ,1.56   ,1.67   ,1.40   ,1.30
200304  ,15.63   ,9.73   ,5.86   ,7.05   ,6.79  ,17.55   ,9.84   ,8.56   ,5.96   ,6.81  ,15.58  ,10.39   ,6.67   ,7.01   ,6.94  ,12.97   ,8.95   ,6.02   ,5.47   ,5.84  ,15.10   ,9.48   ,6.06   ,4.90   ,4.62
200305  ,21.01  ,11.49   ,9.81   ,8.07   ,8.02  ,17.45   ,9.68   ,7.73   ,7.35   ,8.44  ,14.22  ,10.18   ,6.73   ,7.00   ,8.34  ,16.01   ,7.81   ,7.50   ,8.13   ,6.16  ,12.76   ,6.92   ,3.68   ,1.91   ,4.88
200306   ,5.69   ,4.84   ,5.60   ,5.25   ,4.21   ,3.76   ,2.18  ,-0.09   ,0.88   ,3.16   ,3.08   ,1.70   ,1.41   ,1.85   ,1.79   ,0.94   ,1.64   ,0.88   ,1.43   ,1.53   ,2.81   ,1.71   ,0.29   ,1.87   ,1.42
200307   ,8.72   ,7.06   ,6.23   ,5.74   ,7.34   ,5.94   ,6.25   ,4.17   ,6.06   ,7.71   ,4.60   ,4.64   ,3.46   ,2.66   ,4.52   ,5.08   ,4.29   ,3.13   ,1.12   ,0.62   ,4.36   ,0.53   ,0.66   ,2.47   ,1.74
200308   ,5.51   ,4.52   ,4.21   ,5.81   ,5.64   ,6.65   ,4.50   ,3.46   ,4.84   ,5.55   ,7.13   ,5.29   ,4.48   ,3.98   ,7.45   ,3.81   ,3.99   ,4.77   ,6.40   ,5.16   ,2.44   ,0.66   ,3.28   ,1.02   ,1.47
200309   ,1.79   ,1.56   ,1.14   ,2.57   ,3.84  ,-1.86   ,0.37  ,-1.56  ,-2.33  ,-2.32  ,-2.56  ,-1.42  ,-0.94  ,-0.08  ,-2.48  ,-1.02  ,-0.78  ,-0.33  ,-2.00  ,-1.52  ,-0.71  ,-0.05  ,-2.54  ,-0.15  ,-2.72
200310   ,7.80   ,7.02   ,7.45   ,9.56  ,10.89   ,6.51   ,5.95   ,8.60   ,7.87  ,12.34   ,6.12   ,6.81   ,7.64  ,10.69   ,9.98   ,5.09   ,5.21   ,9.22   ,7.21  ,11.17   ,4.74   ,1.78   ,6.48   ,7.24  ,11.40
200311   ,3.85   ,3.50   ,4.81   ,5.01   ,4.94   ,2.80   ,2.94   ,4.17   ,3.60   ,3.42   ,3.60   ,3.53   ,3.18   ,2.52   ,4.18   ,2.12   ,2.19   ,1.98   ,3.38   ,3.87   ,0.67   ,1.31  ,-0.28   ,0.98   ,3.43
200312   ,6.21   ,2.52   ,3.36   ,3.11   ,3.55   ,5.48   ,5.15   ,2.14   ,2.45   ,1.85   ,6.81   ,4.16   ,2.03   ,1.74  ,-0.02   ,7.47   ,3.39   ,3.01   ,2.95   ,1.06   ,7.13   ,5.89   ,4.70   ,2.51   ,0.29
200401   ,6.09   ,4.51   ,5.39   ,6.09   ,8.23   ,1.34   ,2.71   ,3.35   ,3.42   ,6.56   ,1.68   ,3.25   ,2.42   ,2.41   ,4.42   ,3.08   ,2.70   ,2.11   ,1.91   ,3.50   ,0.67   ,2.52   ,1.79   ,1.38   ,3.07
200402   ,1.46   ,1.09   ,1.57   ,1.95   ,1.22   ,0.92   ,0.96   ,1.01   ,1.72   ,0.26   ,2.30   ,3.19   ,2.91   ,3.59  ,-0.07   ,2.66   ,3.28   ,2.44   ,0.87   ,1.00   ,1.25   ,2.64   ,1.70   ,1.67  ,-0.35
200403   ,0.10   ,1.30   ,1.16  ,-0.00  ,-0.32   ,0.20   ,2.33   ,1.53   ,1.04  ,-0.02   ,0.46   ,1.70   ,0.11   ,0.94   ,0.73  ,-1.12  ,-0.12   ,0.23   ,0.21   ,0.19  ,-2.65  ,-0.83  ,-1.11  ,-1.72  ,-0.75
200404  ,-3.67  ,-1.98  ,-2.99  ,-4.99  ,-5.88  ,-2.03  ,-2.53  ,-5.82  ,-4.91  ,-8.90  ,-2.17  ,-2.79  ,-1.75  ,-4.76  ,-5.39  ,-0.79  ,-2.11  ,-2.69  ,-4.36  ,-6.87   ,1.07  ,-0.51  ,-2.56  ,-4.92  ,-5.11
200405  ,-2.60  ,-0.13  ,-0.28  ,-0.29   ,0.25   ,0.34   ,1.63   ,0.78   ,1.06   ,2.21   ,0.73   ,1.46   ,1.29   ,2.46   ,2.95   ,1.48   ,2.16   ,2.32   ,1.81   ,5.04   ,0.14   ,2.04   ,0.43   ,2.56   ,2.43
200406   ,2.99   ,3.75   ,4.58   ,3.20   ,2.92   ,3.00   ,4.74   ,6.01   ,5.18   ,4.91   ,0.70   ,2.86   ,3.56   ,4.75   ,4.49   ,2.29   ,2.17   ,1.05   ,3.07   ,3.19   ,2.02   ,0.64   ,0.89   ,4.03   ,3.91
200407  ,-7.71  ,-5.48  ,-3.85  ,-6.79  ,-7.77  ,-8.07  ,-5.00  ,-4.66  ,-4.49  ,-7.60  ,-6.22  ,-5.21  ,-2.86  ,-5.76  ,-5.12  ,-5.59  ,-5.07  ,-4.32  ,-3.83  ,-6.40  ,-2.26  ,-2.15  ,-1.61  ,-5.86  ,-7.54
200408  ,-1.20  ,-0.65  ,-0.75  ,-0.51  ,-1.12  ,-0.85  ,-0.86   ,1.32  ,-1.81  ,-2.30  ,-0.89   ,0.64  ,-0.29  ,-0.39  ,-3.11  ,-0.48   ,0.78   ,0.54  ,-0.77  ,-1.53   ,1.51   ,0.28  ,-0.07  ,-0.15  ,-0.11
200409   ,4.01   ,4.06   ,4.23   ,5.67   ,7.82   ,3.02   ,5.46   ,5.67   ,8.23   ,8.41   ,1.13   ,3.63   ,3.79   ,4.35   ,7.11   ,2.46   ,4.13   ,4.17   ,3.42   ,7.55  ,-0.71  ,-0.08   ,0.27   ,4.49   ,7.27
200410   ,1.31   ,1.43   ,2.84   ,2.10   ,2.49   ,3.68   ,2.27   ,3.07   ,2.72   ,2.36   ,4.08   ,1.58   ,3.00   ,2.44   ,0.30   ,3.68   ,3.16   ,1.87   ,3.55   ,2.00   ,3.45   ,0.97   ,0.22   ,0.67   ,3.21
200411   ,8.56   ,7.21   ,7.93   ,7.61  ,11.07   ,8.73   ,8.24   ,9.09   ,9.32  ,10.34   ,7.74   ,5.93   ,6.85   ,7.37  ,10.51   ,5.84   ,4.89   ,5.62   ,6.64   ,7.65   ,0.58   ,4.81   ,3.60   ,5.10   ,7.18
200412   ,6.38   ,2.29   ,4.11   ,3.92   ,4.99   ,4.91   ,3.43   ,2.60   ,1.81   ,2.86   ,4.57   ,3.69   ,2.03   ,1.81   ,2.53   ,3.93   ,4.16   ,3.94   ,3.76   ,3.25   ,4.83   ,4.60   ,3.08   ,2.67   ,0.84
200501  ,-6.80  ,-2.88  ,-2.74  ,-2.02  ,-1.92  ,-7.59  ,-2.83  ,-3.88  ,-2.55  ,-1.58  ,-5.82  ,-3.44  ,-2.14  ,-2.28  ,-0.95  ,-5.69  ,-3.05  ,-1.89  ,-1.07   ,0.02  ,-3.55  ,-1.99  ,-1.70  ,-1.14  ,-3.99
200502  ,-0.45   ,1.85   ,0.98   ,1.83   ,5.05   ,1.13   ,1.43   ,1.65   ,2.36   ,4.08   ,1.02   ,0.75   ,1.57   ,2.91   ,6.89   ,2.31   ,2.44   ,1.63   ,3.57   ,6.13   ,1.09  ,-0.51   ,1.63   ,7.31   ,4.01
200503  ,-4.80  ,-2.33  ,-2.76  ,-1.20  ,-3.79  ,-3.08  ,-0.72  ,-1.65  ,-2.15  ,-3.34  ,-1.64  ,-1.69  ,-1.78  ,-1.12  ,-4.54  ,-0.80  ,-0.67   ,0.31  ,-0.43  ,-1.82  ,-2.74  ,-1.68  ,-1.10  ,-1.28   ,1.17
200504  ,-7.87  ,-4.72  ,-5.43  ,-5.35  ,-7.23  ,-8.46  ,-4.85  ,-4.96  ,-3.74  ,-6.79  ,-6.46  ,-5.42  ,-4.43  ,-4.42  ,-7.82  ,-5.35  ,-3.31  ,-2.41  ,-3.26  ,-4.87  ,-0.61  ,-2.77  ,-0.49  ,-1.51  ,-6.01
200505   ,6.46   ,3.78   ,1.91   ,5.01   ,4.17   ,8.03   ,5.23   ,6.90   ,5.35   ,6.90   ,6.77   ,5.24   ,5.13   ,5.73   ,5.74   ,5.07   ,5.19   ,4.02   ,5.79   ,6.16   ,3.99   ,3.02   ,2.53   ,1.86   ,5.65
200506   ,4.44   ,3.51   ,4.58   ,4.88   ,6.40   ,3.53   ,4.37   ,4.53   ,4.50   ,4.72   ,2.08   ,3.75   ,2.44   ,2.42   ,3.32   ,1.15   ,1.18   ,2.04   ,2.91   ,4.57  ,-0.89  ,-0.37  ,-1.06   ,2.51   ,5.38
200507   ,7.66   ,6.37   ,5.40   ,5.13   ,7.29   ,6.49   ,6.56   ,6.32   ,5.42   ,8.79   ,5.58   ,5.68   ,4.92   ,4.23   ,6.11   ,6.13   ,5.61   ,4.14   ,4.82   ,6.93   ,3.69   ,2.92   ,4.01   ,3.04   ,5.97
200508  ,-1.62  ,-1.14  ,-0.21  ,-0.26   ,1.94  ,-1.64  ,-1.55  ,-0.47  ,-0.33   ,1.19  ,-2.35  ,-1.00  ,-1.92  ,-0.80   ,1.80  ,-0.52  ,-0.76  ,-0.20   ,0.28  ,-0.24  ,-1.70  ,-1.77  ,-0.45   ,1.05   ,4.71
200509   ,0.87   ,0.48   ,2.18   ,0.83   ,4.13   ,0.40  ,-1.00   ,1.59   ,0.30   ,3.33  ,-1.22  ,-0.46   ,1.33   ,0.77   ,3.81  ,-0.09   ,0.84   ,1.16   ,3.03   ,2.70  ,-0.58  ,-0.63   ,2.59   ,3.03   ,4.43
200510  ,-4.62  ,-2.83  ,-3.25  ,-2.98  ,-5.50  ,-3.82  ,-1.71  ,-2.24  ,-3.97  ,-5.09  ,-3.97  ,-2.17  ,-4.83  ,-4.07  ,-5.01  ,-1.79  ,-1.24  ,-2.33  ,-3.38  ,-6.48  ,-0.36   ,0.07  ,-3.83  ,-2.26  ,-5.04
200511   ,4.05   ,3.45   ,5.16   ,2.99   ,5.45   ,5.54   ,4.14   ,4.76   ,4.55   ,6.06   ,6.33   ,4.41   ,6.50   ,5.16   ,6.76   ,6.05   ,3.82   ,6.22   ,4.33   ,4.55   ,3.02   ,4.03   ,4.23   ,5.53   ,3.04
200512   ,1.26   ,1.02   ,1.42   ,3.23   ,3.76   ,0.25  ,-0.61   ,0.11   ,0.21   ,1.92   ,0.64  ,-0.34   ,0.67   ,0.22   ,0.41   ,0.18   ,0.97   ,1.29   ,0.92   ,2.64  ,-0.30  ,-0.48   ,0.11   ,0.52   ,2.36
200601  ,10.01   ,7.01   ,7.39   ,7.75  ,12.36   ,7.80   ,7.90   ,5.62   ,9.29  ,13.67   ,7.03   ,5.23   ,5.22   ,7.82  ,10.23   ,3.09   ,2.76   ,3.00   ,4.20  ,10.15   ,2.50  ,-0.60   ,2.73   ,2.11  ,10.48
200602   ,0.26   ,1.27   ,1.44   ,0.85  ,-0.52  ,-1.22   ,2.77   ,1.22  ,-0.49  ,-3.45  ,-0.76   ,0.95  ,-0.88  ,-0.70  ,-2.28   ,0.34   ,1.10   ,1.09   ,0.00  ,-2.78   ,1.01   ,1.02   ,0.70   ,0.02  ,-5.77
200603   ,3.42   ,3.89   ,4.37   ,5.50   ,5.69   ,3.97   ,2.60   ,4.23   ,4.59   ,5.26   ,2.48   ,1.40   ,2.80   ,4.73   ,4.84   ,1.15   ,2.18   ,2.51   ,2.80   ,5.32   ,2.44   ,0.37   ,0.54   ,0.37   ,3.42
200604   ,0.99   ,0.68   ,0.70   ,1.53   ,3.28  ,-0.39   ,0.11   ,1.59   ,2.79   ,2.04   ,1.46   ,0.90   ,1.11   ,1.61   ,2.96   ,0.34   ,0.97   ,1.42   ,1.67   ,3.47   ,0.99   ,1.09   ,1.81   ,1.28   ,3.25
200605  ,-4.84  ,-3.55  ,-3.15  ,-4.34  ,-7.35  ,-3.95  ,-4.26  ,-3.85  ,-4.91  ,-7.50  ,-2.98  ,-3.83  ,-1.82  ,-5.22  ,-7.81  ,-2.28  ,-2.85  ,-3.56  ,-4.18  ,-6.02  ,-1.17  ,-1.86  ,-3.39  ,-3.49  ,-5.67
200606  ,-1.41  ,-0.45  ,-0.71  ,-1.44  ,-4.06  ,-2.72  ,-0.45   ,0.20  ,-1.34  ,-2.12  ,-2.52  ,-0.85  ,-0.37  ,-0.70   ,0.23  ,-1.80  ,-0.87   ,0.85  ,-0.64  ,-0.74  ,-0.52   ,0.17   ,0.33   ,0.34   ,0.23
200607  ,-4.90  ,-1.29  ,-0.76  ,-1.79  ,-2.30  ,-4.07  ,-1.40  ,-2.20  ,-2.16  ,-4.35  ,-2.30  ,-2.79  ,-1.08  ,-3.89  ,-5.09  ,-3.02  ,-1.64  ,-2.12  ,-2.47  ,-6.12   ,0.83   ,0.61   ,2.14  ,-0.35  ,-2.67
200608   ,3.19   ,2.64   ,2.62   ,2.61   ,2.63   ,5.06   ,3.35   ,2.13   ,2.97   ,2.22   ,4.64   ,3.16   ,2.16   ,3.44  ,-0.33   ,4.96   ,3.42   ,2.90   ,2.73  ,-0.09   ,4.22   ,4.44   ,1.87   ,1.99  ,-2.40
200609  ,-0.23  ,-0.44  ,-0.06  ,-0.29  ,-0.86   ,1.75   ,1.22   ,0.38   ,0.17  ,-1.35   ,1.80   ,0.66  ,-1.59  ,-0.37  ,-1.13   ,2.74   ,2.06   ,1.11   ,0.14  ,-0.56   ,3.38   ,3.52   ,0.63   ,2.06   ,1.59
200610   ,5.76   ,4.16   ,4.21   ,6.53   ,5.55   ,6.48   ,6.02   ,6.26   ,4.44   ,6.03   ,6.40   ,5.31   ,4.20   ,2.79   ,7.26   ,3.57   ,3.74   ,3.40   ,2.23   ,5.16   ,3.43   ,3.71   ,1.81   ,3.93   ,4.11
200611   ,1.30   ,0.78   ,1.70  ,-0.24   ,2.54   ,2.91   ,3.42   ,1.80   ,1.20   ,0.90   ,4.62   ,3.27   ,1.96   ,2.47   ,4.09   ,6.02   ,3.15   ,1.44   ,3.05   ,2.12   ,2.32   ,1.51   ,0.59   ,2.97   ,2.03
200612   ,0.50   ,0.50   ,1.67   ,2.30   ,2.29  ,-0.07   ,0.57   ,0.63   ,1.14  ,-0.57  ,-1.36  ,-0.22   ,0.38   ,0.71   ,0.63  ,-0.00   ,0.05   ,0.49   ,0.02   ,0.01  ,-0.23   ,2.69   ,1.45   ,1.09   ,0.65
200701   ,0.76   ,0.97   ,1.79   ,1.29   ,1.07   ,1.43   ,0.86   ,0.81   ,0.46   ,1.88   ,3.73   ,0.45   ,2.55   ,1.89   ,3.16   ,3.22   ,2.69   ,2.26   ,3.01   ,3.53   ,2.67  ,-0.02   ,1.46   ,1.81   ,1.70
200702   ,0.51  ,-0.70   ,0.00   ,0.40   ,0.17   ,0.30  ,-0.21   ,1.79  ,-0.32  ,-0.50  ,-0.60   ,0.47  ,-0.53   ,0.61   ,1.00   ,1.43   ,0.56  ,-0.40   ,1.06  ,-0.06  ,-0.63  ,-1.06  ,-1.49  ,-2.72  ,-2.56
200703  ,-0.04   ,0.49   ,0.70   ,0.71   ,3.47  ,-0.38   ,1.15   ,3.07   ,1.28   ,2.09   ,0.97   ,0.23   ,1.14   ,2.89   ,3.17  ,-1.49   ,0.93   ,2.44   ,2.44   ,3.18  ,-0.88   ,1.02   ,0.42   ,1.89   ,3.39
200704   ,2.83   ,1.61   ,1.14   ,2.53   ,5.54   ,3.29   ,3.02   ,2.15   ,2.58   ,4.69   ,3.03   ,2.35   ,3.54   ,3.86   ,4.43   ,5.01   ,3.61   ,4.42   ,4.25   ,3.69   ,5.07   ,4.72   ,5.18   ,3.99   ,2.43
200705   ,3.11   ,2.56   ,2.86   ,4.90   ,3.10   ,4.88   ,4.57   ,3.80   ,3.82   ,4.40   ,5.48   ,5.70   ,4.94   ,3.73   ,5.32   ,5.02   ,5.01   ,5.05   ,4.53   ,5.23   ,3.92   ,4.04   ,3.66   ,3.76   ,4.33
200706  ,-0.96   ,0.15   ,0.20  ,-1.58   ,1.28  ,-2.18  ,-1.47  ,-1.41  ,-0.47  ,-2.17  ,-1.85  ,-0.95  ,-0.94   ,0.32  ,-0.08  ,-2.50  ,-0.81  ,-1.54  ,-1.79  ,-1.13  ,-0.84  ,-0.96  ,-1.68  ,-1.59  ,-1.29
200707  ,-6.62  ,-4.76  ,-4.76  ,-2.14  ,-3.78  ,-7.05  ,-5.47  ,-4.97  ,-4.34  ,-4.26  ,-6.77  ,-5.05  ,-3.54  ,-3.74  ,-3.19  ,-6.86  ,-2.87  ,-3.22  ,-3.84  ,-3.31  ,-3.27  ,-2.85  ,-3.17  ,-1.72  ,-1.24
200708  ,-1.65  ,-0.48  ,-2.69  ,-2.92  ,-2.51   ,1.59  ,-1.44   ,2.13  ,-0.50  ,-0.48  ,-0.35   ,0.67   ,1.56  ,-0.40   ,0.53  ,-0.94   ,0.91   ,0.62  ,-0.41  ,-0.21   ,2.18   ,0.69   ,0.73   ,2.48   ,4.01
200709   ,0.21   ,0.82   ,2.92   ,3.76   ,8.79  ,-0.13   ,1.74   ,2.56   ,3.88   ,7.85   ,2.74   ,1.42   ,3.24   ,2.99   ,6.42   ,2.55   ,2.77   ,3.04   ,2.13   ,6.58   ,2.01   ,2.87   ,4.56   ,6.35   ,8.14
200710  ,-1.16   ,1.60   ,3.10   ,6.35   ,8.70   ,1.00   ,2.40   ,3.31   ,4.31   ,6.05  ,-1.84   ,2.59   ,3.58   ,4.24   ,6.52   ,0.17   ,2.23   ,1.84   ,4.76   ,5.81  ,-1.12   ,2.92   ,3.01   ,2.93   ,6.56
200711 ,-10.32  ,-8.44  ,-9.08  ,-9.86 ,-10.41  ,-9.87  ,-7.27  ,-9.06  ,-9.18 ,-11.48  ,-5.84  ,-7.77  ,-5.79  ,-7.17  ,-8.18  ,-7.95  ,-5.17  ,-4.17  ,-5.54  ,-7.39  ,-6.25  ,-4.51  ,-2.54  ,-4.97  ,-4.95
200712  ,-1.30  ,-0.99   ,0.72   ,2.16   ,2.38  ,-2.17   ,0.26   ,0.21   ,0.16   ,1.71  ,-2.76  ,-1.76   ,0.08  ,-0.00   ,1.45  ,-5.10  ,-1.45   ,0.23   ,2.23   ,0.85  ,-6.99  ,-2.15  ,-0.03   ,2.13   ,5.02
200801  ,-4.12  ,-5.61  ,-8.82  ,-8.05 ,-11.27  ,-3.44  ,-4.61  ,-6.69 ,-11.43 ,-12.60  ,-1.98  ,-4.48  ,-5.98  ,-9.26  ,-9.26  ,-0.89  ,-4.78  ,-5.69  ,-6.44  ,-9.52  ,-0.62  ,-3.89  ,-5.45  ,-7.07 ,-14.44
200802  ,-3.46  ,-1.55   ,0.69   ,2.78   ,0.41  ,-4.72  ,-3.22   ,0.25  ,-1.33  ,-0.45  ,-6.18  ,-2.79  ,-0.52   ,1.69   ,1.56  ,-8.51  ,-2.70  ,-0.59  ,-0.30   ,4.90  ,-8.21  ,-4.08  ,-2.68  ,-0.89   ,3.18
200803  ,-2.75  ,-0.91  ,-2.36  ,-2.15  ,-5.22  ,-3.09   ,1.87   ,1.41  ,-2.20  ,-2.57  ,-3.39  ,-1.40  ,-1.25  ,-0.55  ,-2.60  ,-3.28  ,-0.87  ,-3.29  ,-2.16  ,-3.36  ,-4.98  ,-1.12   ,1.03  ,-0.94  ,-1.24
200804   ,2.15   ,1.47   ,2.31   ,0.91   ,3.94   ,2.79   ,2.15   ,2.21   ,4.33   ,3.87   ,6.29   ,4.51   ,6.12   ,4.38   ,4.33   ,5.64   ,4.78   ,5.57   ,5.85   ,7.69   ,8.15   ,3.16   ,2.38   ,5.16   ,9.56
200805   ,4.00   ,3.52   ,4.36   ,2.53   ,6.70   ,5.13   ,4.53   ,3.73   ,3.18   ,8.05   ,3.94   ,2.87   ,4.33   ,3.90   ,7.71   ,4.71   ,4.05   ,2.43   ,5.52   ,7.98  ,-4.17  ,-0.89   ,3.13   ,1.94   ,5.49
200806 ,-12.80  ,-9.21  ,-6.88  ,-4.47  ,-3.06 ,-14.49  ,-9.36  ,-9.48  ,-6.63  ,-1.53 ,-13.68 ,-10.81  ,-7.06  ,-5.53  ,-0.63 ,-15.66 ,-10.90  ,-7.11  ,-6.09   ,1.34 ,-15.22 ,-11.79  ,-8.87  ,-5.83  ,-1.24
200807   ,2.34   ,2.13   ,1.91   ,2.30  ,-4.08   ,5.15   ,2.21   ,2.92   ,2.16  ,-2.99  ,-1.40   ,2.48   ,1.94  ,-1.64  ,-2.91  ,-1.76   ,1.98  ,-2.30  ,-2.94  ,-9.16   ,4.14   ,4.77  ,-1.83  ,-0.92 ,-11.05
200808   ,2.08   ,0.94   ,1.08  ,-0.46  ,-2.55   ,8.49   ,4.02   ,4.18  ,-0.93  ,-2.47   ,7.97   ,3.71   ,2.08   ,2.03  ,-2.59   ,4.16   ,4.00   ,2.05   ,0.20  ,-3.38   ,0.39   ,3.18   ,1.81   ,0.27  ,-2.23
200809 ,-12.33  ,-8.68  ,-8.10  ,-9.24 ,-14.83  ,-9.13  ,-7.91  ,-8.49  ,-8.26 ,-15.76 ,-12.34 ,-10.89  ,-9.58  ,-9.70 ,-17.32 ,-16.74 ,-10.17  ,-9.29 ,-13.78 ,-18.07 ,-11.60  ,-8.59  ,-2.77 ,-10.30 ,-14.02
200810 ,-29.37 ,-24.96 ,-21.85 ,-18.97 ,-22.49 ,-28.39 ,-24.62 ,-19.91 ,-18.32 ,-23.26 ,-24.77 ,-22.40 ,-25.13 ,-18.87 ,-21.10 ,-24.05 ,-20.71 ,-19.33 ,-20.55 ,-21.57 ,-24.03 ,-17.78 ,-15.86 ,-14.63 ,-16.55
200811 ,-17.77 ,-13.59 ,-15.22 ,-10.01 ,-11.44 ,-17.18 ,-12.78 ,-12.38 ,-12.67  ,-8.76 ,-15.57 ,-11.33 ,-10.63  ,-6.98  ,-9.38 ,-10.75 ,-12.01  ,-6.92  ,-4.44  ,-9.30 ,-14.33  ,-5.88  ,-4.32  ,-4.54  ,-8.41
200812   ,7.86   ,4.48   ,4.62   ,4.20   ,3.10  ,10.23   ,4.65   ,6.82   ,3.80   ,4.87   ,7.93   ,5.96   ,4.75   ,4.56   ,0.59  ,10.49   ,5.90   ,2.23   ,2.92   ,0.70   ,0.28   ,0.41   ,1.08  ,-0.96   ,0.78
200901  ,-3.98  ,-6.54  ,-6.78  ,-8.91 ,-10.93  ,-6.97  ,-8.44  ,-8.02  ,-9.78 ,-12.72  ,-3.09  ,-6.52  ,-9.20  ,-8.64  ,-9.51  ,-9.76  ,-4.42  ,-7.07  ,-6.93  ,-4.70  ,-8.46  ,-9.23  ,-5.58  ,-7.10  ,-8.23
200902 ,-14.17 ,-13.33 ,-10.36 ,-12.09 ,-11.36 ,-11.90 ,-13.21 ,-10.19 ,-10.79 ,-11.92 ,-10.59  ,-8.29 ,-11.90 ,-10.40  ,-9.89 ,-13.26  ,-9.05  ,-9.08  ,-8.55  ,-7.71 ,-16.92  ,-8.66 ,-10.02 ,-10.11  ,-8.57
200903  ,14.68   ,9.92   ,6.33   ,9.45   ,6.72  ,16.66  ,10.98   ,7.72   ,7.50   ,6.36  ,14.23  ,10.47   ,8.76   ,9.02   ,5.07  ,11.79  ,10.08   ,8.60   ,7.72   ,4.46  ,17.92  ,11.34  ,10.51   ,7.14   ,4.46
200904  ,35.80  ,17.83  ,11.95  ,11.98   ,8.33  ,41.16  ,20.04  ,20.11  ,10.52   ,4.87  ,32.14  ,21.08  ,14.13  ,12.49   ,4.77  ,32.01  ,16.60  ,11.02   ,6.01   ,1.84  ,28.96  ,16.78   ,8.07   ,3.19  ,-1.04
200905  ,18.34   ,8.83   ,9.12   ,7.53   ,7.77  ,12.96   ,6.54   ,2.72   ,1.42   ,0.36  ,14.68   ,6.29   ,5.24   ,3.12   ,1.68  ,13.93   ,4.95   ,3.42   ,2.71  ,-0.19  ,14.92  ,14.47   ,4.50   ,4.44   ,3.26
200906   ,0.66   ,2.40   ,0.69   ,5.45   ,3.59  ,-3.12   ,1.18   ,1.56   ,2.34   ,1.36  ,-3.02  ,-1.09   ,0.53   ,1.33   ,1.72  ,-2.11  ,-0.68   ,0.78   ,1.28   ,0.97  ,-7.66  ,-2.06   ,0.56   ,1.22   ,2.02
200907  ,13.83  ,10.88  ,10.81   ,7.59   ,7.67  ,14.48  ,12.61   ,8.61   ,9.00   ,7.14  ,12.85  ,10.10   ,8.34   ,9.63   ,7.38  ,11.63  ,12.03   ,9.79   ,6.90   ,6.65   ,9.92  ,10.33   ,6.62   ,6.67   ,6.67
200908  ,10.69   ,3.29   ,0.83  ,-0.22  ,-0.52   ,6.82   ,3.83   ,3.19  ,-0.35   ,0.26  ,11.13   ,4.43   ,1.52   ,2.02   ,1.25  ,11.82   ,5.61   ,3.57   ,2.87   ,2.58   ,6.80   ,3.13   ,1.03   ,2.66   ,1.23
200909  ,12.20   ,7.49   ,5.95   ,6.89   ,5.64  ,12.00   ,7.88   ,3.24   ,4.97   ,5.45  ,11.02   ,8.09   ,5.13   ,4.96   ,5.57   ,9.69   ,6.24   ,5.16   ,3.95   ,5.51   ,5.99   ,4.73   ,2.98   ,3.35   ,3.18
200910  ,-7.21  ,-4.29  ,-4.52  ,-5.85  ,-7.90  ,-7.29  ,-5.54  ,-4.45  ,-4.68  ,-7.26  ,-5.71  ,-4.17  ,-5.21  ,-4.06  ,-7.05  ,-5.32  ,-3.26  ,-4.02  ,-2.90  ,-4.45  ,-5.52  ,-0.87  ,-1.07  ,-1.97  ,-1.79
200911   ,0.72   ,0.50   ,3.60   ,2.98   ,5.40   ,4.25   ,0.67   ,3.88   ,2.30   ,7.41   ,3.45   ,2.44   ,5.31   ,5.01   ,6.38   ,4.93   ,5.17   ,5.70   ,2.93   ,7.27   ,6.48   ,5.61   ,5.18   ,6.62   ,7.20
200912   ,7.87   ,7.54   ,8.01   ,8.62   ,7.29   ,8.04   ,7.49   ,7.33   ,9.52  ,10.01   ,7.69   ,4.78   ,5.78   ,7.61   ,6.23   ,5.96   ,4.41   ,6.18   ,5.44   ,7.67  ,-1.19   ,2.81   ,2.92   ,3.09   ,3.91
201001  ,-1.01  ,-1.77  ,-1.34  ,-1.19  ,-3.16  ,-0.24  ,-2.43  ,-4.42  ,-4.99  ,-5.09  ,-1.33  ,-3.35  ,-2.28  ,-4.03  ,-4.55  ,-1.55  ,-1.75  ,-3.10  ,-4.24  ,-5.87  ,-0.06  ,-2.69  ,-4.45  ,-6.32  ,-8.20
201002   ,2.39   ,4.34   ,4.68   ,5.26   ,7.54   ,3.09   ,3.92   ,4.79   ,3.75   ,6.76   ,3.91   ,3.20   ,5.21   ,4.61   ,7.95   ,2.33   ,5.29   ,4.91   ,5.23   ,8.79   ,1.23   ,2.03   ,3.88   ,4.66   ,6.07
201003   ,8.38   ,7.34  ,10.14   ,7.37   ,8.27   ,9.25   ,6.44   ,6.74   ,7.49  ,10.06   ,7.15   ,6.93   ,7.15   ,6.79   ,8.77   ,6.06   ,4.83   ,7.20   ,7.78   ,8.26   ,4.25   ,4.41   ,4.98   ,9.06  ,10.27
201004   ,7.21   ,6.32   ,4.89   ,5.91   ,9.25   ,6.11   ,4.14   ,5.01   ,6.36   ,5.89   ,3.55   ,2.96   ,3.36   ,5.26   ,5.04   ,3.09   ,4.35   ,3.30   ,4.93   ,4.61   ,0.22   ,0.25   ,1.07   ,2.64   ,3.12
201005  ,-8.80  ,-7.00  ,-8.40  ,-8.95  ,-8.57  ,-7.31  ,-5.91  ,-6.47  ,-7.77  ,-8.18  ,-8.02  ,-6.55  ,-7.05  ,-6.21  ,-9.47  ,-7.05  ,-7.12  ,-5.77  ,-7.92  ,-8.76  ,-7.83  ,-7.27  ,-8.90  ,-8.33  ,-7.86
201006  ,-6.99  ,-5.80  ,-5.05  ,-8.03  ,-8.27  ,-7.99  ,-5.58  ,-5.43  ,-6.25  ,-9.19  ,-6.17  ,-5.79  ,-4.95  ,-7.48  ,-9.46  ,-4.88  ,-5.61  ,-4.46  ,-6.95  ,-8.00  ,-4.93  ,-2.71  ,-6.88  ,-6.54  ,-7.05
201007   ,5.93   ,7.26   ,7.11   ,5.44   ,6.94   ,5.96   ,6.68   ,5.58   ,7.49   ,9.28   ,4.37   ,6.75   ,8.17   ,7.50   ,8.20   ,6.20   ,6.38   ,6.73   ,8.04  ,10.65   ,7.48   ,6.13   ,5.35   ,8.69   ,7.91
201008  ,-7.87  ,-7.36  ,-7.26  ,-6.16  ,-6.18  ,-7.67  ,-5.43  ,-6.75  ,-6.20  ,-4.52  ,-6.82  ,-4.48  ,-5.81  ,-5.12  ,-5.31  ,-4.96  ,-5.34  ,-3.69  ,-2.91  ,-3.13  ,-3.35  ,-5.27  ,-4.61  ,-2.38  ,-4.62
201009  ,12.83  ,11.57  ,11.21  ,13.08  ,14.55  ,13.42  ,12.69  ,12.24  ,11.85  ,13.05  ,13.47  ,11.16  ,11.30  ,11.58  ,13.40  ,11.70  ,11.06  ,10.14  ,10.33  ,12.09   ,8.61   ,8.78   ,6.91   ,8.80  ,12.80
201010   ,4.37   ,4.14   ,4.90   ,6.67   ,5.89   ,3.72   ,3.56   ,2.12   ,4.82   ,3.79   ,3.25   ,4.03   ,3.84   ,4.29   ,5.58   ,3.42   ,2.76   ,5.04   ,4.71   ,3.60   ,2.83   ,5.18   ,3.24   ,3.26   ,5.36
201011   ,2.03   ,2.82   ,3.80   ,4.47   ,6.57   ,2.61   ,2.06   ,2.44   ,5.30   ,4.27   ,2.32   ,3.36   ,3.50   ,1.87   ,6.89   ,0.84   ,1.10   ,3.28   ,2.00   ,4.21  ,-0.30  ,-0.34  ,-0.59   ,0.15   ,2.92
201012  ,10.90   ,8.50   ,8.45  ,10.28   ,9.87  ,11.20   ,8.79   ,8.89   ,8.21   ,7.20  ,11.54   ,8.39   ,7.31   ,6.33   ,6.68   ,9.22   ,9.94   ,6.35   ,6.63   ,5.33   ,7.85   ,6.58   ,5.52   ,6.45   ,5.13
201101  ,-1.40  ,-0.52  ,-0.24  ,-0.48   ,0.07   ,0.00   ,0.49   ,0.17  ,-0.70  ,-0.58   ,1.96   ,1.96   ,0.55   ,2.05  ,-0.06   ,2.94   ,2.31   ,2.40   ,0.91   ,1.79   ,3.21   ,2.57   ,1.65   ,0.47   ,1.56
201102   ,4.21   ,5.46   ,4.02   ,5.92   ,5.87   ,3.15   ,4.44   ,5.44   ,6.03   ,7.12   ,4.96   ,6.15   ,4.93   ,5.73   ,8.01   ,3.48   ,3.71   ,3.45   ,4.04   ,6.50   ,1.61   ,3.95   ,5.88   ,4.77   ,2.26
201103  ,-0.90   ,2.30   ,1.94   ,3.34   ,1.46  ,-0.02   ,2.62   ,1.58   ,2.13   ,3.91  ,-1.01   ,2.30   ,1.72   ,3.87   ,4.12   ,2.58   ,3.22   ,1.41   ,3.25   ,2.27  ,-1.01  ,-0.08   ,0.03   ,0.23   ,0.48
201104   ,1.50   ,2.06   ,1.87   ,1.78   ,1.60   ,1.52   ,1.84   ,1.18   ,3.32   ,2.96   ,2.07   ,2.89   ,3.91   ,2.57   ,3.68   ,2.98   ,2.58   ,2.85   ,3.14   ,4.11   ,2.83   ,2.54   ,3.88   ,2.56   ,1.05
201105  ,-3.08  ,-2.52  ,-1.88  ,-2.58  ,-2.33  ,-2.20  ,-1.18  ,-1.17  ,-3.47  ,-3.09  ,-1.93  ,-1.03  ,-1.72  ,-2.59  ,-1.91  ,-0.25  ,-0.73  ,-0.55  ,-0.21  ,-2.50  ,-0.75  ,-1.64  ,-1.19  ,-1.76  ,-3.08
201106  ,-4.53  ,-2.70  ,-2.71  ,-1.75  ,-4.06  ,-3.18  ,-1.24  ,-1.78  ,-2.09  ,-3.74  ,-4.13  ,-2.05  ,-1.99  ,-1.97  ,-1.90  ,-4.20  ,-3.39  ,-2.49  ,-1.94  ,-0.20  ,-2.61  ,-1.54  ,-1.49  ,-1.30  ,-0.80
201107  ,-2.74  ,-1.65  ,-0.38  ,-1.17  ,-1.47  ,-3.65  ,-3.74  ,-4.63  ,-2.77  ,-1.40  ,-4.61  ,-4.51  ,-2.98  ,-3.15  ,-1.83  ,-4.19  ,-3.83  ,-3.07  ,-1.82  ,-2.38  ,-1.36  ,-4.05  ,-1.55  ,-3.11   ,0.01
201108 ,-11.48  ,-8.83  ,-8.24 ,-10.51 ,-10.22  ,-8.99  ,-6.75  ,-8.74  ,-7.82  ,-7.95  ,-8.81  ,-6.12  ,-6.10  ,-9.58  ,-8.74  ,-9.41  ,-6.79  ,-6.56  ,-6.15 ,-10.34  ,-5.21  ,-4.15  ,-3.91  ,-6.55  ,-6.19
201109 ,-12.58 ,-10.54 ,-10.69 ,-11.59 ,-15.90 ,-12.09 ,-11.37 ,-11.35 ,-12.87 ,-14.72 ,-12.45 ,-11.91  ,-9.96 ,-11.13 ,-15.41  ,-9.38  ,-9.06  ,-8.04 ,-11.91 ,-13.94  ,-7.18  ,-7.19  ,-6.40  ,-8.05 ,-10.60
201110  ,13.97  ,14.20  ,14.23  ,16.53  ,16.61  ,17.10  ,14.25  ,15.39  ,16.11  ,16.93  ,15.78  ,13.99  ,18.54  ,14.97  ,15.95  ,14.97  ,13.53  ,12.84  ,12.47  ,13.47  ,14.35  ,11.05   ,8.90   ,9.39  ,10.59
201111  ,-5.29  ,-1.85   ,0.18  ,-0.36   ,1.90  ,-2.87   ,0.35  ,-0.89   ,1.17  ,-1.98  ,-2.43  ,-0.15  ,-0.38   ,1.93  ,-0.39  ,-1.82  ,-1.05   ,1.10   ,1.33  ,-0.49  ,-5.15   ,0.24  ,-0.12   ,1.57  ,-0.44
201112  ,-0.63   ,1.14   ,2.23   ,0.76   ,0.29  ,-1.29  ,-0.35   ,0.09   ,0.72  ,-0.84   ,0.24   ,0.43  ,-0.17  ,-0.31  ,-1.02  ,-1.37  ,-0.43   ,0.88  ,-0.14  ,-2.36  ,-3.28  ,-0.15   ,2.06   ,0.07   ,1.61
201201  ,12.68   ,7.33   ,6.57   ,5.68   ,5.17  ,12.26   ,7.00   ,5.63   ,6.06   ,6.78   ,9.78   ,6.71   ,6.74   ,3.27   ,4.93  ,11.90   ,7.64   ,5.65   ,3.55   ,4.34  ,11.39   ,7.47   ,3.11   ,2.90   ,1.51
201202   ,3.23   ,1.67   ,2.73   ,0.83   ,2.84   ,3.15   ,2.57   ,2.87   ,4.12   ,4.14   ,5.52   ,4.52   ,5.15   ,3.80   ,3.97   ,6.32   ,2.88   ,4.52   ,4.54   ,3.98   ,4.92   ,3.98   ,4.08   ,4.47   ,4.47
201203  ,-0.87   ,2.09   ,2.51   ,3.58   ,3.64   ,0.43   ,1.45   ,3.05   ,1.64   ,1.00  ,-2.24   ,0.50   ,1.40   ,1.72   ,1.10  ,-0.81   ,2.04   ,0.97   ,2.42   ,1.06   ,1.14   ,2.66   ,1.44   ,3.40   ,4.83
201204  ,-4.66  ,-2.24  ,-0.77  ,-0.89   ,0.02  ,-2.07  ,-1.94  ,-1.44  ,-0.70  ,-0.77  ,-3.67  ,-1.86  ,-0.57   ,0.42   ,0.36  ,-3.29  ,-1.32  ,-0.05   ,1.98   ,2.08  ,-3.14  ,-1.08  ,-0.42  ,-0.26   ,0.58
201205 ,-11.87  ,-6.38  ,-5.16  ,-5.64  ,-4.96 ,-11.69  ,-6.08  ,-5.38  ,-5.38  ,-7.39 ,-12.69  ,-8.17  ,-7.82  ,-4.73  ,-5.07 ,-13.61  ,-8.18  ,-7.40  ,-4.29  ,-6.79 ,-12.35  ,-8.24  ,-6.20  ,-2.83  ,-5.15
201206   ,3.82   ,4.83   ,4.01   ,4.74   ,5.34   ,4.28   ,4.05   ,4.10   ,4.18   ,4.09   ,2.90   ,2.18   ,4.81   ,1.68   ,4.24   ,4.19   ,2.90   ,2.54   ,2.66   ,2.10   ,2.17   ,4.27   ,5.12   ,4.38   ,2.48
201207  ,-2.14  ,-1.70  ,-0.09   ,1.19   ,0.93  ,-2.03  ,-1.59  ,-0.60   ,0.15   ,0.48  ,-2.25   ,1.52   ,0.91  ,-0.71  ,-0.32  ,-1.46   ,0.16   ,1.13   ,0.06   ,0.76   ,1.13   ,0.37   ,1.63   ,1.04   ,2.79
201208   ,4.69   ,3.23   ,2.00   ,2.08   ,3.41   ,5.28   ,3.28   ,1.67   ,3.95   ,1.82   ,5.14   ,5.20   ,2.61   ,2.61   ,4.45   ,4.26   ,3.44   ,3.83   ,3.21   ,3.03   ,4.25   ,4.93   ,2.56   ,1.56   ,1.33
201209   ,5.88   ,4.92   ,3.48   ,3.95   ,4.97   ,4.25   ,2.64   ,2.89   ,3.65   ,3.00   ,4.15   ,2.56   ,2.64   ,2.00   ,0.91   ,3.21   ,2.56   ,3.53   ,1.72   ,1.79   ,5.25   ,2.60   ,1.53   ,2.86   ,2.68
201210  ,-5.34  ,-3.95  ,-2.37  ,-1.82  ,-0.51  ,-2.71  ,-1.68  ,-2.32  ,-0.40  ,-1.47   ,0.18  ,-0.07  ,-1.05  ,-2.33   ,0.33   ,0.10  ,-1.25   ,0.04  ,-0.81   ,0.03  ,-1.39  ,-0.72  ,-1.39  ,-2.37  ,-3.82
201211  ,-1.18   ,0.01   ,0.61  ,-0.03   ,0.98   ,0.71   ,1.68   ,0.79  ,-0.77   ,0.49   ,1.91   ,1.83   ,0.49   ,2.52   ,1.79  ,-0.39   ,2.58   ,1.74   ,1.45   ,1.96  ,-1.73   ,0.67   ,0.10   ,1.21   ,0.77
201212   ,4.75   ,3.69   ,3.31   ,2.79   ,2.32   ,4.86   ,3.67   ,2.73   ,3.47   ,2.33   ,4.21   ,2.42   ,1.12   ,2.37   ,1.19   ,3.17   ,4.05   ,1.50   ,1.94   ,1.44   ,2.64   ,2.12   ,0.28   ,0.18   ,0.50
201301   ,4.37   ,4.68   ,5.44   ,6.63   ,6.69   ,5.48   ,6.04   ,5.12   ,5.81   ,5.85   ,6.26   ,6.51   ,5.46   ,6.81   ,7.88   ,7.73   ,6.42   ,6.62   ,6.88   ,6.51   ,6.26   ,5.54   ,6.05   ,5.23   ,0.95
201302  ,-2.83  ,-0.26  ,-0.10   ,1.04  ,-0.12  ,-0.42   ,0.44   ,0.42   ,1.49   ,0.58  ,-2.36   ,0.26   ,1.94   ,1.13   ,1.30  ,-0.48   ,1.51   ,1.17   ,1.26   ,1.89  ,-0.83   ,0.18   ,2.38   ,1.11   ,1.58
201303   ,2.30   ,4.04   ,3.91   ,5.13   ,6.41   ,3.20   ,3.79   ,4.57   ,5.93   ,4.66   ,3.88   ,4.58   ,4.26   ,5.23   ,5.90   ,3.09   ,4.29   ,4.72   ,4.71   ,5.28   ,2.48   ,3.17   ,4.01   ,2.84   ,5.26
201304  ,-2.35  ,-1.24  ,-1.68   ,0.82   ,1.47  ,-2.51  ,-1.01  ,-0.95  ,-0.30  ,-0.30  ,-1.73  ,-0.26   ,0.89   ,0.79  ,-1.19   ,0.24   ,0.34   ,1.79  ,-0.16   ,0.69   ,0.86   ,1.68   ,2.23   ,1.97   ,1.82
201305   ,4.92   ,3.22   ,4.61   ,4.87   ,3.53   ,5.73   ,3.88   ,3.99   ,2.90   ,5.26   ,5.52   ,3.76   ,2.20   ,3.32   ,2.92   ,2.26   ,2.04   ,3.64   ,1.50   ,4.40   ,2.92   ,2.33   ,1.52   ,1.95   ,3.05
201306  ,-2.01  ,-0.68   ,0.44   ,2.03  ,-0.37  ,-2.25   ,1.02  ,-1.54   ,0.49   ,1.06  ,-2.71  ,-0.46   ,0.45  ,-0.35  ,-1.48  ,-2.43  ,-1.36  ,-1.08  ,-1.45  ,-4.43  ,-3.91  ,-0.48  ,-1.53   ,0.37  ,-3.58
201307   ,8.16   ,6.81   ,6.88   ,6.68   ,8.63   ,7.14   ,6.26   ,8.06   ,6.10   ,8.52   ,7.42   ,6.08   ,8.09   ,8.10   ,8.36   ,6.96   ,4.55   ,5.94   ,6.20   ,6.66   ,4.60   ,4.40   ,5.57   ,4.92   ,8.23
201308  ,-1.30  ,-2.39  ,-3.18  ,-3.12  ,-1.94  ,-2.67  ,-3.29  ,-1.84  ,-3.26  ,-2.01  ,-1.22  ,-3.12  ,-2.14  ,-3.47  ,-2.69  ,-1.22  ,-2.80  ,-2.09  ,-1.93  ,-2.38  ,-1.64  ,-2.76  ,-2.62  ,-3.03  ,-3.42
201309   ,4.50   ,5.79   ,6.25   ,5.41   ,7.51   ,2.74   ,3.49   ,6.02   ,6.83   ,8.07   ,4.82   ,4.77   ,5.14   ,5.80   ,7.32   ,3.48   ,4.87   ,4.86   ,4.84   ,6.90   ,1.52   ,3.02   ,3.94   ,4.56   ,4.93
201310   ,1.07   ,2.99   ,2.29   ,3.87   ,1.68   ,1.16   ,3.46   ,2.08   ,3.46   ,1.90   ,1.79   ,4.14   ,4.40   ,4.56   ,3.46   ,1.86   ,3.65   ,2.89   ,3.78   ,3.18   ,4.15   ,5.30   ,4.77   ,4.44   ,3.03
201311   ,2.06   ,5.04   ,4.09   ,6.38   ,7.27   ,2.19   ,2.73   ,5.19   ,6.39   ,3.59   ,0.68   ,2.51   ,2.72   ,3.26   ,3.99  ,-0.74   ,1.01   ,1.89   ,2.23   ,2.12   ,1.93   ,3.15   ,3.41   ,3.01   ,3.43
201312   ,2.28   ,2.20   ,1.08   ,2.32   ,3.76   ,2.55   ,1.26   ,2.02   ,1.27   ,2.79   ,3.78   ,2.86   ,2.25   ,2.33   ,1.94   ,2.13   ,3.17   ,1.67   ,3.78   ,3.89   ,3.01   ,1.21   ,2.55   ,3.20   ,3.35
201401  ,-0.24  ,-3.28  ,-2.69  ,-3.00  ,-1.26  ,-4.25  ,-2.45  ,-4.07  ,-2.29  ,-2.60  ,-2.20  ,-3.54  ,-3.32  ,-3.95  ,-2.74  ,-1.61  ,-2.98  ,-3.14  ,-3.32  ,-0.89  ,-5.36  ,-3.87  ,-3.51  ,-3.96   ,0.11
201402   ,5.14   ,3.05   ,5.91   ,4.57   ,5.28   ,4.19   ,3.44   ,3.16   ,5.77   ,4.22   ,5.77   ,5.12   ,4.66   ,6.21   ,5.43   ,4.81   ,4.92   ,6.31   ,5.37   ,7.27   ,3.90   ,3.70   ,4.06   ,4.66   ,7.46
201403  ,-0.66   ,1.37   ,1.21   ,0.66  ,-0.95   ,0.04   ,1.95   ,1.33   ,2.36  ,-1.61   ,0.81   ,1.50   ,1.30   ,0.54  ,-4.06   ,0.21   ,0.23   ,1.37   ,0.47  ,-4.96   ,2.69   ,1.87   ,2.15   ,0.28  ,-4.08
201404  ,-2.48  ,-2.40  ,-4.41  ,-2.02  ,-5.73  ,-0.90  ,-1.64  ,-2.56  ,-3.17  ,-3.80   ,0.78   ,0.90  ,-1.79  ,-2.02  ,-4.67   ,1.83  ,-0.92  ,-0.15  ,-1.87  ,-4.54   ,3.02   ,2.69   ,0.90  ,-2.05  ,-1.45
201405  ,-1.24   ,1.74  ,-0.37  ,-0.58  ,-0.60   ,0.74   ,1.49   ,1.21  ,-0.07  ,-0.79   ,1.02   ,1.48   ,0.83   ,1.67   ,1.43   ,0.09   ,2.52   ,1.72   ,1.42   ,2.08   ,0.19   ,1.38   ,2.68   ,2.82   ,5.08
201406   ,6.14   ,5.67   ,7.77   ,6.08   ,6.39   ,5.73   ,6.31   ,4.36   ,4.61   ,6.66   ,6.10   ,5.45   ,4.77   ,3.75   ,8.18   ,3.93   ,3.43   ,4.64   ,3.13   ,4.45   ,2.35   ,1.51   ,1.74   ,2.71   ,3.60
201407  ,-5.81  ,-4.85  ,-5.22  ,-4.92  ,-7.14  ,-6.26  ,-5.16  ,-5.69  ,-5.66  ,-5.18  ,-3.87  ,-5.96  ,-4.54  ,-6.46  ,-6.24  ,-2.24  ,-2.24  ,-2.90  ,-4.05  ,-4.71  ,-0.04  ,-1.29  ,-2.20  ,-1.84  ,-0.16
201408   ,2.79   ,3.88   ,3.95   ,4.52   ,5.59   ,4.58   ,3.93   ,4.69   ,4.19   ,5.25   ,4.59   ,4.46   ,5.82   ,4.32   ,6.22   ,4.29   ,4.02   ,4.90   ,4.65   ,6.62   ,3.87   ,4.12   ,3.52   ,4.05   ,3.72
201409  ,-8.13  ,-6.08  ,-6.23  ,-6.15  ,-5.93  ,-7.09  ,-5.34  ,-5.88  ,-6.79  ,-6.43  ,-5.26  ,-4.81  ,-4.73  ,-5.71  ,-7.84  ,-3.97  ,-4.27  ,-4.82  ,-4.46  ,-3.54  ,-1.00  ,-1.67  ,-1.53  ,-1.48  ,-1.91
201410   ,2.40   ,5.56   ,2.48   ,3.55   ,0.72   ,4.68   ,5.51   ,7.98   ,3.54   ,1.13   ,2.73   ,4.22   ,4.53   ,2.42  ,-0.62   ,0.78   ,2.34   ,2.00   ,2.74  ,-0.05  ,-0.05   ,2.18   ,2.73   ,2.34   ,1.74
201411  ,-2.99  ,-0.11  ,-1.84  ,-0.99  ,-1.24  ,-1.13  ,-0.27  ,-0.39   ,0.64  ,-0.31   ,1.46   ,1.28   ,1.29  ,-0.59   ,1.71   ,0.07   ,2.40   ,2.80   ,1.85   ,1.37   ,2.38   ,2.48   ,0.97   ,3.35   ,4.04
201412   ,1.72   ,3.81   ,4.02   ,2.71   ,2.18   ,0.19   ,0.63   ,2.06   ,1.48   ,2.81  ,-0.85   ,1.12   ,0.89   ,0.40  ,-0.46  ,-1.24  ,-0.45   ,0.99   ,0.68  ,-0.07  ,-1.47  ,-0.76   ,1.19  ,-0.08  ,-1.61
201501  ,-8.35  ,-3.73  ,-4.26  ,-5.90  ,-3.96  ,-7.37  ,-5.82  ,-4.11  ,-1.06  ,-0.05  ,-5.79  ,-2.81  ,-3.74  ,-2.82  ,-0.59  ,-6.76  ,-3.61  ,-0.92  ,-0.84   ,0.80  ,-4.02  ,-5.24  ,-5.49  ,-2.50  ,-0.69
201502   ,8.43   ,5.70   ,6.87   ,3.14   ,5.15   ,8.07   ,6.89   ,6.28   ,3.77   ,6.71   ,9.46   ,6.48   ,8.02   ,5.17   ,5.96   ,8.73   ,6.82   ,6.09   ,5.69   ,6.66   ,6.99   ,6.65   ,5.28   ,5.74   ,5.46
201503  ,-2.09   ,1.02   ,1.08   ,1.87   ,1.73  ,-0.63   ,1.54   ,1.88   ,1.69   ,2.86  ,-2.14   ,0.71   ,2.30   ,1.48   ,3.08  ,-3.27  ,-0.00   ,0.60   ,0.54   ,1.44  ,-2.63  ,-1.88  ,-2.27  ,-0.25  ,-1.44
201504   ,4.92  ,-0.01  ,-1.03  ,-1.73  ,-3.60   ,3.35  ,-1.93  ,-3.03  ,-3.25  ,-4.08   ,4.87  ,-0.00  ,-1.84  ,-3.44  ,-3.04   ,7.40   ,0.90   ,0.02  ,-1.77  ,-2.42   ,5.86   ,2.50   ,1.68  ,-0.85  ,-1.42
201505  ,-2.61  ,-0.27   ,0.51   ,2.53   ,4.57  ,-1.00   ,1.18   ,0.47   ,2.32   ,5.94  ,-2.97   ,1.10   ,3.30   ,2.38   ,5.53  ,-4.58  ,-1.02   ,2.22   ,2.55   ,4.28  ,-3.73   ,0.08   ,1.60   ,2.67   ,4.02
201506  ,-0.78   ,0.99   ,1.61   ,2.58   ,0.65  ,-2.84   ,1.13   ,2.07   ,1.09   ,1.32  ,-4.11  ,-1.92  ,-0.58  ,-0.04   ,1.60  ,-4.05  ,-0.78  ,-1.70  ,-0.63  ,-1.14  ,-3.43  ,-2.21  ,-1.55  ,-1.64  ,-0.76
201507 ,-10.22  ,-2.77  ,-1.70  ,-1.28  ,-1.39  ,-9.16  ,-0.52  ,-2.67   ,0.95   ,0.72 ,-10.28  ,-0.79  ,-0.53   ,1.51   ,3.93  ,-8.02   ,1.05   ,2.33   ,1.96   ,3.36  ,-6.10   ,2.25   ,2.82   ,3.18   ,4.28
201508  ,-4.19  ,-4.13  ,-2.52  ,-4.85  ,-6.78  ,-5.36  ,-3.99  ,-5.12  ,-5.54  ,-8.18  ,-2.92  ,-5.85  ,-4.90  ,-5.66  ,-7.56  ,-4.77  ,-5.05  ,-4.71  ,-5.09  ,-7.83  ,-4.25  ,-6.37  ,-6.27  ,-7.36  ,-5.93
201509 ,-11.81  ,-4.99  ,-2.62  ,-1.90  ,-5.61 ,-10.01  ,-3.65  ,-5.69  ,-1.82  ,-6.60 ,-11.79  ,-4.02  ,-3.24  ,-2.96  ,-5.01  ,-8.58  ,-3.88  ,-2.15  ,-2.97  ,-4.39  ,-4.68  ,-2.42  ,-1.92  ,-2.62  ,-2.19
201510   ,7.76   ,7.67   ,5.05   ,5.75   ,4.38   ,8.91   ,6.61   ,4.82   ,3.00   ,3.78   ,7.50   ,6.89   ,3.95   ,6.20   ,4.13   ,9.16   ,6.87   ,6.13   ,6.05   ,4.28   ,9.91   ,7.62   ,8.59   ,7.78   ,5.39
201511   ,0.30   ,2.64   ,3.89   ,5.15   ,5.08   ,2.07   ,2.61   ,3.56   ,3.36   ,4.25  ,-2.16   ,1.44   ,0.64   ,2.90   ,1.72  ,-1.42   ,1.11   ,2.16   ,0.88   ,0.83  ,-1.46  ,-0.22   ,0.92   ,0.21   ,1.03
201512  ,-6.18  ,-4.41  ,-3.84  ,-4.00  ,-4.74  ,-8.40  ,-4.78  ,-5.19  ,-6.40  ,-4.55  ,-7.28  ,-5.64  ,-4.55  ,-4.96  ,-3.96  ,-5.21  ,-4.55  ,-2.17  ,-1.78  ,-3.41  ,-5.49  ,-2.11  ,-2.85   ,0.12   ,0.17
201601 ,-11.53  ,-9.49  ,-7.39  ,-6.29 ,-10.46 ,-10.26  ,-8.90  ,-9.87  ,-6.86 ,-12.14  ,-8.20  ,-8.65  ,-6.45  ,-6.30  ,-7.85  ,-5.67  ,-6.46  ,-8.21  ,-5.15  ,-8.29  ,-3.43  ,-4.72  ,-5.33  ,-6.09  ,-4.51
201602   ,3.27   ,3.29   ,0.33  ,-1.42  ,-1.40   ,6.43   ,4.38   ,0.66  ,-0.09  ,-1.44   ,3.49   ,4.30  ,-0.57  ,-0.13  ,-2.44   ,5.57   ,3.39   ,0.86  ,-0.23   ,0.72   ,1.88   ,1.51   ,0.25  ,-1.02  ,-3.08
201603  ,12.15   ,7.83   ,7.62   ,5.39   ,5.45  ,13.81   ,8.87   ,8.24   ,7.18   ,7.15  ,11.94   ,6.72   ,7.60   ,6.90   ,6.16  ,10.01  ,10.13   ,8.39   ,7.21   ,5.34   ,4.95   ,9.17   ,6.04   ,5.57   ,6.07
201604   ,8.19   ,4.20   ,5.66   ,2.60   ,5.73   ,6.83   ,4.12   ,0.79   ,2.43   ,3.49   ,7.02   ,3.52   ,0.22   ,0.13   ,0.53   ,4.86   ,2.14   ,0.95  ,-0.18  ,-0.50   ,6.83  ,-0.93   ,2.87  ,-0.32  ,-1.06
201605  ,-1.22  ,-0.66   ,0.67   ,0.03   ,1.07  ,-0.77   ,1.31   ,2.46   ,2.42   ,1.44  ,-2.13   ,1.36   ,3.13   ,3.12   ,3.01  ,-1.16  ,-0.34   ,2.16   ,2.93   ,2.13   ,1.06   ,1.65   ,0.84   ,1.66   ,2.10
201606  ,-1.25  ,-1.16   ,2.14   ,0.08   ,1.98  ,-1.24  ,-1.73  ,-0.56  ,-0.50   ,3.71  ,-4.79  ,-2.89  ,-0.83   ,0.66   ,2.83  ,-3.20  ,-2.40  ,-1.88   ,1.46   ,2.76  ,-3.38  ,-2.28  ,-0.66   ,2.50   ,2.19
201607   ,6.84   ,4.29   ,4.53   ,4.15   ,5.71   ,5.59   ,7.31   ,5.95   ,4.59   ,6.48   ,6.23   ,5.39   ,3.98   ,3.13   ,3.36   ,6.40   ,4.97   ,4.57   ,4.91   ,2.56   ,7.97   ,3.92   ,3.06   ,1.57   ,4.46
201608   ,3.16   ,2.02   ,2.60   ,1.67  ,-0.19   ,3.33   ,2.68   ,3.25   ,0.83  ,-0.09   ,0.98   ,2.47   ,0.63   ,0.38  ,-2.46   ,3.40   ,0.17   ,1.21   ,2.31  ,-1.45   ,1.99   ,1.62   ,0.74  ,-0.58  ,-1.65
201609   ,3.99   ,2.28   ,2.58   ,1.68   ,4.28   ,1.43   ,1.64  ,-0.35   ,0.71   ,2.04   ,1.64   ,0.15  ,-1.32   ,1.93   ,1.64   ,0.63   ,0.40  ,-0.68  ,-0.73   ,0.56  ,-1.35   ,0.96   ,0.20   ,0.03   ,0.72
201610  ,-7.56  ,-3.42  ,-3.01  ,-1.34  ,-6.20  ,-7.47  ,-4.93  ,-2.90  ,-5.55  ,-4.59  ,-5.71  ,-1.75  ,-1.41  ,-3.46  ,-4.57  ,-2.12  ,-1.68  ,-2.20  ,-3.49  ,-3.43  ,-1.12   ,0.80  ,-0.98  ,-3.25  ,-1.34
201611  ,10.54  ,11.68  ,11.57  ,10.48   ,8.45  ,11.37  ,11.90  ,12.01  ,12.52   ,6.92   ,7.59   ,7.57   ,9.77   ,9.28   ,7.16   ,9.09   ,6.47   ,5.47   ,3.19   ,3.92   ,8.03   ,4.77   ,3.59   ,1.36   ,0.34
201612   ,3.03   ,4.81   ,6.35   ,4.06   ,1.75   ,0.78   ,2.74   ,3.36   ,3.58   ,0.17   ,1.80   ,1.80   ,0.98   ,1.68   ,0.26   ,0.84  ,-0.46   ,1.58   ,0.30   ,0.48   ,1.37   ,2.33   ,2.41   ,2.44  ,-0.01
201701   ,0.97  ,-0.44  ,-0.51  ,-0.84   ,1.86   ,3.28   ,0.65   ,0.43  ,-0.93   ,4.62   ,3.50   ,1.46   ,1.52   ,1.02   ,2.32   ,2.67   ,2.59   ,2.15   ,1.22   ,2.67   ,3.23   ,2.44   ,1.60   ,1.87   ,2.85
201702   ,2.08   ,1.21   ,1.68   ,0.76  ,-0.17   ,3.31   ,1.74   ,0.61   ,0.22   ,0.85   ,3.07   ,2.00   ,1.69   ,1.94   ,0.80   ,4.07   ,2.55   ,3.54   ,2.16   ,2.86   ,4.75   ,3.49   ,3.60   ,3.23   ,1.46
201703   ,1.88  ,-0.29   ,0.63   ,0.58  ,-0.40   ,1.85   ,0.94   ,1.37   ,1.30  ,-0.21  ,-0.60   ,1.32  ,-0.42  ,-0.05  ,-1.44  ,-1.38   ,0.78   ,0.77   ,0.64  ,-0.11  ,-0.45   ,0.76   ,0.85   ,0.17  ,-0.97
201704  ,-0.80   ,3.56   ,0.83   ,1.21  ,-0.85   ,0.58  ,-0.10  ,-0.47   ,0.73   ,0.46  ,-0.50   ,2.02   ,0.62   ,0.68  ,-0.39   ,0.98   ,0.99   ,0.54  ,-0.03   ,0.19  ,-0.12   ,2.53   ,0.65   ,0.80   ,1.01
201705  ,-4.18  ,-2.52  ,-2.28  ,-1.67  ,-2.87  ,-1.94  ,-1.51  ,-2.34  ,-3.10  ,-1.85  ,-1.63  ,-0.07   ,0.33  ,-2.58  ,-1.74  ,-1.70   ,0.48   ,1.06   ,0.63   ,1.50  ,-0.93   ,0.47   ,2.30   ,1.82   ,3.42
201706   ,5.35   ,4.57   ,5.48   ,4.87   ,4.09   ,2.85   ,2.99   ,2.46   ,3.94   ,5.00   ,3.34   ,2.86   ,1.73   ,2.22   ,2.44   ,1.06   ,1.62   ,1.38   ,1.84  ,-0.04   ,0.62   ,1.05   ,1.51   ,0.05  ,-0.17
201707   ,0.01   ,0.41   ,0.18   ,0.76   ,0.97   ,0.86   ,2.35   ,0.62  ,-0.32   ,3.29   ,1.84   ,1.29   ,0.84   ,0.34   ,3.67   ,0.83   ,2.11   ,0.94   ,2.24   ,2.61   ,1.51   ,0.98   ,1.77   ,2.89   ,4.10
201708  ,-2.56  ,-0.34  ,-1.95  ,-0.57   ,0.43  ,-2.96  ,-1.97  ,-0.34  ,-1.26  ,-0.32  ,-2.38  ,-0.29   ,0.51  ,-1.01  ,-0.80  ,-3.60  ,-0.00  ,-0.25   ,0.21   ,1.16  ,-2.14   ,0.16   ,0.29   ,1.25   ,2.01
201709   ,6.91   ,7.60   ,6.78   ,9.01   ,7.47   ,5.83   ,7.37   ,6.30   ,4.82   ,5.46   ,5.23   ,2.95   ,3.86   ,4.46   ,4.16   ,4.80   ,2.92   ,2.82   ,1.57   ,3.48   ,2.94   ,2.99   ,1.84   ,1.22   ,1.14
201710  ,-2.80   ,1.08   ,1.06   ,0.79   ,0.58  ,-2.40  ,-0.51   ,0.04   ,3.10   ,1.20  ,-2.72   ,2.03   ,1.44   ,3.78   ,2.19  ,-0.55   ,0.75   ,3.15   ,3.15   ,4.87  ,-1.75  ,-0.43   ,4.63   ,2.12   ,5.86
201711   ,3.41   ,2.01   ,2.25   ,2.68   ,2.66   ,1.65   ,3.80   ,2.35   ,3.72   ,1.90   ,3.52   ,2.87   ,4.28   ,2.65   ,1.80   ,4.50   ,3.42   ,3.00   ,4.57   ,4.77   ,3.73   ,3.68   ,1.85   ,2.84   ,2.50
201712   ,2.12  ,-0.01   ,0.77  ,-1.06   ,2.07   ,1.00  ,-0.64   ,0.16   ,0.57   ,1.64   ,2.71   ,1.10   ,0.73   ,0.39  ,-0.99   ,4.78   ,2.63  ,-0.12  ,-0.08  ,-0.80   ,3.04   ,2.41   ,1.35   ,1.02  ,-0.25
201801   ,1.52   ,1.64   ,1.09   ,3.39   ,3.60   ,1.04   ,1.66   ,1.50   ,3.35   ,3.81   ,1.39   ,2.36   ,3.40   ,3.06   ,6.99   ,3.18   ,4.00   ,3.20   ,5.33   ,7.02   ,2.91   ,3.23   ,4.88   ,7.43   ,9.49
201802  ,-4.96  ,-3.71  ,-4.38  ,-3.40  ,-4.12  ,-6.53  ,-4.43  ,-3.00  ,-3.91  ,-4.12  ,-5.25  ,-4.56  ,-3.28  ,-3.26  ,-2.61  ,-6.19  ,-3.94  ,-2.96  ,-3.70  ,-4.39  ,-7.88  ,-6.77  ,-4.33  ,-2.36  ,-0.17
201803   ,0.47   ,2.79   ,2.26   ,0.98   ,0.53  ,-0.28   ,1.04  ,-0.05  ,-0.36  ,-0.46   ,1.45   ,1.13   ,0.15   ,0.11  ,-0.00   ,0.21   ,0.07  ,-0.10   ,0.24   ,0.21  ,-1.13  ,-1.69  ,-3.21  ,-3.83  ,-3.15
201804   ,3.66   ,1.09   ,2.24  ,-0.01   ,1.29   ,2.08   ,1.35  ,-0.96   ,1.69   ,0.66   ,0.33  ,-0.21  ,-0.45  ,-0.36   ,1.31   ,3.76  ,-0.34   ,0.60  ,-0.02  ,-1.78  ,-0.48   ,0.87   ,0.03  ,-0.33   ,2.07
201805   ,5.76   ,3.63   ,5.14   ,5.14   ,8.00   ,4.18   ,4.36   ,4.21   ,6.31  ,10.41   ,2.99   ,1.33   ,2.06   ,4.43   ,8.74   ,0.34   ,1.26   ,1.97   ,2.14   ,5.56  ,-0.73   ,2.05   ,2.48   ,2.02   ,5.83
201806   ,0.11   ,0.75  ,-0.21   ,1.09   ,1.37   ,3.14   ,1.51  ,-0.55  ,-0.11   ,0.28   ,0.94  ,-0.59   ,0.10   ,0.15   ,0.54   ,4.62   ,0.42  ,-0.23  ,-0.37  ,-1.48   ,3.22   ,0.31  ,-0.10   ,0.38  ,-0.43
201807   ,0.28   ,1.06   ,2.82   ,0.09   ,0.16   ,2.58   ,0.70   ,1.80   ,2.37   ,0.89   ,1.87   ,1.00   ,1.70   ,2.21   ,0.38   ,0.98   ,3.31   ,3.46   ,3.46   ,0.27   ,5.17   ,4.87   ,5.63   ,0.92   ,2.78
201808   ,2.09   ,2.21   ,1.66   ,2.01   ,7.58   ,2.15   ,2.10   ,2.20   ,3.43   ,6.45   ,0.96   ,3.26   ,2.47   ,2.11   ,8.69  ,-0.80  ,-1.20   ,1.27   ,2.94   ,8.97   ,0.78   ,0.81   ,2.18   ,5.20   ,7.30
201809  ,-1.41  ,-0.96  ,-3.21  ,-2.70  ,-2.11  ,-1.13  ,-3.17  ,-2.38  ,-2.57  ,-0.08  ,-0.85  ,-1.40  ,-2.87  ,-2.10  ,-2.08  ,-0.62  ,-0.94  ,-1.33   ,0.22   ,0.33   ,1.19   ,1.13   ,0.10  ,-0.07   ,1.58
201810 ,-12.42  ,-9.18  ,-8.80  ,-9.81 ,-13.28 ,-10.90  ,-9.31  ,-8.54 ,-11.85 ,-13.08 ,-11.93  ,-8.83 ,-10.62  ,-8.28 ,-11.22  ,-7.03  ,-7.82  ,-7.52  ,-8.88 ,-12.83  ,-5.03  ,-5.88  ,-5.34  ,-6.60 ,-10.27
201811  ,-0.99   ,0.12  ,-0.44  ,-0.09  ,-2.33   ,1.34   ,1.67   ,1.04   ,0.10   ,0.65   ,3.01   ,2.66   ,3.42   ,1.29  ,-2.25   ,3.90   ,2.63   ,0.81   ,3.51  ,-1.16  ,-0.04   ,3.44   ,4.27  ,-0.63   ,1.63
201812 ,-13.13 ,-10.76  ,-9.40  ,-9.19 ,-12.27 ,-12.84 ,-12.77  ,-9.81 ,-10.64 ,-12.31 ,-12.85 ,-10.60  ,-9.97 ,-10.75 ,-10.02 ,-11.12  ,-9.00 ,-10.29 ,-10.83  ,-8.35  ,-7.91 ,-10.36  ,-9.77  ,-7.89  ,-8.48
201901  ,15.89   ,9.47   ,9.20   ,8.00  ,10.94  ,16.02  ,11.23  ,10.00   ,8.87   ,8.56  ,15.89  ,14.35   ,8.82   ,9.06  ,12.08  ,12.62  ,10.75   ,9.24   ,9.15  ,11.47  ,14.73   ,9.43   ,7.32   ,5.27   ,7.42
201902   ,5.02   ,4.92   ,5.97   ,4.35   ,4.34   ,4.33   ,4.75   ,5.20   ,5.56   ,6.41   ,5.46   ,5.06   ,6.29   ,4.21   ,4.90   ,3.72   ,4.29   ,4.15   ,5.52   ,5.33   ,0.87   ,3.54   ,2.43   ,2.47   ,5.78
201903  ,-3.64  ,-4.14  ,-3.71  ,-2.42  ,-1.33  ,-3.42  ,-2.85  ,-2.34  ,-0.63  ,-1.20  ,-2.03  ,-2.35  ,-1.47  ,-0.22  ,-0.95  ,-1.95   ,0.52   ,0.68   ,1.97   ,1.13   ,1.00   ,1.14   ,1.66   ,2.55   ,1.93
201904   ,2.53   ,3.20   ,1.78   ,1.53   ,0.51   ,3.86   ,4.21   ,3.14   ,2.19   ,1.63   ,4.44   ,6.12   ,3.25   ,2.62   ,3.63   ,4.33   ,5.51   ,3.92   ,1.72   ,3.15   ,5.42   ,7.67   ,3.64   ,3.99   ,1.17
201905 ,-11.53  ,-7.96  ,-5.10  ,-4.83  ,-5.11 ,-12.37  ,-8.82  ,-8.92  ,-6.05  ,-5.78 ,-12.61  ,-9.43  ,-6.10  ,-4.20  ,-3.47 ,-14.26  ,-6.50  ,-3.27  ,-3.53  ,-4.56 ,-11.30  ,-7.75  ,-6.09  ,-5.46  ,-3.70
201906   ,7.12   ,6.02   ,5.74   ,7.16   ,5.81   ,8.89   ,7.62   ,7.87   ,7.24   ,7.72   ,9.66   ,7.78   ,7.83   ,6.10   ,6.16  ,11.35   ,6.80   ,6.64   ,7.68   ,7.37   ,8.35   ,8.09   ,6.79   ,6.11   ,6.35
201907  ,-1.84  ,-0.51   ,1.03   ,1.82  ,-1.56  ,-2.02   ,0.85   ,1.53   ,0.17   ,3.93   ,0.80   ,2.65   ,1.40   ,1.33   ,2.97   ,0.18   ,1.50   ,0.65   ,0.21   ,1.58   ,1.77   ,2.19   ,2.06   ,0.00   ,1.74
201908  ,-8.05  ,-4.91  ,-3.87  ,-4.38  ,-5.09  ,-8.65  ,-5.54  ,-1.02   ,0.13  ,-2.59 ,-11.37  ,-3.97  ,-3.01  ,-3.10  ,-2.64  ,-9.92  ,-3.12  ,-2.87   ,1.77  ,-0.47  ,-5.29  ,-5.31  ,-1.18   ,1.00   ,1.13
201909   ,4.77   ,3.95   ,2.03  ,-1.76  ,-5.69   ,5.39   ,3.24   ,2.29   ,0.88  ,-6.03   ,6.16   ,3.95   ,2.78   ,0.11  ,-2.48   ,4.59   ,3.65   ,3.28   ,1.79  ,-5.09   ,4.59   ,1.95   ,3.47   ,0.85  ,-2.09
201910  ,-0.98   ,2.66   ,2.18   ,2.88   ,4.70   ,1.40   ,3.47   ,3.39   ,2.68   ,4.14  ,-0.50   ,1.98   ,0.85  ,-0.94   ,0.91   ,2.12   ,2.27   ,0.02   ,1.41   ,1.59   ,5.05   ,4.44   ,1.86   ,1.13  ,-0.78
201911   ,3.67   ,4.91   ,2.90   ,5.22   ,4.52   ,5.92   ,3.85   ,2.40   ,4.65   ,4.54   ,4.91   ,4.55   ,3.06   ,2.86   ,6.89   ,5.07   ,3.40   ,4.62   ,3.60   ,4.78   ,6.39   ,4.29   ,3.68   ,2.43   ,2.33
201912   ,7.76   ,4.76   ,4.09   ,3.89   ,7.27   ,4.59   ,2.45   ,2.65   ,2.31   ,2.53   ,4.67   ,2.55   ,2.24   ,1.22   ,1.34   ,5.07   ,2.38   ,2.29   ,2.84  ,-0.11   ,3.68   ,1.70   ,2.78   ,2.61   ,4.52
202001  ,-7.29  ,-4.91  ,-5.58  ,-3.47  ,-3.90  ,-7.43  ,-3.20  ,-0.34  ,-2.17   ,0.77  ,-5.40  ,-3.03  ,-2.55  ,-0.29   ,0.21  ,-5.22  ,-1.91  ,-1.50  ,-0.01   ,1.73  ,-3.52   ,0.03   ,0.51   ,1.27   ,4.05
202002  ,-9.64  ,-8.87  ,-7.73  ,-8.83  ,-8.51 ,-10.60 ,-11.42  ,-8.00  ,-6.66  ,-7.01  ,-9.67 ,-10.65  ,-6.98  ,-8.39  ,-6.93  ,-7.41  ,-8.56  ,-9.64  ,-8.38  ,-6.86  ,-7.71  ,-7.98  ,-7.98  ,-8.84  ,-6.88
202003 ,-28.45 ,-25.14 ,-25.73 ,-24.54 ,-23.96 ,-25.88 ,-20.69 ,-21.67 ,-20.21 ,-21.57 ,-29.65 ,-20.71 ,-21.92 ,-21.74 ,-18.93 ,-25.39 ,-23.85 ,-15.69 ,-14.19 ,-15.54 ,-16.83 ,-13.38 ,-12.01 ,-10.70  ,-8.37
202004  ,22.31  ,14.19  ,14.90  ,17.66  ,22.10  ,23.71  ,13.79  ,12.28  ,19.77  ,19.57  ,19.02  ,13.78  ,10.56  ,15.05  ,13.18  ,16.34  ,13.79  ,12.42  ,11.69  ,16.27  ,13.53  ,10.79  ,13.23  ,11.21  ,14.16
202005   ,6.88   ,3.87   ,4.10   ,5.12  ,13.80   ,6.52   ,7.04   ,4.09   ,8.97   ,7.50   ,4.78   ,8.14   ,5.42   ,8.81   ,9.49   ,7.11   ,5.97   ,6.85   ,9.12  ,11.45   ,2.15   ,5.60   ,5.23   ,4.07   ,5.80
202006   ,5.24   ,2.84   ,3.08   ,8.36   ,8.85   ,3.93   ,3.89   ,1.05   ,2.65   ,6.34   ,4.77  ,-0.51   ,3.15  ,-0.87   ,0.83   ,2.69   ,1.92  ,-0.79   ,2.07   ,1.87   ,1.82  ,-2.76  ,-0.54   ,0.62   ,8.83
202007   ,1.12   ,3.23   ,5.88   ,3.55   ,7.19   ,0.98   ,7.16   ,6.14   ,7.81   ,4.55   ,0.99   ,3.94   ,5.19   ,3.63   ,9.41   ,1.71   ,6.65   ,6.73   ,8.56   ,7.71  ,-1.75   ,4.52   ,5.76   ,6.31   ,7.96
202008   ,8.41   ,6.46   ,6.13   ,2.46   ,4.13   ,6.38   ,2.63   ,3.13   ,6.92   ,6.35   ,7.35   ,4.62   ,4.87   ,2.52   ,3.47   ,5.37   ,3.96   ,4.50   ,2.88   ,0.54   ,5.32   ,5.05   ,4.66   ,7.82  ,12.72
202009  ,-6.87  ,-4.60  ,-2.95  ,-2.69  ,-2.79  ,-6.20  ,-3.18  ,-2.19  ,-2.48  ,-2.33  ,-3.13  ,-3.81  ,-2.62  ,-1.99   ,0.04  ,-3.86  ,-0.91  ,-1.88  ,-2.24  ,-0.39  ,-6.22  ,-1.52  ,-1.49  ,-3.56  ,-6.74
202010   ,3.28   ,2.02   ,3.28   ,1.82  ,-1.43   ,6.15   ,2.66   ,1.62   ,2.01   ,0.13   ,2.48   ,2.59   ,1.49   ,0.65   ,2.81   ,0.95   ,0.72  ,-0.88   ,0.52  ,-1.10  ,-0.30  ,-3.88  ,-3.21  ,-1.71  ,-4.41
202011  ,24.90  ,16.58  ,17.37  ,16.23  ,18.59  ,23.27  ,16.59  ,14.60  ,15.86  ,15.80  ,20.65  ,14.29  ,12.27  ,11.64  ,14.32  ,22.68  ,11.48  ,10.08  ,10.60   ,9.77  ,20.95  ,13.45  ,11.32   ,9.37   ,9.85
202012  ,10.21   ,6.21  ,10.46   ,9.54  ,11.64   ,8.05   ,8.07   ,9.50  ,10.12   ,7.96   ,8.37   ,4.38   ,5.39   ,6.67   ,6.29   ,7.12   ,3.54   ,3.61   ,4.61   ,7.33   ,5.94   ,3.41   ,4.05   ,1.28   ,5.43
202101   ,7.68   ,6.29   ,4.40   ,7.83  ,21.60   ,1.99   ,1.54   ,0.09   ,5.83  ,10.11   ,0.62   ,0.45   ,1.10   ,2.19   ,8.42   ,0.13  ,-1.91  ,-2.34  ,-0.80   ,2.78  ,-0.07  ,-2.39  ,-5.01   ,0.53   ,0.55
202102  ,12.25   ,9.54   ,9.36   ,8.18   ,9.02  ,11.59  ,10.39   ,7.59   ,8.01   ,1.45  ,10.10   ,6.94   ,6.78   ,1.58   ,2.41   ,8.81   ,6.81   ,2.49   ,2.54   ,2.24   ,9.49   ,3.32   ,4.36   ,1.47  ,-2.62
202103   ,3.97   ,2.89   ,2.93   ,2.84  ,-2.19   ,5.31   ,4.68   ,4.71   ,1.01  ,-1.08   ,4.88   ,3.59   ,5.27   ,2.43  ,-5.37   ,7.71   ,6.33   ,6.43   ,4.02  ,-4.05   ,6.91   ,6.31   ,7.01   ,2.05  ,-2.30
202104   ,0.03   ,1.44   ,3.08   ,2.19   ,2.86   ,1.77   ,1.16   ,2.82   ,1.98   ,2.50   ,2.44   ,4.10   ,3.23   ,5.05   ,3.41   ,3.79   ,5.91   ,6.31   ,4.64   ,4.31   ,2.11   ,6.07   ,7.69   ,4.95   ,5.42
202105   ,1.91   ,2.27   ,3.27   ,3.13   ,3.13  ,-0.38   ,2.18   ,1.39   ,0.90   ,3.32   ,0.00   ,0.16   ,0.73   ,1.43  ,-1.31   ,1.55  ,-0.25   ,1.91   ,2.40  ,-0.27   ,1.14  ,-0.24   ,2.10   ,0.62  ,-2.36
202106   ,0.75   ,0.50  ,-0.82   ,0.38   ,3.38   ,1.16   ,1.58  ,-0.48  ,-0.58   ,2.68   ,1.71   ,0.50  ,-0.45  ,-0.36   ,2.91   ,0.72   ,0.94   ,0.66   ,0.15   ,1.53   ,0.78   ,3.44   ,2.02   ,5.01   ,3.82
202107  ,-5.37  ,-2.60  ,-3.70  ,-4.29  ,-6.11  ,-3.04  ,-1.52  ,-1.47  ,-2.14  ,-5.14  ,-0.14   ,0.83  ,-0.42  ,-1.36  ,-4.33   ,1.26   ,1.88   ,1.36  ,-1.21  ,-4.11   ,1.20   ,3.76   ,2.17   ,1.76   ,1.29
202108   ,1.00   ,1.65   ,1.05   ,1.60   ,2.02   ,0.24   ,0.66   ,1.53   ,2.08   ,3.00  ,-1.61   ,1.27   ,2.12   ,1.53   ,2.51   ,1.33   ,2.30   ,2.62   ,3.03   ,5.50   ,1.99   ,3.16   ,2.20   ,3.50   ,4.23
202109  ,-2.66  ,-4.49  ,-2.41  ,-1.11  ,-0.51  ,-4.50  ,-3.33  ,-3.76  ,-1.86  ,-1.58  ,-3.52  ,-0.88  ,-3.63  ,-2.71  ,-2.92  ,-5.51  ,-3.50  ,-3.32  ,-3.38  ,-1.68  ,-4.57  ,-5.78  ,-3.80  ,-4.43  ,-4.11
202110   ,0.76   ,1.69   ,3.33   ,3.85   ,4.77   ,2.65   ,3.77   ,4.11   ,3.17   ,5.58   ,2.97   ,4.49   ,4.37   ,4.13   ,6.26   ,4.48   ,4.28   ,4.34   ,5.72   ,7.92   ,3.21   ,6.43   ,6.90  ,13.35   ,8.81
202111  ,-8.13  ,-3.31  ,-4.14  ,-3.60  ,-5.49  ,-6.73  ,-3.20  ,-4.55  ,-2.25  ,-4.53  ,-9.12  ,-5.48  ,-3.48  ,-2.98  ,-4.74  ,-5.38  ,-2.93  ,-3.91  ,-3.37  ,-3.40  ,-1.28  ,-1.86   ,1.01  ,-0.92  ,-2.98
202112  ,-2.37   ,2.83   ,2.82   ,3.00   ,1.71   ,1.35   ,4.31   ,5.63   ,4.19   ,1.88   ,2.47   ,6.43   ,5.74   ,4.32   ,0.26   ,4.29   ,6.22   ,4.25   ,4.11   ,0.21   ,7.35   ,4.39   ,4.53   ,4.32  ,-1.83
202201 ,-11.24  ,-6.51  ,-4.40  ,-4.00  ,-7.88 ,-10.06  ,-5.50  ,-4.74  ,-5.08  ,-9.50  ,-8.48  ,-4.36  ,-5.39  ,-8.18  ,-9.67  ,-4.28  ,-4.09  ,-5.01  ,-6.08  ,-7.02  ,-1.88  ,-3.76  ,-4.95  ,-7.94  ,-7.42
202202   ,0.31   ,1.86   ,0.29   ,0.52   ,5.08   ,0.19   ,0.94   ,0.96   ,2.40   ,2.03  ,-0.34   ,1.24   ,0.57  ,-0.35   ,2.70  ,-2.49  ,-1.89  ,-0.06  ,-1.31   ,3.07  ,-1.81  ,-2.98  ,-5.57  ,-1.24  ,-1.78
202203   ,1.10   ,2.15   ,3.34   ,1.22   ,4.23   ,1.80   ,0.40   ,0.73   ,0.85   ,5.05   ,1.01   ,0.87   ,0.70   ,0.80   ,2.59   ,0.88   ,0.10   ,2.13   ,4.50   ,4.81  ,-1.11   ,3.25   ,2.74   ,3.99   ,5.29
202204 ,-15.96  ,-6.64  ,-7.71  ,-7.57  ,-6.47 ,-13.77  ,-7.55  ,-6.33  ,-8.38  ,-6.68 ,-11.06  ,-6.10  ,-7.57  ,-7.74  ,-8.48 ,-11.62  ,-7.15  ,-6.51  ,-6.93  ,-9.62 ,-13.52 ,-10.66  ,-3.95  ,-7.62 ,-11.14
202205  ,-3.98  ,-0.92   ,0.64   ,0.22  ,-0.22  ,-1.72   ,1.11   ,0.56   ,0.92   ,4.23  ,-1.52   ,0.70   ,0.42   ,1.40   ,2.15  ,-2.42  ,-0.46   ,0.32   ,0.10   ,2.69  ,-0.13   ,0.93  ,-0.94  ,-0.69   ,0.01
202206 ,-10.61  ,-8.04  ,-4.43  ,-8.94 ,-12.74  ,-9.16  ,-7.50  ,-6.54  ,-8.86 ,-12.70 ,-11.56  ,-8.98  ,-7.52  ,-7.24 ,-12.69 ,-12.04  ,-9.70  ,-7.72  ,-6.72 ,-12.61 ,-11.79  ,-9.45  ,-7.33  ,-7.58  ,-7.07
202207  ,10.02   ,8.72   ,6.19   ,8.11   ,9.55  ,11.39   ,9.00   ,9.95   ,7.67  ,10.02  ,12.69  ,10.68  ,10.22   ,7.93   ,8.78  ,10.98   ,9.92   ,8.46   ,6.87   ,7.95  ,14.73   ,7.78   ,9.95  ,10.07   ,4.11
202208  ,-0.81  ,-0.27  ,-2.50  ,-1.50   ,0.76  ,-2.53  ,-5.28  ,-2.24  ,-4.14   ,1.57  ,-4.90  ,-5.61  ,-3.12  ,-1.09   ,0.49  ,-4.07  ,-4.45  ,-2.70  ,-2.49   ,1.30  ,-3.94  ,-6.28  ,-4.16  ,-4.04  ,-1.50
202209 ,-11.73 ,-10.98  ,-7.91  ,-6.75 ,-10.66 ,-11.84 ,-11.45  ,-9.70  ,-7.68  ,-8.55  ,-9.94 ,-10.41  ,-8.60  ,-8.62  ,-9.71 ,-12.65 ,-10.26  ,-8.06  ,-8.25  ,-8.65 ,-12.21 ,-10.93  ,-8.64  ,-8.71  ,-5.71
202210   ,6.44  ,10.80   ,7.45  ,11.53  ,13.50   ,7.78  ,10.79  ,11.11  ,12.49  ,13.04   ,6.54   ,7.95   ,9.95  ,11.13  ,11.37   ,3.31   ,8.87   ,8.24   ,8.21  ,11.35   ,9.28   ,2.97   ,8.10   ,7.46  ,14.09
202211  ,-0.39   ,4.55   ,2.95   ,1.52   ,1.27   ,4.05   ,6.06   ,3.68   ,4.33   ,1.81   ,3.77   ,9.04   ,4.15   ,3.24   ,1.82   ,3.45   ,9.62   ,6.69   ,6.28   ,4.21   ,9.21   ,4.78   ,8.97   ,3.71   ,2.13
202212  ,-9.18  ,-3.99  ,-1.51  ,-3.88  ,-1.63  ,-8.50  ,-3.21  ,-5.44  ,-4.76  ,-6.57  ,-5.92  ,-4.85  ,-6.27  ,-4.82  ,-6.48  ,-7.69  ,-3.79  ,-3.49  ,-3.19  ,-5.76 ,-12.66  ,-5.33  ,-6.85  ,-3.01  ,-3.21
202301  ,19.90  ,11.18   ,7.86   ,4.86   ,5.07  ,18.40  ,13.10   ,8.13   ,6.52   ,5.08  ,17.76  ,13.56  ,10.36   ,5.68   ,3.94  ,14.99   ,9.97   ,5.70   ,5.89   ,3.12  ,19.76   ,7.29   ,4.58   ,0.59   ,0.22
202302  ,-6.00  ,-1.97  ,-1.53  ,-1.11  ,-2.17  ,-4.12  ,-1.94  ,-0.78  ,-2.26   ,0.64  ,-3.36  ,-2.80  ,-1.24  ,-1.15  ,-1.60  ,-2.45  ,-4.20  ,-2.24  ,-3.99  ,-2.07  ,-1.26  ,-0.56  ,-2.99  ,-2.93  ,-4.42
202303  ,-6.77  ,-6.21  ,-3.78  ,-3.91  ,-3.48  ,-4.18  ,-4.58  ,-2.23  ,-1.23  ,-4.01  ,-5.40  ,-3.14  ,-2.13  ,-1.64  ,-2.84  ,-0.96  ,-2.95   ,1.08   ,0.29  ,-0.40   ,9.92   ,3.24   ,1.70   ,1.94   ,1.35
202304  ,-3.73  ,-3.02  ,-3.40  ,-0.93  ,-2.03  ,-2.30  ,-1.75  ,-1.44  ,-0.98   ,0.32  ,-2.66  ,-1.94   ,1.27   ,0.73  ,-0.90  ,-3.03   ,0.57   ,0.78  ,-0.58  ,-0.99  ,-0.35   ,2.49   ,1.44   ,2.41   ,2.19
202305  ,-0.22  ,-2.26  ,-1.30  ,-0.42   ,0.91  ,-2.02  ,-2.58  ,-2.16  ,-3.07   ,0.10  ,-2.43  ,-2.73  ,-3.24  ,-2.65  ,-0.67   ,2.48  ,-6.34  ,-3.68  ,-2.61  ,-0.98   ,3.44  ,-0.42   ,0.46   ,0.98   ,3.46
202306   ,7.91   ,6.30   ,4.51   ,6.36   ,4.39  ,10.01   ,7.60   ,7.70   ,7.32   ,7.34   ,9.47   ,8.05   ,7.98   ,9.76   ,8.37   ,8.61   ,5.97   ,8.43   ,7.32   ,8.63  ,10.38   ,4.43   ,5.72   ,6.67   ,8.20
202307   ,8.99   ,4.97   ,4.69   ,4.72   ,3.91  ,10.40   ,5.59   ,3.48   ,4.65   ,5.30   ,7.66   ,5.09   ,3.93   ,2.38   ,1.38   ,6.65   ,4.64   ,1.94   ,1.14   ,2.90   ,3.41   ,4.20   ,4.79   ,1.61   ,4.19
202308  ,-7.09  ,-5.10  ,-4.31  ,-4.05  ,-5.83  ,-7.17  ,-5.61  ,-3.38  ,-3.25  ,-3.35  ,-3.61  ,-2.49  ,-2.84  ,-2.10  ,-2.78  ,-5.67  ,-5.02  ,-1.31  ,-3.49  ,-3.02  ,-4.82  ,-1.77  ,-0.11  ,-2.04   ,1.81
202309  ,-7.22  ,-3.43  ,-4.48  ,-6.74  ,-6.55  ,-7.31  ,-4.30  ,-3.84  ,-4.55  ,-7.43  ,-7.14  ,-3.30  ,-2.95  ,-6.05  ,-6.46  ,-4.33  ,-4.54  ,-4.95  ,-3.90  ,-5.43  ,-4.01  ,-3.18  ,-3.00  ,-4.79  ,-6.53
202310  ,-9.08  ,-6.10  ,-5.28  ,-6.27  ,-6.61  ,-7.12  ,-5.22  ,-5.51  ,-6.00  ,-7.21  ,-7.65  ,-5.05  ,-5.48  ,-5.50  ,-7.82  ,-5.15  ,-3.18  ,-3.88  ,-4.42  ,-6.92  ,-4.24  ,-4.18  ,-0.03  ,-0.72  ,-2.81
202311   ,9.20   ,9.19   ,6.90   ,9.24   ,9.89   ,8.70   ,8.82   ,7.44   ,8.44  ,11.56   ,7.32   ,9.10   ,9.69   ,8.64   ,9.75   ,9.36   ,6.39   ,9.58  ,11.26  ,13.68   ,5.92   ,7.22   ,8.75   ,8.08  ,12.24
202312  ,15.54  ,11.21  ,10.88   ,8.63  ,10.51  ,14.18  ,10.91   ,9.56   ,9.21  ,10.37  ,13.75   ,9.24   ,7.40   ,6.70  ,10.38  ,10.47   ,6.45   ,5.42   ,5.89   ,5.53   ,8.37   ,5.25   ,3.63   ,2.93   ,3.83
202401  ,-6.17  ,-3.57  ,-2.12  ,-0.66  ,-1.74  ,-6.11  ,-4.02  ,-3.27  ,-2.59  ,-2.30  ,-2.93  ,-1.27  ,-1.76  ,-1.50  ,-2.00  ,-3.88  ,-1.79  ,-4.04   ,0.14   ,2.48  ,-1.68   ,0.56   ,3.02   ,2.94   ,3.08
202402   ,3.72   ,1.85   ,4.99   ,5.16   ,6.93   ,1.04   ,1.08   ,2.70   ,5.00   ,7.88   ,0.93   ,3.49   ,3.07   ,7.72  ,11.49   ,2.03   ,4.38   ,5.88   ,4.92  ,11.08   ,2.61   ,0.70   ,3.73   ,4.08   ,8.33
202403   ,2.82   ,3.62   ,2.67   ,5.13   ,2.79   ,4.90   ,2.49   ,3.27   ,4.46   ,4.38   ,4.68   ,4.55   ,4.20   ,4.50   ,1.67   ,4.86   ,4.78   ,4.48   ,3.28   ,3.79   ,2.13   ,5.32   ,2.77   ,1.25   ,3.59
202404  ,-7.13  ,-5.22  ,-6.03  ,-6.77  ,-7.63  ,-4.97  ,-7.15  ,-5.49  ,-4.28  ,-5.82  ,-5.51  ,-5.82  ,-8.31  ,-4.96  ,-7.12  ,-2.70  ,-4.46  ,-4.04  ,-4.59  ,-5.59  ,-0.82  ,-2.71  ,-4.60  ,-4.30  ,-4.86
202405   ,5.60   ,3.83   ,5.45   ,4.25   ,2.60   ,4.24   ,3.51   ,4.23   ,5.84   ,6.18   ,2.97  ,-0.03   ,4.38   ,2.92   ,3.10   ,2.61   ,3.15   ,2.35   ,0.55   ,6.46   ,2.53   ,4.79   ,2.76   ,4.42   ,8.74
202406  ,-3.08  ,-0.64  ,-1.06  ,-1.45  ,-3.75  ,-1.51  ,-2.18  ,-0.87  ,-0.44  ,-2.53  ,-1.10  ,-1.17  ,-2.15   ,0.51  ,-1.49  ,-2.10  ,-1.18  ,-0.46  ,-0.97  ,-2.13   ,4.39   ,1.69   ,2.94   ,3.84   ,7.86
202407   ,9.80   ,9.70  ,10.70  ,10.28   ,8.31   ,5.48   ,8.18   ,8.79   ,9.71   ,8.16   ,6.10   ,6.99   ,5.78   ,4.85   ,3.15   ,3.31   ,5.42   ,4.59   ,4.50   ,3.34   ,5.01   ,5.79   ,0.68   ,1.93  ,-4.38
202408  ,-4.82  ,-0.99  ,-0.41  ,-0.67  ,-0.39  ,-1.66  ,-0.84  ,-0.11   ,0.18   ,1.29  ,-0.63   ,0.02  ,-0.26   ,2.11   ,2.42   ,1.49   ,2.98   ,1.68   ,2.99   ,0.64  ,-0.60   ,2.18   ,3.93   ,4.30   ,1.85
202409   ,0.49  ,-0.43   ,0.41   ,0.46   ,0.15   ,2.33   ,1.20   ,1.47   ,1.12   ,2.48   ,2.24   ,2.24   ,2.62   ,0.21   ,4.08  ,-0.05   ,2.53   ,2.50   ,1.63   ,5.51   ,4.19   ,1.88   ,1.60   ,2.45   ,1.76
202410  ,-2.22  ,-1.02   ,0.60  ,-0.20   ,1.09  ,-2.73  ,-1.17   ,0.53  ,-0.95  ,-0.57  ,-1.30  ,-1.04  ,-0.61   ,1.47  ,-1.90  ,-2.20  ,-2.68  ,-1.20  ,-0.02   ,2.09  ,-1.74  ,-1.94  ,-2.10   ,0.09   ,1.97
202411  ,10.53   ,8.53   ,8.33  ,11.16   ,8.43   ,9.82   ,7.03   ,9.48  ,11.74  ,12.62   ,7.73   ,6.33   ,7.41   ,6.12  ,11.18   ,6.87   ,4.80   ,6.41   ,8.40  ,10.94   ,4.45   ,5.85   ,6.39   ,7.79   ,6.69
202412  ,-5.44  ,-5.75  ,-3.32  ,-6.85  ,-8.41  ,-5.95  ,-7.85  ,-6.54  ,-9.18  ,-9.83  ,-5.17  ,-5.84  ,-6.30  ,-7.57  ,-6.93  ,-5.50  ,-6.28  ,-6.73  ,-7.58  ,-7.68  ,-2.70  ,-3.69   ,0.84  ,-6.09  ,-0.45
202501   ,1.32   ,1.33   ,0.71   ,3.15   ,1.58   ,2.08   ,2.67   ,4.16   ,2.78   ,3.17   ,2.81   ,4.74   ,2.83   ,4.50   ,5.85   ,1.63   ,3.95   ,3.40   ,4.31   ,7.82   ,2.45   ,2.96   ,1.55   ,4.75   ,3.00
202502  ,-7.38  ,-5.20  ,-3.18  ,-3.16  ,-6.10  ,-6.50  ,-4.35  ,-2.06  ,-1.64  ,-6.82  ,-3.43  ,-6.05  ,-3.82  ,-2.84  ,-5.68  ,-1.44   ,0.63   ,1.14  ,-0.37  ,-5.70   ,1.78  ,-1.36   ,4.10  ,-3.38  ,-5.01
202503  ,-8.02  ,-5.32  ,-3.98  ,-4.86  ,-6.55  ,-5.38  ,-3.38  ,-3.22  ,-5.16  ,-6.39  ,-4.42  ,-4.52  ,-4.23  ,-5.05  ,-8.56  ,-3.56  ,-2.18  ,-0.89  ,-3.41  ,-7.87  ,-2.67  ,-2.78  ,-2.44  ,-7.68 ,-10.30
202504  ,-3.55  ,-2.75  ,-1.49  ,-1.70   ,0.56  ,-4.28  ,-2.90  ,-0.74  ,-1.32   ,1.23  ,-3.03  ,-2.48  ,-1.38   ,0.86   ,2.10  ,-4.23   ,1.14  ,-1.12  ,-0.72   ,0.91  ,-4.65  ,-1.62  ,-0.48   ,0.24   ,2.09
202505   ,4.48   ,6.19   ,4.36   ,4.11  ,10.54   ,6.45   ,7.00   ,4.71   ,5.14   ,6.06   ,4.14   ,5.35   ,6.43   ,7.83   ,5.47   ,6.45   ,4.70   ,5.37   ,6.16   ,5.71   ,3.87   ,6.46   ,4.98   ,7.62   ,7.94
202506   ,6.30   ,5.54   ,5.69   ,4.48   ,6.16   ,5.74   ,3.89   ,3.44   ,2.51   ,7.19   ,6.16   ,3.59   ,3.37   ,3.78   ,5.76   ,4.71   ,2.58   ,3.26   ,2.10   ,3.15   ,8.35   ,8.39   ,3.53   ,4.45   ,3.80
202507   ,3.60   ,0.85   ,0.55   ,1.54  ,-0.95   ,2.31   ,1.60   ,1.24   ,1.39   ,1.70   ,2.05   ,0.55   ,1.72   ,0.10   ,4.55   ,2.80   ,2.85   ,0.95   ,2.75  ,-0.62  ,-2.54   ,4.15   ,4.87   ,0.32   ,0.54
202508   ,8.91   ,8.18   ,9.68   ,8.10   ,8.28   ,4.88   ,6.70   ,5.41   ,5.57   ,3.79   ,5.05   ,4.20   ,3.04   ,0.33   ,2.59   ,3.20   ,1.58   ,3.36   ,1.94   ,2.69   ,8.52   ,5.86  ,-0.60   ,0.91  ,-1.01
202509   ,1.50  ,-1.11   ,1.95   ,3.42   ,8.84  ,-0.88  ,-0.95   ,0.14   ,3.03   ,8.29  ,-0.47  ,-1.07  ,-0.09   ,1.53   ,8.65  ,-2.22   ,0.50   ,0.52   ,1.16   ,6.37   ,0.91   ,3.29   ,5.37   ,1.07   ,8.74
202510   ,1.84  ,-1.03  ,-0.67   ,0.50   ,2.26  ,-0.27  ,-0.97  ,-2.56  ,-1.55   ,1.96  ,-0.85  ,-1.54  ,-1.03  ,-1.81   ,3.74   ,0.06  ,-2.37  ,-1.10  ,-1.09   ,4.29   ,2.80   ,3.41  ,-0.30   ,3.26   ,4.35
